time-stamp,seed,smt-result,error-message,smt-time,total-time
2026-04-13 18:51:53.219602564 UTC,1337121178216716706,Unsat,,0.02932386s,4.894315479
