elapsed_s verified total ratio
0.000 1 1 1.000000
8.722 2 2 1.000000
14.513 3 3 1.000000
20.146 4 4 1.000000
25.687 5 5 1.000000
30.896 6 6 1.000000
35.776 7 7 1.000000
41.011 8 8 1.000000
45.864 9 9 1.000000
50.911 9 10 0.900000
102.180 10 11 0.909091
107.478 11 12 0.916667
112.827 12 13 0.923077
118.129 13 14 0.928571
123.107 14 15 0.933333
128.459 15 16 0.937500
133.835 16 17 0.941176
139.095 17 18 0.944444
144.429 18 19 0.947368
149.899 19 20 0.950000
155.160 19 21 0.904762
206.528 20 22 0.909091
211.384 21 23 0.913043
216.838 22 24 0.916667
232.820 23 25 0.920000
238.124 24 26 0.923077
242.927 25 27 0.925926
248.254 26 28 0.928571
253.613 27 29 0.931034
259.172 28 30 0.933333
264.646 29 31 0.935484
269.602 30 32 0.937500
274.456 31 33 0.939394
279.875 32 34 0.941176
285.328 33 35 0.942857
290.867 34 36 0.944444
295.644 35 37 0.945946
300.648 36 38 0.947368
305.662 37 39 0.948718
310.526 38 40 0.950000
315.864 39 41 0.951220
320.765 39 42 0.928571
371.718 39 43 0.906977
423.109 40 44 0.909091
428.432 41 45 0.911111
433.786 42 46 0.913043
438.698 43 47 0.914894
443.960 44 48 0.916667
449.233 45 49 0.918367
454.808 46 50 0.920000
471.743 47 51 0.921569
476.674 48 52 0.923077
481.968 49 53 0.924528
487.172 50 54 0.925926
491.981 51 55 0.927273
497.437 52 56 0.928571
527.107 53 57 0.929825
532.001 54 58 0.931034
536.974 55 59 0.932203
541.891 56 60 0.933333
547.346 57 61 0.934426
592.531 58 62 0.935484
598.031 59 63 0.936508
603.366 60 64 0.937500
608.647 61 65 0.938462
614.024 62 66 0.939394
618.817 63 67 0.940299
624.119 64 68 0.941176
629.065 65 69 0.942029
634.009 66 70 0.942857
639.212 67 71 0.943662
644.017 68 72 0.944444
648.828 69 73 0.945205
654.123 69 74 0.932432
708.572 70 75 0.933333
713.510 71 76 0.934211
753.379 71 77 0.922078
803.467 72 78 0.923077
808.283 73 79 0.924051
813.596 74 80 0.925000
818.940 75 81 0.925926
824.457 76 82 0.926829
829.623 77 83 0.927711
835.178 78 84 0.928571
840.156 79 85 0.929412
845.405 80 86 0.930233
850.781 81 87 0.931034
856.386 82 88 0.931818
861.420 83 89 0.932584
866.378 84 90 0.933333
871.320 85 91 0.934066
876.762 86 92 0.934783
881.671 87 93 0.935484
886.586 88 94 0.936170
891.353 89 95 0.936842
896.245 90 96 0.937500
901.647 91 97 0.938144
906.924 92 98 0.938776
912.252 93 99 0.939394
918.681 94 100 0.940000
923.915 95 101 0.940594
946.719 96 102 0.941176
952.059 97 103 0.941748
956.954 98 104 0.942308
961.758 99 105 0.942857
966.704 100 106 0.943396
972.015 101 107 0.943925
977.405 101 108 0.935185
1029.555 101 109 0.926606
1080.834 102 110 0.927273
1086.321 103 111 0.927928
1091.160 104 112 0.928571
1103.598 105 113 0.929204
1125.450 106 114 0.929825
1130.904 106 115 0.921739
1184.065 107 116 0.922414
1189.416 108 117 0.923077
1194.468 109 118 0.923729
1200.143 110 119 0.924370
1205.505 111 120 0.925000
1211.094 112 121 0.925620
1216.490 113 122 0.926230
1221.751 114 123 0.926829
1227.217 115 124 0.927419
1238.520 116 125 0.928000
1243.838 117 126 0.928571
1248.805 118 127 0.929134
1254.165 118 128 0.921875
1307.040 119 129 0.922481
1312.422 119 130 0.915385
1364.191 120 131 0.916031
1369.539 121 132 0.916667
1375.181 122 133 0.917293
1380.066 123 134 0.917910
1385.439 124 135 0.918519
1393.624 125 136 0.919118
1398.948 126 137 0.919708
1403.826 127 138 0.920290
1408.793 128 139 0.920863
1414.336 129 140 0.921429
1419.142 130 141 0.921986
1424.525 131 142 0.922535
1430.187 132 143 0.923077
1435.601 133 144 0.923611
1441.339 134 145 0.924138
1455.362 135 146 0.924658
1460.348 135 147 0.918367
1511.345 136 148 0.918919
1516.594 136 149 0.912752
1567.110 137 150 0.913333
1572.605 137 151 0.907285
1623.115 137 152 0.901316
1675.081 138 153 0.901961
1680.316 139 154 0.902597
1685.812 140 155 0.903226
1690.693 141 156 0.903846
1696.737 142 157 0.904459
1701.586 143 158 0.905063
1707.024 143 159 0.899371
1757.334 144 160 0.900000
1762.335 145 161 0.900621
1768.126 146 162 0.901235
1773.781 147 163 0.901840
1779.171 148 164 0.902439
1784.069 149 165 0.903030
1788.959 150 166 0.903614
1794.517 151 167 0.904192
1799.506 152 168 0.904762
1804.467 153 169 0.905325
1834.687 154 170 0.905882
1840.432 155 171 0.906433
1845.469 156 172 0.906977
1850.925 157 173 0.907514
1856.491 158 174 0.908046
1862.178 159 175 0.908571
1867.745 160 176 0.909091
1872.675 161 177 0.909605
1878.068 162 178 0.910112
1883.026 163 179 0.910615
1887.964 164 180 0.911111
1893.631 165 181 0.911602
1898.986 166 182 0.912088
1904.468 167 183 0.912568
1910.312 168 184 0.913043
1915.800 169 185 0.913514
1920.743 169 186 0.908602
1972.105 170 187 0.909091
1977.402 171 188 0.909574
1983.141 172 189 0.910053
1988.801 173 190 0.910526
1993.788 174 191 0.910995
1999.250 175 192 0.911458
2004.242 176 193 0.911917
2009.769 177 194 0.912371
2015.141 178 195 0.912821
2020.687 179 196 0.913265
2026.311 180 197 0.913706
2031.866 181 198 0.914141
2038.407 181 199 0.909548
2091.052 182 200 0.910000
2096.486 183 201 0.910448
2101.824 184 202 0.910891
2106.714 184 203 0.906404
2158.473 184 204 0.901961
2211.868 185 205 0.902439
2217.353 186 206 0.902913
2222.769 186 207 0.898551
2275.132 187 208 0.899038
2290.528 188 209 0.899522
2295.982 189 210 0.900000
2301.372 190 211 0.900474
2306.366 191 212 0.900943
2311.307 192 213 0.901408
2316.298 193 214 0.901869
2321.870 194 215 0.902326
2327.027 195 216 0.902778
2332.411 196 217 0.903226
2337.928 196 218 0.899083
2389.185 197 219 0.899543
2394.137 198 220 0.900000
2399.528 199 221 0.900452
2405.271 200 222 0.900901
2410.497 201 223 0.901345
2415.517 202 224 0.901786
2421.074 203 225 0.902222
2426.876 203 226 0.898230
2480.735 204 227 0.898678
2485.658 204 228 0.894737
2541.559 205 229 0.895197
2546.928 206 230 0.895652
2552.303 206 231 0.891775
2604.031 207 232 0.892241
2609.645 208 233 0.892704
2615.543 209 234 0.893162
2620.514 210 235 0.893617
2626.004 211 236 0.894068
2632.763 212 237 0.894515
2637.832 212 238 0.890756
2688.477 213 239 0.891213
2694.085 214 240 0.891667
2699.001 215 241 0.892116
2704.383 216 242 0.892562
2709.394 217 243 0.893004
2714.771 218 244 0.893443
2720.470 219 245 0.893878
2725.912 220 246 0.894309
2731.366 221 247 0.894737
2736.356 222 248 0.895161
2741.888 222 249 0.891566
2794.176 223 250 0.892000
2799.632 223 251 0.888446
2852.438 224 252 0.888889
2857.398 225 253 0.889328
2862.417 226 254 0.889764
2868.048 227 255 0.890196
2873.298 228 256 0.890625
2878.327 229 257 0.891051
2883.381 229 258 0.887597
2934.308 230 259 0.888031
2939.409 231 260 0.888462
2944.615 232 261 0.888889
2949.866 233 262 0.889313
2954.974 233 263 0.885932
3009.431 233 264 0.882576
3060.612 234 265 0.883019
3066.113 234 266 0.879699
3117.798 235 267 0.880150
3122.790 236 268 0.880597
3128.391 237 269 0.881041
3133.861 237 270 0.877778
3185.421 238 271 0.878229
3190.956 239 272 0.878676
3195.988 240 273 0.879121
3201.348 241 274 0.879562
3206.871 242 275 0.880000
3212.389 243 276 0.880435
3218.266 244 277 0.880866
3223.635 245 278 0.881295
3228.812 246 279 0.881720
3234.199 247 280 0.882143
3239.113 248 281 0.882562
3244.134 249 282 0.882979
3249.439 250 283 0.883392
3260.107 251 284 0.883803
3265.551 251 285 0.880702
3317.637 252 286 0.881119
3322.653 253 287 0.881533
3328.168 254 288 0.881944
3333.190 255 289 0.882353
3338.475 256 290 0.882759
3343.509 257 291 0.883162
3348.699 258 292 0.883562
3354.872 259 293 0.883959
3360.434 259 294 0.880952
3411.828 260 295 0.881356
3416.826 261 296 0.881757
3422.323 262 297 0.882155
3427.408 263 298 0.882550
3432.506 264 299 0.882943
3438.898 265 300 0.883333
3443.893 266 301 0.883721
3449.387 267 302 0.884106
3454.438 268 303 0.884488
3459.928 269 304 0.884868
3465.493 270 305 0.885246
3471.119 271 306 0.885621
3476.861 272 307 0.885993
3482.296 273 308 0.886364
3487.723 274 309 0.886731
3493.694 275 310 0.887097
3510.591 276 311 0.887460
3516.265 277 312 0.887821
3521.856 278 313 0.888179
3527.403 279 314 0.888535
3532.917 280 315 0.888889
3537.845 281 316 0.889241
3543.202 282 317 0.889590
3548.284 282 318 0.886792
3599.486 283 319 0.887147
3605.011 283 320 0.884375
3656.423 283 321 0.881620
3707.744 284 322 0.881988
3713.336 285 323 0.882353
3718.776 286 324 0.882716
3723.606 287 325 0.883077
3728.927 288 326 0.883436
3734.313 289 327 0.883792
3739.714 290 328 0.884146
3745.585 291 329 0.884498
3750.967 292 330 0.884848
3755.917 293 331 0.885196
3761.409 294 332 0.885542
3766.910 295 333 0.885886
3772.384 295 334 0.883234
3829.996 295 335 0.880597
3881.877 296 336 0.880952
3886.822 297 337 0.881306
3892.280 298 338 0.881657
3897.320 299 339 0.882006
3902.312 299 340 0.879412
3954.000 300 341 0.879765
3959.390 300 342 0.877193
4010.278 301 343 0.877551
4017.698 301 344 0.875000
4070.774 301 345 0.872464
4122.055 302 346 0.872832
4127.093 303 347 0.873199
4132.490 304 348 0.873563
4137.961 305 349 0.873926
4143.387 306 350 0.874286
4167.284 307 351 0.874644
4173.180 308 352 0.875000
4178.387 309 353 0.875354
4183.851 310 354 0.875706
4188.923 311 355 0.876056
4194.493 312 356 0.876404
4199.509 313 357 0.876751
4205.022 314 358 0.877095
4210.956 315 359 0.877437
4217.049 316 360 0.877778
4222.528 316 361 0.875346
4273.757 317 362 0.875691
4278.810 318 363 0.876033
4284.395 319 364 0.876374
4289.322 320 365 0.876712
4294.734 321 366 0.877049
4299.774 321 367 0.874659
4350.530 322 368 0.875000
4356.178 323 369 0.875339
4361.533 323 370 0.872973
4415.214 323 371 0.870620
4466.125 323 372 0.868280
4517.271 324 373 0.868633
4522.695 325 374 0.868984
4528.229 326 375 0.869333
4533.194 327 376 0.869681
4538.659 328 377 0.870027
4544.167 328 378 0.867725
4594.986 329 379 0.868074
4599.896 330 380 0.868421
4618.430 331 381 0.868766
4623.933 332 382 0.869110
4629.350 332 383 0.866841
4680.989 333 384 0.867188
4686.084 334 385 0.867532
4691.047 335 386 0.867876
4696.220 336 387 0.868217
4701.726 337 388 0.868557
4706.945 338 389 0.868895
4748.112 339 390 0.869231
4753.121 340 391 0.869565
4758.171 341 392 0.869898
4763.894 342 393 0.870229
4769.439 343 394 0.870558
4774.990 343 395 0.868354
4825.236 344 396 0.868687
4830.642 345 397 0.869018
4835.612 346 398 0.869347
4840.637 347 399 0.869674
4845.536 348 400 0.870000
4851.039 348 401 0.867830
4902.295 349 402 0.868159
4907.912 350 403 0.868486
4912.953 351 404 0.868812
4917.922 352 405 0.869136
4923.156 353 406 0.869458
4929.165 354 407 0.869779
4934.364 355 408 0.870098
4940.364 356 409 0.870416
4945.845 357 410 0.870732
4951.399 357 411 0.868613
5002.580 358 412 0.868932
5008.659 359 413 0.869249
5014.387 360 414 0.869565
5019.671 361 415 0.869880
5025.360 361 416 0.867788
5076.478 361 417 0.865707
5127.171 362 418 0.866029
5132.680 363 419 0.866348
5138.083 364 420 0.866667
5143.535 365 421 0.866983
5149.366 366 422 0.867299
5154.922 367 423 0.867612
5160.515 368 424 0.867925
5166.030 369 425 0.868235
5171.146 370 426 0.868545
5176.201 371 427 0.868852
5181.369 372 428 0.869159
5186.975 372 429 0.867133
5240.531 373 430 0.867442
5245.918 374 431 0.867749
5251.069 375 432 0.868056
5256.826 376 433 0.868360
5262.377 377 434 0.868664
5267.907 378 435 0.868966
5273.512 379 436 0.869266
5279.219 380 437 0.869565
5284.776 381 438 0.869863
5290.228 382 439 0.870159
5295.268 382 440 0.868182
5347.029 383 441 0.868481
5352.479 384 442 0.868778
5357.555 385 443 0.869074
5362.665 386 444 0.869369
5368.129 387 445 0.869663
5373.552 388 446 0.869955
5379.000 389 447 0.870246
5384.076 390 448 0.870536
5389.317 391 449 0.870824
5394.772 392 450 0.871111
5400.471 393 451 0.871397
5405.559 394 452 0.871681
5410.640 395 453 0.871965
5416.091 396 454 0.872247
5421.072 397 455 0.872527
5426.052 398 456 0.872807
5431.714 399 457 0.873085
5436.674 400 458 0.873362
5442.166 401 459 0.873638
5457.020 402 460 0.873913
5462.662 403 461 0.874187
5467.559 404 462 0.874459
5472.645 405 463 0.874730
5478.215 406 464 0.875000
5483.948 407 465 0.875269
5490.055 408 466 0.875536
5495.510 409 467 0.875803
5501.178 410 468 0.876068
5506.762 411 469 0.876333
5512.289 412 470 0.876596
5517.872 413 471 0.876858
5530.909 414 472 0.877119
5536.778 415 473 0.877378
5542.189 416 474 0.877637
5547.214 417 475 0.877895
5552.784 418 476 0.878151
5558.184 418 477 0.876310
5609.118 419 478 0.876569
5614.175 420 479 0.876827
5619.840 421 480 0.877083
5624.998 422 481 0.877339
5630.127 423 482 0.877593
5635.248 424 483 0.877847
5641.267 425 484 0.878099
5646.921 426 485 0.878351
5652.476 427 486 0.878601
5658.024 427 487 0.876797
5709.294 428 488 0.877049
5715.357 429 489 0.877301
5720.554 430 490 0.877551
5725.508 430 491 0.875764
5778.428 431 492 0.876016
5783.957 432 493 0.876268
5789.645 433 494 0.876518
5795.422 434 495 0.876768
5800.633 435 496 0.877016
5805.875 436 497 0.877264
5811.077 437 498 0.877510
5817.059 438 499 0.877756
5822.673 438 500 0.876000
5874.079 439 501 0.876248
5879.128 440 502 0.876494
5884.334 441 503 0.876740
5889.425 442 504 0.876984
5895.450 443 505 0.877228
5900.477 444 506 0.877470
5906.095 445 507 0.877712
5911.075 445 508 0.875984
5962.290 446 509 0.876228
5967.845 447 510 0.876471
5973.577 448 511 0.876712
5978.630 449 512 0.876953
5984.434 450 513 0.877193
5989.594 451 514 0.877432
5995.065 452 515 0.877670
6000.569 453 516 0.877907
6006.113 454 517 0.878143
6011.532 455 518 0.878378
6017.039 456 519 0.878613
6022.049 457 520 0.878846
6027.534 457 521 0.877159
6079.794 458 522 0.877395
6084.992 459 523 0.877629
6090.600 460 524 0.877863
6095.695 461 525 0.878095
6101.397 462 526 0.878327
6106.994 463 527 0.878558
6112.651 463 528 0.876894
6165.369 464 529 0.877127
6170.475 465 530 0.877358
6175.597 466 531 0.877589
6181.055 466 532 0.875940
6233.251 466 533 0.874296
6285.294 467 534 0.874532
6290.816 468 535 0.874766
6296.392 469 536 0.875000
6301.436 470 537 0.875233
6307.070 471 538 0.875465
6313.478 471 539 0.873840
6366.482 472 540 0.874074
6372.288 473 541 0.874307
6377.873 474 542 0.874539
6383.071 475 543 0.874770
6388.059 476 544 0.875000
6393.503 477 545 0.875229
6399.148 478 546 0.875458
6405.091 479 547 0.875686
6410.674 480 548 0.875912
6416.312 481 549 0.876138
6421.579 482 550 0.876364
6427.197 483 551 0.876588
6432.293 484 552 0.876812
6437.312 485 553 0.877034
6442.385 486 554 0.877256
6447.890 486 555 0.875676
6498.946 487 556 0.875899
6504.502 488 557 0.876122
6510.152 489 558 0.876344
6515.759 490 559 0.876565
6521.730 491 560 0.876786
6527.248 492 561 0.877005
6532.333 493 562 0.877224
6537.895 494 563 0.877442
6543.632 495 564 0.877660
6550.744 496 565 0.877876
6556.389 497 566 0.878092
6562.151 498 567 0.878307
6568.165 499 568 0.878521
6576.360 500 569 0.878735
6581.477 501 570 0.878947
6587.231 502 571 0.879159
6592.354 503 572 0.879371
6597.460 504 573 0.879581
6602.614 505 574 0.879791
6608.362 506 575 0.880000
6614.010 506 576 0.878472
6664.629 507 577 0.878683
6670.118 508 578 0.878893
6675.741 509 579 0.879102
6681.308 509 580 0.877586
6733.585 509 581 0.876076
6784.802 510 582 0.876289
6789.909 511 583 0.876501
6795.603 512 584 0.876712
6801.147 513 585 0.876923
6806.712 514 586 0.877133
6812.466 514 587 0.875639
6863.281 515 588 0.875850
6872.678 516 589 0.876061
6878.245 517 590 0.876271
6884.268 518 591 0.876481
6889.286 518 592 0.875000
6941.561 519 593 0.875211
6947.316 520 594 0.875421
6953.054 521 595 0.875630
6965.798 522 596 0.875839
6970.821 523 597 0.876047
6975.939 524 598 0.876254
6981.436 525 599 0.876461
6986.883 526 600 0.876667
6992.497 527 601 0.876872
6998.100 528 602 0.877076
7003.622 529 603 0.877280
7009.056 530 604 0.877483
7014.226 531 605 0.877686
7019.336 532 606 0.877888
7025.082 533 607 0.878089
7030.280 533 608 0.876645
7081.554 533 609 0.875205
7133.538 534 610 0.875410
7139.593 535 611 0.875614
7145.990 536 612 0.875817
7151.163 537 613 0.876020
7156.484 538 614 0.876221
7161.771 539 615 0.876423
7167.075 540 616 0.876623
7172.268 541 617 0.876823
7177.823 542 618 0.877023
7183.542 543 619 0.877221
7189.534 544 620 0.877419
7195.049 545 621 0.877617
7200.587 546 622 0.877814
7206.257 547 623 0.878010
7211.977 547 624 0.876603
7262.261 548 625 0.876800
7267.742 549 626 0.876997
7272.764 550 627 0.877193
7277.991 551 628 0.877389
7284.125 552 629 0.877583
7289.671 553 630 0.877778
7295.218 554 631 0.877971
7300.940 555 632 0.878165
7306.078 556 633 0.878357
7311.292 557 634 0.878549
7316.976 558 635 0.878740
7322.670 559 636 0.878931
7328.807 560 637 0.879121
7333.967 561 638 0.879310
7339.650 562 639 0.879499
7344.813 563 640 0.879687
7349.887 564 641 0.879875
7355.071 565 642 0.880062
7360.746 566 643 0.880249
7366.815 567 644 0.880435
7372.470 568 645 0.880620
7377.534 569 646 0.880805
7383.322 570 647 0.880989
7388.504 570 648 0.879630
7441.824 570 649 0.878274
7493.019 571 650 0.878462
7498.180 572 651 0.878648
7503.690 572 652 0.877301
7556.172 572 653 0.875957
7606.774 573 654 0.876147
7612.002 574 655 0.876336
7617.165 575 656 0.876524
7623.006 576 657 0.876712
7628.243 577 658 0.876900
7633.632 578 659 0.877086
7639.065 579 660 0.877273
7644.805 580 661 0.877458
7650.492 581 662 0.877644
7655.645 582 663 0.877828
7661.098 582 664 0.876506
7712.638 583 665 0.876692
7718.166 584 666 0.876877
7723.351 585 667 0.877061
7728.639 586 668 0.877246
7734.916 586 669 0.875934
7787.829 586 670 0.874627
7838.704 587 671 0.874814
7844.261 588 672 0.875000
7849.615 589 673 0.875186
7855.185 590 674 0.875371
7860.361 591 675 0.875556
7865.929 591 676 0.874260
7916.972 592 677 0.874446
7922.493 593 678 0.874631
7928.101 594 679 0.874816
7933.263 595 680 0.875000
7938.825 596 681 0.875184
7944.474 597 682 0.875367
7949.505 598 683 0.875549
7954.746 599 684 0.875731
7959.955 599 685 0.874453
8011.977 600 686 0.874636
8017.548 601 687 0.874818
8023.313 602 688 0.875000
8028.489 603 689 0.875181
8033.623 604 690 0.875362
8038.692 605 691 0.875543
8044.223 606 692 0.875723
8049.613 607 693 0.875902
8055.022 607 694 0.874640
8106.668 607 695 0.873381
8158.369 608 696 0.873563
8164.013 609 697 0.873745
8170.497 610 698 0.873926
8175.641 611 699 0.874106
8181.453 612 700 0.874286
8186.677 613 701 0.874465
8192.153 614 702 0.874644
8197.749 614 703 0.873400
8249.834 615 704 0.873580
8255.209 616 705 0.873759
8260.863 616 706 0.872521
8312.406 617 707 0.872702
8318.054 618 708 0.872881
8323.701 619 709 0.873061
8328.878 620 710 0.873239
8334.171 621 711 0.873418
8339.757 622 712 0.873596
8345.398 623 713 0.873773
8350.512 624 714 0.873950
8356.161 624 715 0.872727
8407.441 624 716 0.871508
8459.018 625 717 0.871688
8494.600 626 718 0.871866
8500.421 626 719 0.870654
8551.843 627 720 0.870833
8557.080 628 721 0.871012
8562.819 629 722 0.871191
8567.840 629 723 0.869986
8618.712 630 724 0.870166
8624.348 631 725 0.870345
8629.890 632 726 0.870523
8636.532 633 727 0.870702
8641.710 634 728 0.870879
8647.281 635 729 0.871056
8652.826 636 730 0.871233
8659.157 637 731 0.871409
8664.860 637 732 0.870219
8715.758 638 733 0.870396
8721.335 639 734 0.870572
8729.510 640 735 0.870748
8734.784 641 736 0.870924
8740.337 642 737 0.871099
8746.054 643 738 0.871274
8751.562 644 739 0.871448
8757.147 645 740 0.871622
8762.768 646 741 0.871795
8768.224 647 742 0.871968
8773.749 648 743 0.872140
8778.805 649 744 0.872312
8784.521 650 745 0.872483
8789.978 651 746 0.872654
8796.069 652 747 0.872825
8801.661 653 748 0.872995
8806.702 654 749 0.873164
8811.715 655 750 0.873333
8817.592 656 751 0.873502
8823.077 657 752 0.873670
8828.752 658 753 0.873838
8834.382 659 754 0.874005
8839.975 660 755 0.874172
8846.326 661 756 0.874339
8851.928 661 757 0.873184
8904.547 662 758 0.873351
8910.209 663 759 0.873518
8915.377 664 760 0.873684
8921.028 665 761 0.873850
8926.119 666 762 0.874016
8931.774 667 763 0.874181
8937.393 668 764 0.874346
8943.036 669 765 0.874510
8948.964 670 766 0.874674
8954.474 671 767 0.874837
8960.157 671 768 0.873698
9011.620 672 769 0.873862
9016.706 673 770 0.874026
9061.558 674 771 0.874189
9066.680 675 772 0.874352
9072.187 676 773 0.874515
9093.840 677 774 0.874677
9099.947 678 775 0.874839
9110.692 679 776 0.875000
9116.496 680 777 0.875161
9122.108 681 778 0.875321
9127.111 682 779 0.875481
9133.067 683 780 0.875641
9138.398 684 781 0.875800
9143.946 685 782 0.875959
9182.868 686 783 0.876117
9189.022 687 784 0.876276
9194.503 688 785 0.876433
9200.189 689 786 0.876590
9205.776 689 787 0.875476
9257.229 690 788 0.875635
9262.456 691 789 0.875792
9268.750 692 790 0.875949
9273.873 693 791 0.876106
9279.662 694 792 0.876263
9285.475 695 793 0.876419
9290.958 695 794 0.875315
9296.222 696 795 0.875472
9302.203 697 796 0.875628
9307.710 698 797 0.875784
9312.832 699 798 0.875940
9318.072 700 799 0.876095
9323.952 701 800 0.876250
9330.024 702 801 0.876404
9335.679 703 802 0.876559
9340.775 704 803 0.876712
9346.686 705 804 0.876866
9352.381 706 805 0.877019
9358.137 707 806 0.877171
9363.645 708 807 0.877323
9368.927 709 808 0.877475
9374.064 710 809 0.877627
9379.787 711 810 0.877778
9385.013 712 811 0.877928
9390.675 713 812 0.878079
9396.342 714 813 0.878229
9401.447 714 814 0.877150
9454.266 715 815 0.877301
9460.030 716 816 0.877451
9465.626 717 817 0.877601
9471.202 718 818 0.877751
9476.376 719 819 0.877900
9482.631 720 820 0.878049
9488.349 721 821 0.878197
9493.839 722 822 0.878345
9499.549 723 823 0.878493
9505.030 724 824 0.878641
9510.598 725 825 0.878788
9516.181 726 826 0.878935
9521.590 727 827 0.879081
9526.778 727 828 0.878019
9578.975 728 829 0.878166
9584.112 729 830 0.878313
9589.292 730 831 0.878460
9594.867 731 832 0.878606
9600.483 732 833 0.878752
9605.687 733 834 0.878897
9613.185 734 835 0.879042
9618.781 735 836 0.879187
9623.881 736 837 0.879331
9629.572 737 838 0.879475
9635.240 738 839 0.879619
9640.743 739 840 0.879762
9648.849 740 841 0.879905
9654.128 741 842 0.880048
9659.275 741 843 0.879004
9710.280 742 844 0.879147
9715.938 743 845 0.879290
9721.549 743 846 0.878251
9772.958 744 847 0.878394
9778.841 745 848 0.878538
9784.859 746 849 0.878681
9790.611 746 850 0.877647
9841.013 747 851 0.877791
9846.162 748 852 0.877934
9851.930 749 853 0.878077
9857.101 749 854 0.877049
9908.401 750 855 0.877193
9914.046 751 856 0.877336
9919.771 752 857 0.877480
9925.454 752 858 0.876457
9976.460 753 859 0.876601
9982.140 754 860 0.876744
9987.349 755 861 0.876887
9993.086 756 862 0.877030
9999.274 757 863 0.877173
10004.437 758 864 0.877315
10009.659 759 865 0.877457
10016.489 760 866 0.877598
10021.986 760 867 0.876586
10072.748 761 868 0.876728
10078.620 762 869 0.876870
10084.733 762 870 0.875862
10138.103 763 871 0.876005
10143.549 764 872 0.876147
10158.385 765 873 0.876289
10164.030 766 874 0.876430
10169.059 767 875 0.876571
10174.585 767 876 0.875571
10225.853 768 877 0.875713
10231.509 769 878 0.875854
10236.594 770 879 0.875995
10245.743 771 880 0.876136
10251.879 772 881 0.876277
10258.663 773 882 0.876417
10264.212 774 883 0.876557
10269.784 775 884 0.876697
10275.328 776 885 0.876836
10280.413 777 886 0.876975
10285.518 778 887 0.877114
10291.061 779 888 0.877252
10296.797 780 889 0.877390
10302.409 781 890 0.877528
10307.726 782 891 0.877666
10312.838 783 892 0.877803
10318.348 784 893 0.877940
10323.423 785 894 0.878076
10328.981 786 895 0.878212
10334.479 787 896 0.878348
10339.589 788 897 0.878484
10345.516 789 898 0.878619
10350.683 790 899 0.878754
10356.439 791 900 0.878889
10362.841 792 901 0.879023
10368.589 793 902 0.879157
10373.774 794 903 0.879291
10379.341 795 904 0.879425
10384.646 796 905 0.879558
10389.773 797 906 0.879691
10395.388 798 907 0.879824
10401.185 799 908 0.879956
10406.307 800 909 0.880088
10411.941 801 910 0.880220
10417.040 802 911 0.880351
10422.162 803 912 0.880482
10427.568 804 913 0.880613
10433.163 805 914 0.880744
10439.698 806 915 0.880874
10445.245 807 916 0.881004
10450.407 808 917 0.881134
10455.512 808 918 0.880174
10507.345 808 919 0.879217
10558.792 809 920 0.879348
10564.389 809 921 0.878393
10615.583 810 922 0.878525
10621.194 810 923 0.877573
10673.616 811 924 0.877706
10678.786 812 925 0.877838
10684.188 813 926 0.877970
10689.893 814 927 0.878101
10695.060 814 928 0.877155
10746.163 815 929 0.877287
10751.307 815 930 0.876344
10802.944 816 931 0.876477
10808.698 817 932 0.876609
10814.561 818 933 0.876742
10820.238 819 934 0.876874
10825.944 820 935 0.877005
10831.650 821 936 0.877137
10837.061 822 937 0.877268
10842.806 822 938 0.876333
10893.473 823 939 0.876464
10898.743 824 940 0.876596
10903.901 825 941 0.876727
10909.078 826 942 0.876858
10914.808 827 943 0.876988
10920.554 828 944 0.877119
10926.042 829 945 0.877249
10931.646 830 946 0.877378
10936.820 831 947 0.877508
10942.404 832 948 0.877637
10947.808 832 949 0.876712
11000.298 833 950 0.876842
11005.973 834 951 0.876972
11011.542 835 952 0.877101
11017.497 836 953 0.877230
11023.157 836 954 0.876310
11074.988 837 955 0.876440
11080.570 838 956 0.876569
11086.281 839 957 0.876698
11091.903 840 958 0.876827
11097.604 841 959 0.876955
11103.232 842 960 0.877083
11108.591 842 961 0.876171
11160.153 843 962 0.876299
11165.819 844 963 0.876428
11170.953 844 964 0.875519
11225.082 845 965 0.875648
11230.778 845 966 0.874741
11282.367 846 967 0.874871
11294.843 847 968 0.875000
11300.611 848 969 0.875129
11306.379 849 970 0.875258
11312.065 850 971 0.875386
11318.205 851 972 0.875514
11323.787 852 973 0.875642
11328.991 853 974 0.875770
11334.175 854 975 0.875897
11343.248 855 976 0.876025
11348.980 856 977 0.876151
11354.345 857 978 0.876278
11359.568 858 979 0.876404
11365.219 858 980 0.875510
11416.875 859 981 0.875637
11422.542 860 982 0.875764
11428.194 861 983 0.875890
11433.820 862 984 0.876016
11438.960 862 985 0.875127
11490.164 863 986 0.875254
11495.939 864 987 0.875380
11501.685 865 988 0.875506
11540.587 866 989 0.875632
11546.317 867 990 0.875758
11552.573 868 991 0.875883
11558.244 869 992 0.876008
11563.354 870 993 0.876133
11568.954 871 994 0.876258
11574.655 872 995 0.876382
11580.444 872 996 0.875502
11632.110 873 997 0.875627
11637.761 874 998 0.875752
11643.132 875 999 0.875876
11648.818 876 1000 0.876000
11654.705 877 1001 0.876124
11660.245 877 1002 0.875250
11714.849 878 1003 0.875374
11722.750 879 1004 0.875498
11728.374 879 1005 0.874627
11779.570 880 1006 0.874751
11784.817 881 1007 0.874876
11790.454 882 1008 0.875000
11797.379 882 1009 0.874133
11847.673 883 1010 0.874257
11853.392 884 1011 0.874382
11859.030 885 1012 0.874506
11864.173 886 1013 0.874630
11869.781 887 1014 0.874753
11875.578 888 1015 0.874877
11880.895 889 1016 0.875000
11891.288 889 1017 0.874140
11942.835 890 1018 0.874263
11948.564 891 1019 0.874387
11954.574 892 1020 0.874510
11959.871 893 1021 0.874633
11980.320 894 1022 0.874755
11986.066 894 1023 0.873900
12038.678 895 1024 0.874023
12044.434 896 1025 0.874146
12050.590 897 1026 0.874269
12056.225 898 1027 0.874391
12061.469 899 1028 0.874514
12066.893 900 1029 0.874636
12072.124 901 1030 0.874757
12077.829 902 1031 0.874879
12083.780 903 1032 0.875000
12089.601 904 1033 0.875121
12095.565 905 1034 0.875242
12139.032 906 1035 0.875362
12145.259 907 1036 0.875483
12150.597 908 1037 0.875603
12155.862 909 1038 0.875723
12161.015 910 1039 0.875842
12166.450 911 1040 0.875962
12171.675 912 1041 0.876081
12177.763 913 1042 0.876200
12183.631 914 1043 0.876318
12189.457 915 1044 0.876437
12194.645 916 1045 0.876555
12200.991 917 1046 0.876673
12206.365 918 1047 0.876791
12212.134 919 1048 0.876908
12217.403 920 1049 0.877026
12223.171 921 1050 0.877143
12229.074 921 1051 0.876308
12281.369 921 1052 0.875475
12332.724 922 1053 0.875594
12338.023 923 1054 0.875712
12343.778 924 1055 0.875829
12349.122 925 1056 0.875947
12356.112 925 1057 0.875118
12408.440 926 1058 0.875236
12414.279 927 1059 0.875354
12419.547 928 1060 0.875472
12425.285 929 1061 0.875589
12431.044 930 1062 0.875706
12436.337 931 1063 0.875823
12442.027 932 1064 0.875940
12447.697 933 1065 0.876056
12452.947 934 1066 0.876173
12458.098 935 1067 0.876289
12463.794 936 1068 0.876404
12469.133 937 1069 0.876520
12475.515 938 1070 0.876636
12481.269 938 1071 0.875817
12533.194 939 1072 0.875933
12538.820 940 1073 0.876048
12544.470 941 1074 0.876164
12552.057 941 1075 0.875349
12603.549 942 1076 0.875465
12608.757 943 1077 0.875580
12614.003 944 1078 0.875696
12619.763 945 1079 0.875811
12625.528 945 1080 0.875000
12676.860 946 1081 0.875116
12682.607 947 1082 0.875231
12687.933 948 1083 0.875346
12693.740 949 1084 0.875461
12699.482 950 1085 0.875576
12705.706 951 1086 0.875691
12711.236 952 1087 0.875805
12716.852 953 1088 0.875919
12722.614 953 1089 0.875115
12773.190 954 1090 0.875229
12783.052 955 1091 0.875344
12788.810 956 1092 0.875458
12798.238 957 1093 0.875572
12803.626 958 1094 0.875686
12809.610 958 1095 0.874886
12860.953 959 1096 0.875000
12866.561 959 1097 0.874202
12918.715 959 1098 0.873406
12970.575 959 1099 0.872611
13021.419 960 1100 0.872727
13027.260 961 1101 0.872843
13033.005 962 1102 0.872958
13038.598 962 1103 0.872167
13089.235 963 1104 0.872283
13094.416 963 1105 0.871493
13146.316 964 1106 0.871609
13152.234 965 1107 0.871725
13158.213 965 1108 0.870939
13210.081 966 1109 0.871055
13215.996 967 1110 0.871171
13221.706 967 1111 0.870387
13275.286 968 1112 0.870504
13280.790 969 1113 0.870620
13286.214 970 1114 0.870736
13311.507 971 1115 0.870852
13317.478 972 1116 0.870968
13323.371 973 1117 0.871083
13329.210 974 1118 0.871199
13334.422 975 1119 0.871314
13340.142 976 1120 0.871429
13345.464 977 1121 0.871543
13351.677 978 1122 0.871658
13357.447 978 1123 0.870882
13409.429 979 1124 0.870996
13415.213 980 1125 0.871111
13421.218 981 1126 0.871226
13427.105 982 1127 0.871340
13432.862 983 1128 0.871454
13439.244 984 1129 0.871568
13444.991 985 1130 0.871681
13451.271 986 1131 0.871795
13456.995 987 1132 0.871908
13467.110 988 1133 0.872021
13472.460 989 1134 0.872134
13478.314 990 1135 0.872247
13483.646 991 1136 0.872359
13489.607 992 1137 0.872471
13495.325 993 1138 0.872583
13501.786 994 1139 0.872695
13508.208 995 1140 0.872807
13514.172 996 1141 0.872918
13520.185 997 1142 0.873030
13526.208 998 1143 0.873141
13532.469 999 1144 0.873252
13539.023 999 1145 0.872489
13590.152 1000 1146 0.872600
13596.099 1001 1147 0.872711
13601.655 1002 1148 0.872822
13606.901 1003 1149 0.872933
13612.189 1004 1150 0.873043
13617.500 1005 1151 0.873154
13623.044 1006 1152 0.873264
13628.654 1007 1153 0.873374
13634.532 1008 1154 0.873484
13640.444 1008 1155 0.872727
13694.681 1009 1156 0.872837
13700.032 1010 1157 0.872947
13705.857 1011 1158 0.873057
13711.601 1012 1159 0.873167
13717.364 1013 1160 0.873276
13723.948 1014 1161 0.873385
13730.131 1015 1162 0.873494
13735.966 1016 1163 0.873603
13741.840 1016 1164 0.872852
13793.473 1017 1165 0.872961
13799.289 1018 1166 0.873070
13805.142 1019 1167 0.873179
13811.039 1020 1168 0.873288
13816.764 1021 1169 0.873396
13822.102 1021 1170 0.872650
13874.187 1022 1171 0.872758
13879.627 1023 1172 0.872867
13906.148 1023 1173 0.872123
13957.796 1024 1174 0.872232
13963.734 1025 1175 0.872340
13969.198 1026 1176 0.872449
13975.201 1027 1177 0.872557
13981.044 1028 1178 0.872666
13986.737 1029 1179 0.872774
13992.110 1030 1180 0.872881
13997.824 1030 1181 0.872142
14049.550 1031 1182 0.872250
14055.341 1032 1183 0.872358
14061.338 1033 1184 0.872466
14067.208 1033 1185 0.871730
14119.496 1034 1186 0.871838
14125.348 1035 1187 0.871946
14131.366 1036 1188 0.872054
14169.527 1037 1189 0.872161
14175.291 1038 1190 0.872269
14181.013 1038 1191 0.871537
14233.833 1039 1192 0.871644
14239.708 1039 1193 0.870914
14290.756 1039 1194 0.870184
14342.628 1040 1195 0.870293
14348.668 1041 1196 0.870401
14354.133 1042 1197 0.870510
14360.032 1043 1198 0.870618
14366.417 1044 1199 0.870726
14372.535 1044 1200 0.870000
14424.553 1045 1201 0.870108
14431.357 1045 1202 0.869384
14483.508 1046 1203 0.869493
14489.299 1046 1204 0.868771
14541.901 1047 1205 0.868880
14547.639 1048 1206 0.868988
14553.427 1049 1207 0.869097
14559.286 1050 1208 0.869205
14564.641 1051 1209 0.869313
14570.031 1052 1210 0.869421
14575.477 1052 1211 0.868704
14627.316 1052 1212 0.867987
14679.049 1052 1213 0.867271
14730.716 1053 1214 0.867381
14736.681 1054 1215 0.867490
14742.553 1054 1216 0.866776
14794.845 1055 1217 0.866886
14800.506 1056 1218 0.866995
14806.623 1057 1219 0.867104
14812.164 1058 1220 0.867213
14818.260 1058 1221 0.866503
14871.691 1059 1222 0.866612
14877.817 1060 1223 0.866721
14883.320 1061 1224 0.866830
14889.183 1062 1225 0.866939
14894.826 1063 1226 0.867047
14900.235 1064 1227 0.867156
14905.613 1065 1228 0.867264
14911.534 1066 1229 0.867372
14917.398 1067 1230 0.867480
14922.940 1068 1231 0.867587
14928.200 1068 1232 0.866883
14980.104 1069 1233 0.866991
14985.899 1070 1234 0.867099
14991.745 1070 1235 0.866397
15044.485 1071 1236 0.866505
15050.525 1072 1237 0.866613
15055.841 1073 1238 0.866721
15061.678 1074 1239 0.866828
15070.688 1075 1240 0.866935
15076.475 1076 1241 0.867043
15082.420 1077 1242 0.867150
15088.313 1078 1243 0.867257
15094.735 1079 1244 0.867363
15100.562 1080 1245 0.867470
15151.334 1080 1246 0.866774
15202.879 1081 1247 0.866881
15208.690 1081 1248 0.866186
15259.095 1082 1249 0.866293
15265.153 1083 1250 0.866400
15270.914 1084 1251 0.866507
15276.816 1085 1252 0.866613
15282.054 1086 1253 0.866720
15287.761 1087 1254 0.866826
15293.150 1088 1255 0.866932
15299.037 1089 1256 0.867038
15304.490 1090 1257 0.867144
15310.250 1091 1258 0.867250
15316.030 1092 1259 0.867355
15321.821 1092 1260 0.866667
15373.551 1093 1261 0.866772
15390.330 1094 1262 0.866878
15396.488 1095 1263 0.866983
15401.877 1096 1264 0.867089
15407.677 1097 1265 0.867194
15413.725 1098 1266 0.867299
15419.618 1098 1267 0.866614
15471.457 1099 1268 0.866719
15477.367 1100 1269 0.866824
15483.269 1100 1270 0.866142
15534.201 1101 1271 0.866247
15539.645 1102 1272 0.866352
15545.459 1103 1273 0.866457
15551.031 1104 1274 0.866562
15556.940 1105 1275 0.866667
15562.943 1106 1276 0.866771
15568.397 1107 1277 0.866875
15574.183 1108 1278 0.866980
15579.983 1109 1279 0.867084
15585.736 1110 1280 0.867188
15591.652 1111 1281 0.867291
15597.438 1112 1282 0.867395
15602.775 1113 1283 0.867498
15608.720 1114 1284 0.867601
15614.664 1115 1285 0.867704
15623.865 1116 1286 0.867807
15629.781 1117 1287 0.867910
15635.079 1118 1288 0.868012
15641.271 1119 1289 0.868115
15646.934 1120 1290 0.868217
15652.299 1120 1291 0.867545
15702.816 1121 1292 0.867647
15708.760 1122 1293 0.867749
15714.760 1123 1294 0.867852
15720.639 1124 1295 0.867954
15727.306 1124 1296 0.867284
15782.249 1125 1297 0.867386
15787.617 1126 1298 0.867488
15793.022 1127 1299 0.867590
15798.384 1128 1300 0.867692
15804.310 1129 1301 0.867794
15809.762 1130 1302 0.867896
15815.601 1130 1303 0.867229
15867.408 1130 1304 0.866564
15919.706 1131 1305 0.866667
15936.330 1131 1306 0.866003
15988.211 1132 1307 0.866106
15994.137 1133 1308 0.866208
16000.069 1134 1309 0.866310
16006.082 1134 1310 0.865649
16057.901 1135 1311 0.865751
16063.761 1136 1312 0.865854
16069.016 1137 1313 0.865956
16074.352 1138 1314 0.866058
16080.287 1139 1315 0.866160
16086.208 1139 1316 0.865502
16138.892 1140 1317 0.865604
16144.396 1141 1318 0.865706
16151.486 1142 1319 0.865807
16157.351 1142 1320 0.865152
16208.869 1143 1321 0.865254
16214.736 1144 1322 0.865356
16220.082 1145 1323 0.865457
16226.054 1146 1324 0.865559
16232.254 1147 1325 0.865660
16238.214 1148 1326 0.865762
16244.637 1148 1327 0.865109
16296.936 1149 1328 0.865211
16302.991 1149 1329 0.864560
16354.135 1150 1330 0.864662
16359.938 1151 1331 0.864763
16365.488 1152 1332 0.864865
16371.438 1152 1333 0.864216
16422.905 1153 1334 0.864318
16428.304 1154 1335 0.864419
16434.199 1155 1336 0.864521
16439.654 1155 1337 0.863874
16492.685 1156 1338 0.863976
16497.962 1157 1339 0.864078
16503.728 1158 1340 0.864179
16509.543 1159 1341 0.864280
16515.117 1159 1342 0.863636
16567.348 1160 1343 0.863738
16573.305 1160 1344 0.863095
16625.044 1161 1345 0.863197
16631.010 1161 1346 0.862556
16682.407 1161 1347 0.861915
16735.406 1162 1348 0.862018
16742.766 1163 1349 0.862120
16748.751 1164 1350 0.862222
16754.484 1165 1351 0.862324
16760.228 1166 1352 0.862426
16766.743 1167 1353 0.862528
16789.497 1168 1354 0.862629
16795.466 1169 1355 0.862731
16800.926 1170 1356 0.862832
16806.427 1171 1357 0.862933
16811.886 1172 1358 0.863034
16817.374 1173 1359 0.863135
16823.158 1174 1360 0.863235
16829.074 1175 1361 0.863336
16835.445 1176 1362 0.863436
16841.368 1176 1363 0.862803
16892.153 1177 1364 0.862903
16900.153 1177 1365 0.862271
16950.824 1178 1366 0.862372
17002.937 1179 1367 0.862473
17009.045 1180 1368 0.862573
17014.483 1181 1369 0.862673
17020.377 1182 1370 0.862774
17026.494 1183 1371 0.862874
17032.352 1184 1372 0.862974
17037.763 1185 1373 0.863074
17043.757 1186 1374 0.863173
17049.558 1187 1375 0.863273
17055.131 1188 1376 0.863372
17061.012 1189 1377 0.863471
17067.031 1190 1378 0.863570
17072.906 1191 1379 0.863669
17078.943 1192 1380 0.863768
17084.863 1193 1381 0.863867
17090.740 1194 1382 0.863965
17096.561 1194 1383 0.863341
17148.098 1195 1384 0.863439
17153.907 1196 1385 0.863538
17159.577 1196 1386 0.862915
17211.627 1197 1387 0.863014
17217.134 1197 1388 0.862392
17269.437 1198 1389 0.862491
17275.314 1199 1390 0.862590
17281.239 1200 1391 0.862689
17287.335 1201 1392 0.862787
17293.271 1202 1393 0.862886
17299.112 1202 1394 0.862267
17350.306 1203 1395 0.862366
17356.106 1204 1396 0.862464
17361.438 1205 1397 0.862563
17366.864 1205 1398 0.861946
17417.332 1206 1399 0.862044
17423.344 1207 1400 0.862143
17429.361 1207 1401 0.861527
17482.207 1208 1402 0.861626
17488.762 1209 1403 0.861725
17494.476 1210 1404 0.861823
17499.977 1211 1405 0.861922
17505.984 1212 1406 0.862020
17536.584 1213 1407 0.862118
17541.962 1214 1408 0.862216
17547.811 1215 1409 0.862314
17554.044 1216 1410 0.862411
17559.496 1217 1411 0.862509
17565.387 1217 1412 0.861898
17617.122 1218 1413 0.861996
17623.322 1219 1414 0.862093
17629.179 1220 1415 0.862191
17635.026 1221 1416 0.862288
17644.475 1221 1417 0.861680
17697.505 1221 1418 0.861072
17748.760 1222 1419 0.861170
17755.250 1223 1420 0.861268
17761.369 1224 1421 0.861365
17767.680 1225 1422 0.861463
17773.635 1226 1423 0.861560
17781.040 1226 1424 0.860955
17832.158 1227 1425 0.861053
17838.411 1228 1426 0.861150
17844.057 1229 1427 0.861247
17849.947 1230 1428 0.861345
17855.718 1231 1429 0.861442
17861.064 1232 1430 0.861538
17866.998 1233 1431 0.861635
17872.965 1234 1432 0.861732
17878.892 1234 1433 0.861130
17931.111 1235 1434 0.861227
17937.091 1236 1435 0.861324
17943.253 1236 1436 0.860724
17995.818 1236 1437 0.860125
18047.886 1237 1438 0.860223
18054.626 1238 1439 0.860320
18060.478 1238 1440 0.859722
18112.345 1239 1441 0.859820
18118.319 1240 1442 0.859917
18124.240 1241 1443 0.860014
18130.176 1242 1444 0.860111
18135.617 1243 1445 0.860208
18141.540 1244 1446 0.860304
18147.433 1245 1447 0.860401
18153.450 1246 1448 0.860497
18159.309 1247 1449 0.860594
18164.813 1247 1450 0.860000
18216.481 1248 1451 0.860096
18225.407 1249 1452 0.860193
18231.440 1250 1453 0.860289
18237.458 1251 1454 0.860385
18272.703 1252 1455 0.860481
18278.671 1253 1456 0.860577
18284.974 1254 1457 0.860673
18290.892 1255 1458 0.860768
18296.366 1255 1459 0.860178
18350.018 1256 1460 0.860274
18355.907 1257 1461 0.860370
18380.439 1258 1462 0.860465
18386.340 1258 1463 0.859877
18438.544 1259 1464 0.859973
18444.517 1259 1465 0.859386
18495.113 1260 1466 0.859482
18500.550 1261 1467 0.859577
18506.370 1262 1468 0.859673
18512.204 1263 1469 0.859769
18517.605 1264 1470 0.859864
18522.921 1264 1471 0.859279
18575.635 1265 1472 0.859375
18581.466 1266 1473 0.859470
18634.262 1267 1474 0.859566
18640.134 1267 1475 0.858983
18692.851 1268 1476 0.859079
18698.833 1269 1477 0.859174
18704.915 1270 1478 0.859269
18710.893 1271 1479 0.859364
18716.342 1272 1480 0.859459
18721.738 1273 1481 0.859554
18727.430 1274 1482 0.859649
18733.401 1275 1483 0.859744
18739.445 1276 1484 0.859838
18745.412 1277 1485 0.859933
18751.371 1278 1486 0.860027
18756.877 1279 1487 0.860121
18762.305 1280 1488 0.860215
18768.233 1281 1489 0.860309
18773.996 1282 1490 0.860403
18779.552 1283 1491 0.860496
18785.097 1284 1492 0.860590
18791.152 1285 1493 0.860683
18797.245 1286 1494 0.860776
18803.381 1287 1495 0.860870
18809.421 1288 1496 0.860963
18815.338 1288 1497 0.860387
18867.568 1289 1498 0.860481
18873.185 1290 1499 0.860574
18878.600 1291 1500 0.860667
18884.065 1292 1501 0.860759
18890.051 1292 1502 0.860186
18941.070 1292 1503 0.859614
18992.511 1293 1504 0.859707
18998.523 1294 1505 0.859801
19004.599 1294 1506 0.859230
19056.110 1295 1507 0.859323
19062.229 1296 1508 0.859416
19067.677 1297 1509 0.859510
19075.178 1297 1510 0.858940
19081.130 1298 1511 0.859034
19087.220 1299 1512 0.859127
19093.064 1299 1513 0.858559
19145.533 1300 1514 0.858653
19150.955 1300 1515 0.858086
19203.679 1301 1516 0.858179
19209.377 1302 1517 0.858273
19215.348 1303 1518 0.858366
19220.943 1304 1519 0.858460
19226.864 1305 1520 0.858553
19233.255 1305 1521 0.857988
19285.794 1306 1522 0.858081
19291.370 1307 1523 0.858175
19297.463 1308 1524 0.858268
19303.818 1309 1525 0.858361
19309.289 1310 1526 0.858453
19314.698 1311 1527 0.858546
19320.698 1312 1528 0.858639
19326.173 1313 1529 0.858731
19331.707 1314 1530 0.858824
19337.200 1315 1531 0.858916
19343.190 1316 1532 0.859008
19349.132 1317 1533 0.859100
19355.035 1318 1534 0.859192
19365.531 1319 1535 0.859283
19371.852 1320 1536 0.859375
19377.409 1321 1537 0.859466
19383.425 1321 1538 0.858908
19436.151 1322 1539 0.858999
19442.240 1323 1540 0.859091
19447.961 1324 1541 0.859182
19453.763 1325 1542 0.859274
19459.809 1326 1543 0.859365
19465.889 1327 1544 0.859456
19514.636 1328 1545 0.859547
19520.545 1329 1546 0.859638
19525.927 1330 1547 0.859729
19531.776 1331 1548 0.859819
19537.273 1332 1549 0.859910
19543.488 1333 1550 0.860000
19549.477 1334 1551 0.860090
19555.507 1335 1552 0.860180
19561.372 1335 1553 0.859627
19613.382 1336 1554 0.859717
19619.645 1337 1555 0.859807
19625.583 1338 1556 0.859897
19631.576 1339 1557 0.859987
19637.662 1340 1558 0.860077
19643.507 1341 1559 0.860167
19649.507 1342 1560 0.860256
19655.451 1343 1561 0.860346
19661.334 1344 1562 0.860435
19667.366 1344 1563 0.859885
19720.465 1345 1564 0.859974
19725.997 1346 1565 0.860064
19732.025 1347 1566 0.860153
19738.162 1348 1567 0.860243
19743.730 1349 1568 0.860332
19749.177 1350 1569 0.860421
19754.533 1350 1570 0.859873
19807.547 1350 1571 0.859325
19859.841 1351 1572 0.859415
19865.523 1352 1573 0.859504
19871.556 1353 1574 0.859593
19877.512 1354 1575 0.859683
19882.850 1355 1576 0.859772
19888.940 1356 1577 0.859860
19895.015 1357 1578 0.859949
19900.861 1358 1579 0.860038
19906.707 1359 1580 0.860127
19912.776 1359 1581 0.859583
19964.973 1360 1582 0.859671
19970.400 1361 1583 0.859760
19976.378 1362 1584 0.859848
19982.192 1363 1585 0.859937
19987.504 1364 1586 0.860025
19993.440 1365 1587 0.860113
19998.895 1366 1588 0.860202
20004.373 1367 1589 0.860289
20010.575 1368 1590 0.860377
20016.532 1368 1591 0.859837
20067.396 1369 1592 0.859925
20073.383 1370 1593 0.860013
20079.238 1371 1594 0.860100
20085.458 1372 1595 0.860188
20091.389 1373 1596 0.860276
20097.424 1373 1597 0.859737
20150.748 1374 1598 0.859825
20156.838 1375 1599 0.859912
20162.362 1376 1600 0.860000
20167.863 1376 1601 0.859463
20219.499 1377 1602 0.859551
20224.938 1378 1603 0.859638
20231.019 1378 1604 0.859102
20282.338 1379 1605 0.859190
20288.608 1380 1606 0.859278
20295.275 1381 1607 0.859365
20309.298 1382 1608 0.859453
20314.868 1383 1609 0.859540
20321.028 1383 1610 0.859006
20373.206 1384 1611 0.859094
20379.242 1385 1612 0.859181
20385.238 1386 1613 0.859268
20390.837 1386 1614 0.858736
20442.810 1386 1615 0.858204
20495.325 1387 1616 0.858292
20501.312 1388 1617 0.858380
20507.356 1389 1618 0.858467
20513.479 1389 1619 0.857937
20565.199 1390 1620 0.858025
20570.780 1391 1621 0.858112
20576.349 1392 1622 0.858200
20582.367 1392 1623 0.857671
20635.392 1393 1624 0.857759
20641.461 1394 1625 0.857846
20646.970 1395 1626 0.857934
20652.412 1395 1627 0.857406
20704.102 1396 1628 0.857494
20710.245 1397 1629 0.857581
20716.424 1398 1630 0.857669
20721.909 1399 1631 0.857756
20727.309 1400 1632 0.857843
20732.837 1401 1633 0.857930
20739.002 1402 1634 0.858017
20745.089 1403 1635 0.858104
20751.639 1404 1636 0.858191
20757.133 1405 1637 0.858277
20762.741 1406 1638 0.858364
20768.241 1407 1639 0.858450
20773.748 1407 1640 0.857927
20825.893 1408 1641 0.858013
20833.305 1409 1642 0.858100
20839.018 1410 1643 0.858186
20845.034 1411 1644 0.858273
20850.503 1412 1645 0.858359
20856.283 1413 1646 0.858445
20862.260 1413 1647 0.857923
20914.234 1414 1648 0.858010
20920.217 1415 1649 0.858096
20926.233 1416 1650 0.858182
20932.068 1417 1651 0.858268
20938.242 1418 1652 0.858354
20944.895 1419 1653 0.858439
20950.989 1420 1654 0.858525
20956.412 1421 1655 0.858610
20961.988 1422 1656 0.858696
20967.543 1423 1657 0.858781
20973.626 1424 1658 0.858866
20979.722 1425 1659 0.858951
20985.799 1426 1660 0.859036
20991.890 1427 1661 0.859121
20997.510 1428 1662 0.859206
21003.552 1429 1663 0.859290
21016.946 1430 1664 0.859375
21022.981 1431 1665 0.859459
21029.126 1432 1666 0.859544
21035.039 1432 1667 0.859028
21086.453 1432 1668 0.858513
21138.522 1432 1669 0.857999
21191.176 1432 1670 0.857485
21242.594 1433 1671 0.857570
21248.670 1433 1672 0.857057
21302.063 1434 1673 0.857143
21307.999 1435 1674 0.857228
21314.214 1436 1675 0.857313
21332.069 1437 1676 0.857399
21337.571 1438 1677 0.857484
21343.035 1439 1678 0.857569
21348.915 1440 1679 0.857653
21355.059 1440 1680 0.857143
21406.103 1441 1681 0.857228
21412.166 1442 1682 0.857313
21417.811 1443 1683 0.857398
21424.130 1444 1684 0.857482
21430.048 1444 1685 0.856973
21481.656 1445 1686 0.857058
21487.635 1446 1687 0.857143
21493.552 1447 1688 0.857227
21508.175 1448 1689 0.857312
21514.451 1449 1690 0.857396
21520.773 1450 1691 0.857481
21527.584 1451 1692 0.857565
21533.472 1451 1693 0.857058
21586.226 1452 1694 0.857143
21591.863 1453 1695 0.857227
21597.839 1454 1696 0.857311
21604.732 1455 1697 0.857395
21610.930 1456 1698 0.857479
21616.542 1457 1699 0.857563
21622.997 1458 1700 0.857647
21628.962 1459 1701 0.857731
21634.595 1459 1702 0.857227
21687.124 1460 1703 0.857311
21693.236 1461 1704 0.857394
21698.787 1462 1705 0.857478
21705.348 1463 1706 0.857562
21711.351 1464 1707 0.857645
21717.296 1464 1708 0.857143
21770.501 1465 1709 0.857226
21776.041 1466 1710 0.857310
21782.094 1467 1711 0.857393
21788.357 1468 1712 0.857477
21794.528 1469 1713 0.857560
21800.168 1470 1714 0.857643
21806.323 1471 1715 0.857726
21811.905 1472 1716 0.857809
21817.914 1473 1717 0.857892
21823.391 1474 1718 0.857974
21829.276 1475 1719 0.858057
21835.562 1476 1720 0.858140
21841.775 1477 1721 0.858222
21847.863 1478 1722 0.858304
21854.171 1479 1723 0.858387
21859.657 1480 1724 0.858469
21865.855 1481 1725 0.858551
21871.516 1482 1726 0.858633
21877.493 1483 1727 0.858715
21883.504 1484 1728 0.858796
21889.667 1485 1729 0.858878
21895.840 1486 1730 0.858960
21902.078 1487 1731 0.859041
21908.484 1488 1732 0.859122
21913.972 1489 1733 0.859204
21919.987 1490 1734 0.859285
21925.974 1491 1735 0.859366
21931.924 1492 1736 0.859447
21937.548 1493 1737 0.859528
21943.527 1494 1738 0.859609
21949.418 1495 1739 0.859689
21955.300 1496 1740 0.859770
21961.294 1496 1741 0.859276
22013.856 1497 1742 0.859357
22019.551 1498 1743 0.859438
22025.513 1498 1744 0.858945
22076.318 1499 1745 0.859026
22081.792 1500 1746 0.859107
22087.397 1501 1747 0.859187
22093.370 1501 1748 0.858696
22145.562 1502 1749 0.858776
22151.441 1503 1750 0.858857
22157.549 1504 1751 0.858938
22163.730 1504 1752 0.858447
22216.849 1505 1753 0.858528
22223.111 1506 1754 0.858609
22229.160 1507 1755 0.858689
22235.202 1508 1756 0.858770
22240.703 1509 1757 0.858850
22246.708 1510 1758 0.858931
22252.904 1511 1759 0.859011
22267.203 1512 1760 0.859091
22273.435 1513 1761 0.859171
22279.458 1514 1762 0.859251
22285.091 1515 1763 0.859331
22290.729 1515 1764 0.858844
22342.921 1515 1765 0.858357
22395.962 1515 1766 0.857871
22448.555 1516 1767 0.857951
22454.541 1517 1768 0.858032
22460.294 1517 1769 0.857547
22513.195 1518 1770 0.857627
22519.389 1519 1771 0.857708
22538.319 1520 1772 0.857788
22543.882 1521 1773 0.857868
22549.385 1522 1774 0.857948
22555.355 1523 1775 0.858028
22560.893 1524 1776 0.858108
22566.438 1525 1777 0.858188
22572.077 1526 1778 0.858268
22577.553 1527 1779 0.858347
22583.586 1528 1780 0.858427
22589.357 1529 1781 0.858506
22594.853 1530 1782 0.858586
22601.485 1531 1783 0.858665
22607.485 1532 1784 0.858744
22613.462 1533 1785 0.858824
22619.010 1533 1786 0.858343
22671.070 1534 1787 0.858422
22677.103 1535 1788 0.858501
22727.850 1536 1789 0.858580
22733.874 1537 1790 0.858659
22768.018 1538 1791 0.858738
22774.002 1539 1792 0.858817
22780.068 1540 1793 0.858896
22786.145 1541 1794 0.858974
22791.611 1542 1795 0.859053
22797.601 1543 1796 0.859131
22807.820 1544 1797 0.859210
22813.405 1545 1798 0.859288
22819.630 1546 1799 0.859366
22825.742 1547 1800 0.859444
22831.313 1548 1801 0.859522
22837.378 1549 1802 0.859600
22843.370 1550 1803 0.859678
22849.423 1551 1804 0.859756
22855.410 1552 1805 0.859834
22861.014 1553 1806 0.859911
22867.009 1554 1807 0.859989
22872.688 1555 1808 0.860066
22878.464 1556 1809 0.860144
22884.800 1557 1810 0.860221
22898.784 1558 1811 0.860298
22904.377 1559 1812 0.860375
22910.412 1560 1813 0.860452
22916.607 1561 1814 0.860529
22922.970 1562 1815 0.860606
22929.005 1563 1816 0.860683
22935.100 1564 1817 0.860759
22941.515 1564 1818 0.860286
22994.066 1565 1819 0.860363
23000.277 1566 1820 0.860440
23006.382 1567 1821 0.860516
23012.286 1568 1822 0.860593
23021.176 1569 1823 0.860669
23027.344 1570 1824 0.860746
23033.996 1571 1825 0.860822
23039.704 1572 1826 0.860898
23045.794 1573 1827 0.860974
23051.336 1574 1828 0.861050
23057.568 1575 1829 0.861126
23063.678 1576 1830 0.861202
23071.060 1577 1831 0.861278
23076.673 1577 1832 0.860808
23132.128 1578 1833 0.860884
23137.700 1579 1834 0.860960
23143.921 1580 1835 0.861035
23149.997 1581 1836 0.861111
23155.585 1582 1837 0.861187
23178.556 1583 1838 0.861262
23195.818 1583 1839 0.860794
23247.779 1584 1840 0.860870
23253.828 1585 1841 0.860945
23259.390 1586 1842 0.861021
23264.955 1587 1843 0.861096
23270.796 1587 1844 0.860629
23324.012 1588 1845 0.860705
23330.266 1588 1846 0.860238
23381.328 1589 1847 0.860314
23386.935 1590 1848 0.860390
23392.958 1591 1849 0.860465
23399.207 1592 1850 0.860541
23405.370 1593 1851 0.860616
23412.014 1594 1852 0.860691
23418.221 1595 1853 0.860766
23424.445 1596 1854 0.860841
23430.530 1597 1855 0.860916
23436.927 1598 1856 0.860991
23442.903 1599 1857 0.861066
23449.095 1599 1858 0.860603
23501.132 1600 1859 0.860678
23507.284 1601 1860 0.860753
23513.426 1602 1861 0.860828
23519.805 1603 1862 0.860902
23526.032 1604 1863 0.860977
23532.191 1605 1864 0.861052
23537.837 1606 1865 0.861126
23544.033 1607 1866 0.861200
23549.635 1608 1867 0.861275
23555.811 1609 1868 0.861349
23561.426 1610 1869 0.861423
23567.402 1611 1870 0.861497
23573.594 1612 1871 0.861571
23579.729 1612 1872 0.861111
23631.533 1613 1873 0.861185
23637.764 1614 1874 0.861259
23643.975 1615 1875 0.861333
23650.056 1616 1876 0.861407
23656.754 1617 1877 0.861481
23663.132 1618 1878 0.861555
23669.256 1619 1879 0.861629
23677.882 1619 1880 0.861170
23730.319 1620 1881 0.861244
23736.457 1621 1882 0.861318
23742.488 1622 1883 0.861391
23748.078 1623 1884 0.861465
23754.163 1623 1885 0.861008
23805.209 1624 1886 0.861082
23811.340 1625 1887 0.861155
23817.021 1625 1888 0.860699
23869.525 1626 1889 0.860773
23875.595 1626 1890 0.860317
23927.586 1627 1891 0.860391
23933.213 1628 1892 0.860465
23939.765 1629 1893 0.860539
23945.710 1630 1894 0.860612
23951.333 1631 1895 0.860686
23957.558 1632 1896 0.860759
23978.392 1633 1897 0.860833
23983.982 1634 1898 0.860906
23989.551 1635 1899 0.860979
23995.600 1636 1900 0.861053
24001.261 1637 1901 0.861126
24007.400 1638 1902 0.861199
24013.636 1639 1903 0.861272
24019.774 1640 1904 0.861345
24025.761 1641 1905 0.861417
24031.759 1642 1906 0.861490
24046.075 1643 1907 0.861563
24052.007 1644 1908 0.861635
24058.063 1645 1909 0.861708
24064.764 1646 1910 0.861780
24082.090 1647 1911 0.861852
24088.209 1647 1912 0.861402
24140.754 1648 1913 0.861474
24146.877 1649 1914 0.861546
24183.088 1650 1915 0.861619
24188.681 1651 1916 0.861691
24194.321 1651 1917 0.861242
24246.267 1652 1918 0.861314
24252.409 1653 1919 0.861386
24258.220 1654 1920 0.861458
24264.879 1655 1921 0.861530
24270.929 1656 1922 0.861602
24276.542 1657 1923 0.861674
24282.661 1658 1924 0.861746
24288.817 1659 1925 0.861818
24295.053 1660 1926 0.861890
24301.496 1661 1927 0.861962
24307.530 1662 1928 0.862033
24313.128 1663 1929 0.862105
24319.199 1664 1930 0.862176
24325.312 1665 1931 0.862248
24331.805 1666 1932 0.862319
24338.137 1667 1933 0.862390
24344.217 1668 1934 0.862461
24350.281 1669 1935 0.862532
24356.595 1670 1936 0.862603
24366.298 1671 1937 0.862674
24372.543 1672 1938 0.862745
24378.532 1673 1939 0.862816
24385.063 1674 1940 0.862887
24390.595 1674 1941 0.862442
24443.124 1675 1942 0.862513
24448.749 1676 1943 0.862584
24454.420 1677 1944 0.862654
24460.238 1678 1945 0.862725
24466.474 1679 1946 0.862795
24472.690 1680 1947 0.862866
24478.671 1681 1948 0.862936
24484.515 1682 1949 0.863007
24490.398 1683 1950 0.863077
24496.818 1684 1951 0.863147
24503.272 1685 1952 0.863217
24509.661 1686 1953 0.863287
24515.955 1686 1954 0.862845
24568.156 1687 1955 0.862916
24607.167 1688 1956 0.862986
24613.212 1689 1957 0.863056
24619.398 1690 1958 0.863126
24625.046 1691 1959 0.863196
24630.624 1692 1960 0.863265
24637.405 1693 1961 0.863335
24643.444 1694 1962 0.863405
24649.539 1695 1963 0.863474
24655.583 1696 1964 0.863544
24661.220 1697 1965 0.863613
24666.844 1698 1966 0.863683
24673.006 1699 1967 0.863752
24679.444 1700 1968 0.863821
24685.526 1700 1969 0.863382
24737.731 1700 1970 0.862944
24790.394 1701 1971 0.863014
24796.479 1701 1972 0.862576
24849.494 1702 1973 0.862646
24855.794 1703 1974 0.862715
24861.546 1704 1975 0.862785
24868.029 1705 1976 0.862854
24874.236 1706 1977 0.862924
24880.002 1707 1978 0.862993
24886.239 1708 1979 0.863062
24892.254 1709 1980 0.863131
24898.199 1710 1981 0.863200
24903.864 1711 1982 0.863269
24910.052 1711 1983 0.862834
24961.829 1712 1984 0.862903
24968.181 1713 1985 0.862972
24974.609 1714 1986 0.863041
24980.242 1715 1987 0.863110
24985.962 1716 1988 0.863179
24991.614 1717 1989 0.863248
24997.792 1718 1990 0.863317
25003.854 1718 1991 0.862883
25055.607 1719 1992 0.862952
25061.871 1720 1993 0.863021
25067.988 1720 1994 0.862588
25119.597 1721 1995 0.862657
25125.694 1722 1996 0.862725
25131.347 1723 1997 0.862794
25170.558 1724 1998 0.862863
25177.011 1724 1999 0.862431
25230.334 1725 2000 0.862500
25236.195 1726 2001 0.862569
25242.370 1727 2002 0.862637
25248.012 1728 2003 0.862706
25253.634 1729 2004 0.862774
25259.716 1729 2005 0.862344
25312.521 1730 2006 0.862413
25357.190 1731 2007 0.862481
25362.918 1732 2008 0.862550
25368.659 1733 2009 0.862618
25374.386 1733 2010 0.862189
25427.221 1734 2011 0.862258
25433.290 1734 2012 0.861829
25484.827 1735 2013 0.861898
25490.406 1736 2014 0.861966
25496.041 1737 2015 0.862035
25502.032 1738 2016 0.862103
25508.091 1739 2017 0.862172
25513.822 1740 2018 0.862240
25520.073 1741 2019 0.862308
25526.197 1741 2020 0.861881
25577.661 1741 2021 0.861455
25629.756 1742 2022 0.861523
25636.842 1742 2023 0.861097
25688.426 1742 2024 0.860672
25739.478 1743 2025 0.860741
25745.107 1744 2026 0.860809
25751.192 1744 2027 0.860385
25803.766 1745 2028 0.860454
25809.942 1746 2029 0.860522
25816.383 1747 2030 0.860591
25822.684 1748 2031 0.860660
25828.989 1749 2032 0.860728
25834.690 1750 2033 0.860797
25840.457 1751 2034 0.860865
25846.598 1752 2035 0.860934
25852.848 1753 2036 0.861002
25859.165 1754 2037 0.861070
25885.782 1755 2038 0.861138
25891.438 1756 2039 0.861206
25897.516 1757 2040 0.861275
25913.423 1758 2041 0.861342
25919.555 1759 2042 0.861410
25925.610 1760 2043 0.861478
25931.734 1761 2044 0.861546
25943.555 1762 2045 0.861614
25950.039 1762 2046 0.861193
26002.226 1763 2047 0.861260
26007.929 1764 2048 0.861328
26013.593 1765 2049 0.861396
26019.645 1766 2050 0.861463
26025.895 1767 2051 0.861531
26031.671 1768 2052 0.861598
26037.831 1769 2053 0.861666
26043.774 1770 2054 0.861733
26050.250 1771 2055 0.861800
26055.901 1772 2056 0.861868
26078.660 1773 2057 0.861935
26084.222 1774 2058 0.862002
26090.243 1774 2059 0.861583
26141.649 1775 2060 0.861650
26147.698 1776 2061 0.861718
26153.431 1777 2062 0.861785
26159.602 1778 2063 0.861852
26165.637 1779 2064 0.861919
26171.691 1780 2065 0.861985
26177.386 1781 2066 0.862052
26196.859 1781 2067 0.861635
26249.532 1782 2068 0.861702
26256.181 1783 2069 0.861769
26261.902 1783 2070 0.861353
26313.886 1784 2071 0.861420
26320.023 1785 2072 0.861486
26333.512 1786 2073 0.861553
26339.311 1787 2074 0.861620
26345.647 1788 2075 0.861687
26351.759 1789 2076 0.861753
26357.873 1789 2077 0.861338
26410.080 1790 2078 0.861405
26416.379 1791 2079 0.861472
26423.163 1792 2080 0.861538
26428.901 1793 2081 0.861605
26434.554 1794 2082 0.861671
26440.735 1795 2083 0.861738
26446.428 1796 2084 0.861804
26452.614 1797 2085 0.861871
26458.263 1798 2086 0.861937
26464.395 1799 2087 0.862003
26470.517 1800 2088 0.862069
26476.598 1801 2089 0.862135
26483.014 1802 2090 0.862201
26489.439 1803 2091 0.862267
26495.767 1803 2092 0.861855
26548.255 1804 2093 0.861921
26554.465 1805 2094 0.861987
26560.602 1806 2095 0.862053
26566.174 1807 2096 0.862118
26572.238 1808 2097 0.862184
26577.997 1809 2098 0.862250
26583.919 1810 2099 0.862315
26589.791 1811 2100 0.862381
26595.726 1812 2101 0.862446
26602.032 1813 2102 0.862512
26608.410 1813 2103 0.862102
26661.302 1814 2104 0.862167
26667.574 1815 2105 0.862233
26673.333 1816 2106 0.862298
26679.532 1816 2107 0.861889
26733.662 1817 2108 0.861954
26739.843 1818 2109 0.862020
26746.071 1819 2110 0.862085
26752.233 1820 2111 0.862151
26758.516 1821 2112 0.862216
26764.284 1822 2113 0.862281
26770.567 1823 2114 0.862346
26776.836 1824 2115 0.862411
26783.081 1825 2116 0.862476
26789.369 1826 2117 0.862541
26795.586 1827 2118 0.862606
26801.517 1828 2119 0.862671
26807.837 1828 2120 0.862264
26860.444 1829 2121 0.862329
26866.177 1830 2122 0.862394
26872.437 1831 2123 0.862459
26878.048 1832 2124 0.862524
26884.357 1833 2125 0.862588
26889.956 1834 2126 0.862653
26895.588 1835 2127 0.862717
26901.323 1836 2128 0.862782
26907.155 1837 2129 0.862846
26912.975 1838 2130 0.862911
26919.179 1838 2131 0.862506
26973.195 1839 2132 0.862570
26979.620 1840 2133 0.862635
26986.151 1841 2134 0.862699
26992.614 1842 2135 0.862763
26999.401 1843 2136 0.862828
27005.374 1844 2137 0.862892
27011.828 1845 2138 0.862956
27018.122 1846 2139 0.863020
27024.079 1847 2140 0.863084
27030.451 1848 2141 0.863148
27036.657 1849 2142 0.863212
27042.858 1850 2143 0.863276
27048.584 1851 2144 0.863340
27054.399 1851 2145 0.862937
27108.353 1852 2146 0.863001
27114.173 1853 2147 0.863065
27120.696 1854 2148 0.863128
27126.905 1855 2149 0.863192
27132.613 1856 2150 0.863256
27138.406 1856 2151 0.862854
27190.406 1856 2152 0.862454
27244.265 1857 2153 0.862517
27250.477 1858 2154 0.862581
27256.676 1858 2155 0.862181
27310.395 1859 2156 0.862245
27316.523 1860 2157 0.862309
27322.283 1861 2158 0.862373
27328.093 1862 2159 0.862436
27334.329 1863 2160 0.862500
27340.539 1864 2161 0.862564
27346.074 1864 2162 0.862165
27397.694 1865 2163 0.862228
27404.460 1866 2164 0.862292
27410.822 1867 2165 0.862356
27417.057 1868 2166 0.862419
27423.245 1868 2167 0.862021
27474.610 1869 2168 0.862085
27506.453 1870 2169 0.862148
27520.278 1871 2170 0.862212
27526.705 1872 2171 0.862275
27532.600 1873 2172 0.862339
27538.867 1874 2173 0.862402
27544.944 1875 2174 0.862466
27551.040 1876 2175 0.862529
27556.616 1877 2176 0.862592
27588.508 1877 2177 0.862196
27640.279 1878 2178 0.862259
27646.046 1879 2179 0.862322
27652.191 1879 2180 0.861927
27703.103 1880 2181 0.861990
27709.207 1881 2182 0.862053
27714.977 1882 2183 0.862116
27721.203 1883 2184 0.862179
27726.956 1884 2185 0.862243
27733.085 1885 2186 0.862306
27738.837 1886 2187 0.862369
27745.096 1887 2188 0.862431
27751.567 1887 2189 0.862037
27803.677 1888 2190 0.862100
27809.730 1889 2191 0.862163
27815.326 1890 2192 0.862226
27821.545 1891 2193 0.862289
27828.006 1892 2194 0.862352
27833.745 1893 2195 0.862415
27839.569 1894 2196 0.862477
27845.295 1895 2197 0.862540
27851.359 1896 2198 0.862602
27857.575 1897 2199 0.862665
27863.502 1898 2200 0.862727
27869.782 1899 2201 0.862790
27875.861 1900 2202 0.862852
27882.146 1901 2203 0.862914
27887.896 1902 2204 0.862976
27894.106 1903 2205 0.863039
27903.659 1904 2206 0.863101
27910.498 1905 2207 0.863163
27916.327 1906 2208 0.863225
27922.141 1907 2209 0.863287
27928.184 1908 2210 0.863348
27934.744 1909 2211 0.863410
27941.006 1910 2212 0.863472
27946.798 1911 2213 0.863534
27952.989 1912 2214 0.863595
27959.258 1913 2215 0.863657
27965.560 1914 2216 0.863718
27971.821 1915 2217 0.863780
27978.030 1916 2218 0.863841
27983.841 1916 2219 0.863452
28034.684 1917 2220 0.863514
28040.878 1918 2221 0.863575
28047.156 1919 2222 0.863636
28053.390 1919 2223 0.863248
28105.501 1920 2224 0.863309
28111.505 1921 2225 0.863371
28117.293 1922 2226 0.863432
28123.411 1923 2227 0.863493
28158.495 1924 2228 0.863555
28165.033 1925 2229 0.863616
28171.202 1926 2230 0.863677
28177.710 1927 2231 0.863738
28183.445 1928 2232 0.863799
28189.159 1929 2233 0.863860
28195.375 1930 2234 0.863921
28201.539 1931 2235 0.863982
28208.627 1932 2236 0.864043
28214.972 1933 2237 0.864104
28221.172 1933 2238 0.863718
28273.193 1934 2239 0.863778
28278.834 1935 2240 0.863839
28285.140 1936 2241 0.863900
28290.969 1937 2242 0.863961
28297.187 1938 2243 0.864021
28303.502 1939 2244 0.864082
28309.223 1940 2245 0.864143
28315.007 1941 2246 0.864203
28320.757 1942 2247 0.864263
28326.707 1943 2248 0.864324
28332.965 1944 2249 0.864384
28339.783 1945 2250 0.864444
28346.126 1946 2251 0.864505
28352.264 1947 2252 0.864565
28358.375 1948 2253 0.864625
28364.488 1948 2254 0.864241
28416.668 1949 2255 0.864302
28422.834 1950 2256 0.864362
28429.000 1950 2257 0.863979
28481.362 1951 2258 0.864039
28487.577 1952 2259 0.864099
28493.438 1953 2260 0.864159
28499.684 1953 2261 0.863777
28552.141 1953 2262 0.863395
28558.018 1954 2263 0.863456
28564.404 1955 2264 0.863516
28570.495 1956 2265 0.863576
28576.194 1957 2266 0.863636
28582.358 1958 2267 0.863697
28588.209 1959 2268 0.863757
28594.362 1960 2269 0.863817
28600.628 1961 2270 0.863877
28606.867 1962 2271 0.863937
28613.857 1963 2272 0.863996
28620.170 1964 2273 0.864056
28627.708 1965 2274 0.864116
28634.138 1966 2275 0.864176
28640.138 1967 2276 0.864236
28646.579 1968 2277 0.864295
28652.695 1969 2278 0.864355
28658.577 1970 2279 0.864414
28664.826 1970 2280 0.864035
28717.473 1970 2281 0.863656
28770.867 1971 2282 0.863716
28776.935 1972 2283 0.863776
28782.710 1973 2284 0.863835
28788.847 1974 2285 0.863895
28795.243 1975 2286 0.863955
28801.571 1976 2287 0.864014
28807.875 1977 2288 0.864073
28828.189 1978 2289 0.864133
28834.461 1979 2290 0.864192
28840.224 1980 2291 0.864251
28846.543 1981 2292 0.864311
28852.849 1982 2293 0.864370
28858.684 1983 2294 0.864429
28865.023 1984 2295 0.864488
28871.349 1985 2296 0.864547
28877.593 1986 2297 0.864606
28883.959 1986 2298 0.864230
28936.443 1987 2299 0.864289
28942.787 1988 2300 0.864348
28948.686 1989 2301 0.864407
28954.912 1990 2302 0.864466
28960.670 1991 2303 0.864525
28967.586 1992 2304 0.864583
28974.413 1993 2305 0.864642
28980.536 1994 2306 0.864701
28987.001 1995 2307 0.864759
28993.248 1995 2308 0.864385
29047.806 1996 2309 0.864443
29054.277 1997 2310 0.864502
29060.597 1998 2311 0.864561
29066.844 1999 2312 0.864619
29072.973 2000 2313 0.864678
29079.369 2000 2314 0.864304
29130.428 2000 2315 0.863931
29181.775 2001 2316 0.863990
29188.062 2002 2317 0.864048
29194.387 2003 2318 0.864107
29200.183 2004 2319 0.864166
29206.699 2005 2320 0.864224
29212.956 2006 2321 0.864283
29218.861 2007 2322 0.864341
29224.760 2008 2323 0.864399
29238.602 2009 2324 0.864458
29244.835 2010 2325 0.864516
29251.001 2011 2326 0.864574
29256.891 2012 2327 0.864633
29263.175 2013 2328 0.864691
29269.133 2013 2329 0.864319
29321.230 2013 2330 0.863948
29373.083 2013 2331 0.863578
29424.203 2014 2332 0.863636
29430.529 2015 2333 0.863695
29436.768 2016 2334 0.863753
29442.878 2017 2335 0.863812
29448.714 2017 2336 0.863442
29500.466 2018 2337 0.863500
29507.143 2019 2338 0.863559
29513.385 2020 2339 0.863617
29519.972 2021 2340 0.863675
29526.472 2021 2341 0.863306
29579.290 2022 2342 0.863365
29585.615 2023 2343 0.863423
29592.225 2024 2344 0.863481
29598.641 2025 2345 0.863539
29604.541 2026 2346 0.863598
29610.867 2027 2347 0.863656
29616.767 2028 2348 0.863714
29622.949 2029 2349 0.863772
29628.853 2030 2350 0.863830
29635.242 2031 2351 0.863888
29641.592 2032 2352 0.863946
29647.983 2033 2353 0.864003
29654.351 2034 2354 0.864061
29660.269 2035 2355 0.864119
29666.543 2036 2356 0.864177
29672.922 2037 2357 0.864234
29679.369 2038 2358 0.864292
29685.314 2039 2359 0.864349
29691.701 2040 2360 0.864407
29697.901 2041 2361 0.864464
29703.730 2041 2362 0.864098
29764.383 2042 2363 0.864156
29770.176 2043 2364 0.864213
29776.540 2044 2365 0.864271
29782.928 2045 2366 0.864328
29789.124 2046 2367 0.864385
29794.940 2047 2368 0.864443
29800.942 2048 2369 0.864500
29806.764 2048 2370 0.864135
29859.118 2049 2371 0.864192
29865.375 2050 2372 0.864250
29871.581 2051 2373 0.864307
29877.884 2052 2374 0.864364
29884.027 2053 2375 0.864421
29890.335 2054 2376 0.864478
29896.330 2055 2377 0.864535
29902.571 2056 2378 0.864592
29909.138 2057 2379 0.864649
29933.535 2058 2380 0.864706
29939.896 2058 2381 0.864343
29992.750 2059 2382 0.864400
29999.358 2060 2383 0.864457
30005.649 2061 2384 0.864513
30012.463 2062 2385 0.864570
30018.229 2063 2386 0.864627
30024.116 2064 2387 0.864684
30029.897 2065 2388 0.864740
30035.695 2066 2389 0.864797
30042.009 2067 2390 0.864854
30047.933 2067 2391 0.864492
30100.304 2068 2392 0.864548
30106.045 2068 2393 0.864187
30158.577 2069 2394 0.864244
30165.046 2070 2395 0.864301
30171.371 2071 2396 0.864357
30177.229 2072 2397 0.864414
30183.558 2072 2398 0.864053
30235.446 2073 2399 0.864110
30241.799 2074 2400 0.864167
30248.270 2074 2401 0.863807
30300.134 2075 2402 0.863863
30306.379 2076 2403 0.863920
30312.719 2077 2404 0.863977
30318.752 2078 2405 0.864033
30325.250 2079 2406 0.864090
30331.389 2080 2407 0.864146
30337.828 2081 2408 0.864203
30344.715 2081 2409 0.863844
30396.755 2082 2410 0.863900
30403.329 2083 2411 0.863957
30427.256 2084 2412 0.864013
30433.064 2085 2413 0.864070
30439.172 2086 2414 0.864126
30449.068 2087 2415 0.864182
30455.351 2088 2416 0.864238
30461.515 2089 2417 0.864295
30467.751 2089 2418 0.863937
30473.758 2090 2419 0.863993
30483.731 2091 2420 0.864050
30489.662 2091 2421 0.863693
30541.861 2092 2422 0.863749
30547.718 2093 2423 0.863805
30553.441 2094 2424 0.863861
30559.161 2095 2425 0.863918
30565.124 2095 2426 0.863561
30616.462 2095 2427 0.863206
30669.751 2096 2428 0.863262
30676.185 2096 2429 0.862907
30731.417 2097 2430 0.862963
30737.791 2098 2431 0.863019
30744.283 2099 2432 0.863076
30750.401 2100 2433 0.863132
30756.813 2100 2434 0.862777
30809.098 2101 2435 0.862834
30814.981 2102 2436 0.862890
30821.188 2103 2437 0.862946
30827.369 2104 2438 0.863002
30833.653 2105 2439 0.863059
30839.829 2106 2440 0.863115
30845.670 2106 2441 0.862761
30897.076 2107 2442 0.862817
30903.434 2108 2443 0.862874
30909.758 2109 2444 0.862930
30915.813 2110 2445 0.862986
30922.515 2111 2446 0.863042
30928.369 2112 2447 0.863098
30934.264 2113 2448 0.863154
30940.977 2114 2449 0.863209
30947.345 2115 2450 0.863265
30953.591 2116 2451 0.863321
30960.110 2116 2452 0.862969
31012.241 2116 2453 0.862617
31066.552 2117 2454 0.862673
31072.797 2117 2455 0.862322
31124.494 2118 2456 0.862378
31130.709 2119 2457 0.862434
31137.046 2120 2458 0.862490
31142.840 2120 2459 0.862139
31194.933 2121 2460 0.862195
31201.866 2122 2461 0.862251
31208.355 2122 2462 0.861901
31260.428 2123 2463 0.861957
31266.898 2124 2464 0.862013
31273.295 2125 2465 0.862069
31279.207 2126 2466 0.862125
31285.536 2127 2467 0.862181
31291.870 2127 2468 0.861831
31345.567 2127 2469 0.861482
31397.332 2128 2470 0.861538
31403.354 2129 2471 0.861594
31409.740 2130 2472 0.861650
31416.300 2131 2473 0.861706
31422.611 2132 2474 0.861762
31428.920 2133 2475 0.861818
31435.298 2134 2476 0.861874
31441.183 2135 2477 0.861930
31447.192 2135 2478 0.861582
31499.275 2136 2479 0.861638
31505.718 2136 2480 0.861290
31557.669 2137 2481 0.861346
31563.952 2138 2482 0.861402
31574.434 2139 2483 0.861458
31580.776 2140 2484 0.861514
31586.630 2141 2485 0.861569
31592.811 2142 2486 0.861625
31599.204 2143 2487 0.861681
31624.676 2143 2488 0.861334
31677.588 2144 2489 0.861390
31684.212 2145 2490 0.861446
31690.746 2146 2491 0.861501
31696.764 2147 2492 0.861557
31703.152 2148 2493 0.861613
31709.457 2149 2494 0.861668
31715.731 2150 2495 0.861723
31722.123 2151 2496 0.861779
31728.444 2152 2497 0.861834
31734.928 2153 2498 0.861890
31740.880 2153 2499 0.861545
31793.215 2154 2500 0.861600
31842.687 2155 2501 0.861655
31849.115 2156 2502 0.861711
31855.118 2157 2503 0.861766
31861.496 2158 2504 0.861821
31867.933 2159 2505 0.861876
31873.804 2160 2506 0.861931
31880.454 2161 2507 0.861986
31886.261 2162 2508 0.862041
31892.106 2163 2509 0.862096
31898.418 2164 2510 0.862151
31904.433 2165 2511 0.862206
31910.947 2165 2512 0.861863
31961.997 2166 2513 0.861918
31968.343 2167 2514 0.861973
31974.225 2168 2515 0.862028
31980.470 2169 2516 0.862083
31986.479 2170 2517 0.862137
31992.888 2171 2518 0.862192
31999.309 2172 2519 0.862247
32005.168 2173 2520 0.862302
32011.501 2173 2521 0.861960
32065.259 2174 2522 0.862014
32071.552 2174 2523 0.861673
32124.963 2175 2524 0.861727
32131.428 2176 2525 0.861782
32137.809 2176 2526 0.861441
32191.833 2177 2527 0.861496
32198.678 2177 2528 0.861155
32250.179 2178 2529 0.861210
32256.635 2179 2530 0.861265
32262.470 2180 2531 0.861320
32268.795 2181 2532 0.861374
32275.061 2182 2533 0.861429
32281.535 2183 2534 0.861484
32288.367 2184 2535 0.861538
32294.279 2185 2536 0.861593
32300.737 2186 2537 0.861648
32306.540 2187 2538 0.861702
32312.892 2187 2539 0.861363
32364.960 2188 2540 0.861417
32371.318 2189 2541 0.861472
32377.622 2190 2542 0.861526
32383.992 2191 2543 0.861581
32389.795 2192 2544 0.861635
32396.017 2193 2545 0.861690
32402.997 2194 2546 0.861744
32409.394 2195 2547 0.861798
32415.409 2196 2548 0.861852
32421.150 2197 2549 0.861907
32427.769 2198 2550 0.861961
32433.677 2199 2551 0.862015
32440.131 2200 2552 0.862069
32446.298 2201 2553 0.862123
32453.130 2202 2554 0.862177
32459.107 2203 2555 0.862231
32465.161 2204 2556 0.862285
32471.681 2205 2557 0.862339
32477.796 2206 2558 0.862392
32483.832 2207 2559 0.862446
32490.211 2208 2560 0.862500
32496.473 2209 2561 0.862554
32502.917 2210 2562 0.862607
32509.273 2211 2563 0.862661
32515.536 2212 2564 0.862715
32521.362 2213 2565 0.862768
32527.936 2214 2566 0.862822
32533.899 2214 2567 0.862485
32586.218 2215 2568 0.862539
32592.518 2216 2569 0.862592
32598.885 2217 2570 0.862646
32605.240 2218 2571 0.862699
32611.640 2218 2572 0.862364
32662.994 2219 2573 0.862417
32669.804 2220 2574 0.862471
32676.131 2221 2575 0.862524
32682.576 2222 2576 0.862578
32688.474 2223 2577 0.862631
32695.093 2224 2578 0.862684
32701.359 2225 2579 0.862737
32731.542 2226 2580 0.862791
32737.964 2227 2581 0.862844
32743.938 2228 2582 0.862897
32757.200 2229 2583 0.862950
32763.595 2230 2584 0.863003
32770.058 2231 2585 0.863056
32776.295 2232 2586 0.863109
32782.876 2233 2587 0.863162
32788.655 2234 2588 0.863215
32794.609 2235 2589 0.863268
32801.117 2236 2590 0.863320
32807.389 2237 2591 0.863373
32813.603 2238 2592 0.863426
32819.424 2239 2593 0.863479
32825.334 2240 2594 0.863531
32832.008 2241 2595 0.863584
32838.649 2242 2596 0.863636
32845.214 2243 2597 0.863689
32851.727 2243 2598 0.863356
32904.583 2244 2599 0.863409
32910.936 2245 2600 0.863462
32916.867 2246 2601 0.863514
32923.314 2247 2602 0.863566
32929.943 2248 2603 0.863619
32935.907 2249 2604 0.863671
32942.664 2250 2605 0.863724
32948.983 2251 2606 0.863776
32965.167 2252 2607 0.863828
32974.524 2253 2608 0.863880
32980.962 2254 2609 0.863933
32987.689 2254 2610 0.863602
33041.751 2255 2611 0.863654
33047.755 2256 2612 0.863706
33053.657 2257 2613 0.863758
33059.984 2257 2614 0.863428
33114.602 2258 2615 0.863480
33120.536 2258 2616 0.863150
33173.772 2259 2617 0.863202
33179.734 2260 2618 0.863254
33186.231 2261 2619 0.863307
33192.686 2262 2620 0.863359
33198.467 2263 2621 0.863411
33204.941 2264 2622 0.863463
33211.203 2265 2623 0.863515
33217.651 2266 2624 0.863567
33224.080 2266 2625 0.863238
33276.521 2267 2626 0.863290
33282.875 2268 2627 0.863342
33289.209 2268 2628 0.863014
33344.561 2268 2629 0.862685
33397.057 2269 2630 0.862738
33403.373 2270 2631 0.862790
33409.152 2271 2632 0.862842
33415.397 2272 2633 0.862894
33425.637 2272 2634 0.862566
33477.964 2273 2635 0.862619
33484.396 2274 2636 0.862671
33491.028 2275 2637 0.862723
33497.601 2275 2638 0.862396
33503.641 2276 2639 0.862448
33510.061 2276 2640 0.862121
33562.274 2277 2641 0.862173
33568.276 2278 2642 0.862226
33574.315 2279 2643 0.862278
33580.591 2280 2644 0.862330
33586.737 2281 2645 0.862382
33593.074 2281 2646 0.862056
33645.298 2282 2647 0.862108
33651.668 2283 2648 0.862160
33658.066 2284 2649 0.862212
33664.462 2285 2650 0.862264
33670.935 2286 2651 0.862316
33677.099 2287 2652 0.862368
33683.863 2288 2653 0.862420
33690.163 2289 2654 0.862472
33696.544 2289 2655 0.862147
33751.104 2290 2656 0.862199
33757.710 2291 2657 0.862251
33768.223 2292 2658 0.862302
33774.782 2293 2659 0.862354
33781.328 2294 2660 0.862406
33787.845 2295 2661 0.862458
33794.086 2296 2662 0.862509
33800.082 2296 2663 0.862186
33854.130 2297 2664 0.862237
33860.596 2298 2665 0.862289
33866.989 2299 2666 0.862341
33872.983 2299 2667 0.862017
33925.043 2300 2668 0.862069
33931.779 2301 2669 0.862121
33938.328 2302 2670 0.862172
33944.522 2302 2671 0.861849
33996.014 2303 2672 0.861901
34001.824 2303 2673 0.861579
34054.622 2304 2674 0.861631
34060.642 2305 2675 0.861682
34067.000 2306 2676 0.861734
34073.282 2307 2677 0.861786
34079.142 2308 2678 0.861837
34085.695 2309 2679 0.861889
34092.177 2310 2680 0.861940
34114.357 2311 2681 0.861992
34120.338 2312 2682 0.862043
34127.092 2313 2683 0.862095
34134.375 2314 2684 0.862146
34141.459 2315 2685 0.862197
34147.354 2316 2686 0.862249
34153.695 2317 2687 0.862300
34160.168 2318 2688 0.862351
34166.134 2318 2689 0.862030
34218.278 2319 2690 0.862082
34225.000 2320 2691 0.862133
34231.080 2321 2692 0.862184
34237.278 2322 2693 0.862235
34243.811 2323 2694 0.862287
34250.238 2324 2695 0.862338
34256.775 2325 2696 0.862389
34262.976 2325 2697 0.862069
34315.558 2326 2698 0.862120
34321.827 2327 2699 0.862171
34328.186 2328 2700 0.862222
34335.254 2329 2701 0.862273
34341.696 2330 2702 0.862324
34347.726 2331 2703 0.862375
34353.715 2332 2704 0.862426
34359.687 2333 2705 0.862477
34365.663 2334 2706 0.862528
34376.203 2335 2707 0.862579
34382.219 2335 2708 0.862260
34434.439 2336 2709 0.862311
34440.764 2337 2710 0.862362
34446.793 2338 2711 0.862412
34452.820 2339 2712 0.862463
34458.915 2340 2713 0.862514
34465.456 2341 2714 0.862564
34471.359 2342 2715 0.862615
34477.700 2343 2716 0.862666
34484.106 2344 2717 0.862716
34490.555 2345 2718 0.862767
34496.594 2346 2719 0.862817
34503.195 2347 2720 0.862868
34509.822 2348 2721 0.862918
34516.549 2349 2722 0.862968
34522.977 2350 2723 0.863019
34529.378 2350 2724 0.862702
34581.690 2351 2725 0.862752
34587.693 2352 2726 0.862803
34594.074 2352 2727 0.862486
34645.390 2352 2728 0.862170
34697.070 2353 2729 0.862221
34703.677 2354 2730 0.862271
34709.689 2355 2731 0.862321
34716.973 2356 2732 0.862372
34723.518 2357 2733 0.862422
34729.537 2358 2734 0.862473
34748.307 2359 2735 0.862523
34754.618 2360 2736 0.862573
34760.983 2361 2737 0.862623
34767.380 2362 2738 0.862673
34773.465 2363 2739 0.862724
34779.993 2364 2740 0.862774
34786.604 2365 2741 0.862824
34818.234 2366 2742 0.862874
34824.885 2367 2743 0.862924
34831.260 2367 2744 0.862609
34884.534 2368 2745 0.862659
34890.473 2369 2746 0.862709
34896.914 2370 2747 0.862759
34903.332 2371 2748 0.862809
34909.384 2371 2749 0.862495
34961.039 2371 2750 0.862182
35013.497 2372 2751 0.862232
35019.573 2372 2752 0.861919
35071.597 2372 2753 0.861606
35123.633 2373 2754 0.861656
35130.284 2374 2755 0.861706
35136.664 2375 2756 0.861756
35142.863 2376 2757 0.861806
35149.270 2376 2758 0.861494
35201.958 2377 2759 0.861544
35208.480 2378 2760 0.861594
35215.000 2379 2761 0.861644
35220.997 2380 2762 0.861694
35227.463 2380 2763 0.861383
35280.111 2381 2764 0.861433
35286.725 2381 2765 0.861121
35340.667 2382 2766 0.861171
35346.957 2383 2767 0.861222
35353.289 2384 2768 0.861272
35359.683 2385 2769 0.861322
35366.056 2386 2770 0.861372
35372.455 2387 2771 0.861422
35379.161 2388 2772 0.861472
35385.535 2389 2773 0.861522
35391.555 2390 2774 0.861572
35398.007 2391 2775 0.861622
35404.008 2392 2776 0.861671
35410.380 2393 2777 0.861721
35416.321 2394 2778 0.861771
35422.197 2395 2779 0.861821
35428.160 2395 2780 0.861511
35480.627 2396 2781 0.861561
35487.233 2397 2782 0.861610
35493.300 2398 2783 0.861660
35500.194 2399 2784 0.861710
35506.731 2400 2785 0.861759
35513.627 2401 2786 0.861809
35531.458 2402 2787 0.861859
35537.438 2403 2788 0.861908
35543.365 2404 2789 0.861958
35549.547 2405 2790 0.862007
35555.874 2406 2791 0.862057
35562.207 2407 2792 0.862106
35568.663 2408 2793 0.862155
35574.781 2409 2794 0.862205
35581.531 2410 2795 0.862254
35588.007 2411 2796 0.862303
35594.357 2412 2797 0.862353
35600.830 2413 2798 0.862402
35607.278 2413 2799 0.862094
35662.919 2414 2800 0.862143
35669.248 2414 2801 0.861835
35722.249 2415 2802 0.861884
35728.767 2416 2803 0.861934
35734.803 2417 2804 0.861983
35740.987 2417 2805 0.861676
35794.433 2417 2806 0.861368
35846.497 2418 2807 0.861418
35852.973 2418 2808 0.861111
35906.251 2419 2809 0.861161
35912.332 2420 2810 0.861210
35918.764 2421 2811 0.861259
35924.790 2422 2812 0.861309
35930.963 2422 2813 0.861002
35984.565 2423 2814 0.861052
35990.593 2424 2815 0.861101
35997.004 2424 2816 0.860795
36049.456 2424 2817 0.860490
36105.112 2425 2818 0.860539
36111.752 2426 2819 0.860589
36117.786 2427 2820 0.860638
36124.474 2428 2821 0.860688
36130.793 2429 2822 0.860737
36137.763 2430 2823 0.860786
36144.094 2431 2824 0.860836
36150.005 2432 2825 0.860885
36156.410 2433 2826 0.860934
36162.844 2434 2827 0.860983
36168.883 2435 2828 0.861033
36174.916 2436 2829 0.861082
36181.241 2437 2830 0.861131
36187.196 2438 2831 0.861180
36193.883 2439 2832 0.861229
36199.867 2439 2833 0.860925
36251.881 2440 2834 0.860974
36258.304 2441 2835 0.861023
36264.768 2442 2836 0.861072
36271.383 2442 2837 0.860768
36322.859 2443 2838 0.860817
36329.362 2444 2839 0.860867
36335.312 2445 2840 0.860915
36341.628 2446 2841 0.860964
36347.571 2447 2842 0.861013
36354.134 2448 2843 0.861062
36360.558 2449 2844 0.861111
36367.070 2450 2845 0.861160
36373.491 2450 2846 0.860857
36426.294 2450 2847 0.860555
36478.562 2450 2848 0.860253
36531.298 2451 2849 0.860302
36537.821 2452 2850 0.860351
36543.999 2452 2851 0.860049
36596.876 2452 2852 0.859748
36648.409 2453 2853 0.859797
36654.388 2454 2854 0.859846
36660.870 2455 2855 0.859895
36667.533 2456 2856 0.859944
36674.175 2456 2857 0.859643
36727.198 2457 2858 0.859692
36733.109 2458 2859 0.859741
36739.034 2459 2860 0.859790
36745.370 2460 2861 0.859839
36751.844 2461 2862 0.859888
36758.183 2462 2863 0.859937
36764.604 2463 2864 0.859986
36770.523 2464 2865 0.860035
36787.807 2465 2866 0.860084
36794.369 2466 2867 0.860133
36800.777 2467 2868 0.860181
36807.202 2468 2869 0.860230
36813.695 2469 2870 0.860279
36820.017 2470 2871 0.860327
36826.050 2471 2872 0.860376
36832.674 2471 2873 0.860077
36884.990 2472 2874 0.860125
36890.932 2472 2875 0.859826
36942.407 2473 2876 0.859875
36948.453 2474 2877 0.859924
36954.830 2475 2878 0.859972
36962.483 2475 2879 0.859673
37015.215 2476 2880 0.859722
37021.626 2477 2881 0.859771
37028.317 2478 2882 0.859820
37034.786 2479 2883 0.859868
37041.206 2480 2884 0.859917
37047.530 2481 2885 0.859965
37053.941 2482 2886 0.860014
37059.895 2483 2887 0.860062
37066.490 2484 2888 0.860111
37072.572 2485 2889 0.860159
37078.469 2485 2890 0.859862
37132.188 2486 2891 0.859910
37138.159 2487 2892 0.859959
37144.319 2488 2893 0.860007
37150.965 2488 2894 0.859710
37204.639 2489 2895 0.859758
37211.043 2490 2896 0.859807
37217.561 2491 2897 0.859855
37265.687 2491 2898 0.859558
37318.237 2492 2899 0.859607
37324.725 2493 2900 0.859655
37330.850 2494 2901 0.859704
37336.771 2495 2902 0.859752
37343.901 2496 2903 0.859800
37350.086 2497 2904 0.859848
37356.570 2498 2905 0.859897
37363.268 2499 2906 0.859945
37369.776 2499 2907 0.859649
37423.178 2500 2908 0.859697
37429.554 2501 2909 0.859746
37436.086 2502 2910 0.859794
37442.666 2503 2911 0.859842
37449.183 2504 2912 0.859890
37455.137 2505 2913 0.859938
37462.003 2505 2914 0.859643
37513.970 2506 2915 0.859691
37521.015 2507 2916 0.859739
37527.389 2508 2917 0.859787
37533.439 2509 2918 0.859836
37539.864 2510 2919 0.859884
37546.486 2510 2920 0.859589
37598.895 2511 2921 0.859637
37605.692 2512 2922 0.859685
37612.219 2513 2923 0.859733
37618.795 2513 2924 0.859439
37671.271 2514 2925 0.859487
37677.230 2515 2926 0.859535
37684.250 2516 2927 0.859583
37690.721 2517 2928 0.859631
37697.234 2518 2929 0.859679
37706.673 2519 2930 0.859727
37712.771 2520 2931 0.859775
37719.174 2521 2932 0.859823
37725.217 2522 2933 0.859870
37731.361 2522 2934 0.859577
37783.354 2523 2935 0.859625
37789.882 2524 2936 0.859673
37796.474 2525 2937 0.859721
37802.775 2526 2938 0.859769
37809.321 2527 2939 0.859816
37815.815 2528 2940 0.859864
37822.802 2529 2941 0.859912
37828.760 2530 2942 0.859959
37834.744 2530 2943 0.859667
37840.878 2530 2944 0.859375
37892.939 2531 2945 0.859423
37899.397 2532 2946 0.859470
37905.814 2533 2947 0.859518
37912.306 2534 2948 0.859566
37918.532 2535 2949 0.859613
37925.160 2536 2950 0.859661
37931.647 2537 2951 0.859709
37938.123 2538 2952 0.859756
37944.603 2539 2953 0.859804
37950.980 2539 2954 0.859513
38003.760 2540 2955 0.859560
38010.138 2541 2956 0.859608
38016.496 2542 2957 0.859655
38022.923 2543 2958 0.859703
38029.479 2544 2959 0.859750
38035.848 2545 2960 0.859797
38042.224 2545 2961 0.859507
38095.673 2546 2962 0.859554
38102.330 2546 2963 0.859264
38154.491 2547 2964 0.859312
38160.897 2547 2965 0.859022
38213.073 2548 2966 0.859069
38219.708 2549 2967 0.859117
38225.766 2550 2968 0.859164
38232.189 2551 2969 0.859212
38238.164 2552 2970 0.859259
38244.676 2553 2971 0.859307
38251.193 2553 2972 0.859017
38302.405 2554 2973 0.859065
38308.487 2555 2974 0.859112
38315.033 2556 2975 0.859160
38321.598 2557 2976 0.859207
38328.426 2558 2977 0.859254
38334.910 2559 2978 0.859302
38341.532 2560 2979 0.859349
38347.933 2561 2980 0.859396
38355.002 2562 2981 0.859443
38361.708 2563 2982 0.859490
38368.323 2564 2983 0.859537
38374.399 2565 2984 0.859584
38403.685 2566 2985 0.859631
38411.787 2567 2986 0.859678
38418.237 2568 2987 0.859725
38424.897 2569 2988 0.859772
38431.359 2570 2989 0.859819
38437.975 2571 2990 0.859866
38444.461 2572 2991 0.859913
38450.461 2573 2992 0.859960
38456.882 2574 2993 0.860007
38462.803 2575 2994 0.860053
38469.303 2576 2995 0.860100
38475.381 2576 2996 0.859813
38526.812 2577 2997 0.859860
38533.149 2578 2998 0.859907
38539.401 2579 2999 0.859953
38545.925 2580 3000 0.860000
38553.458 2581 3001 0.860047
38559.522 2582 3002 0.860093
38565.989 2583 3003 0.860140
38572.341 2584 3004 0.860186
38578.820 2585 3005 0.860233
38585.467 2586 3006 0.860279
38591.866 2587 3007 0.860326
38597.958 2588 3008 0.860372
38603.970 2589 3009 0.860419
38610.451 2589 3010 0.860133
38663.145 2590 3011 0.860179
38669.611 2590 3012 0.859894
38723.390 2591 3013 0.859940
38729.778 2592 3014 0.859987
38736.237 2593 3015 0.860033
38759.927 2593 3016 0.859748
38812.190 2594 3017 0.859794
38818.342 2595 3018 0.859841
38824.488 2596 3019 0.859887
38830.632 2597 3020 0.859934
38837.116 2597 3021 0.859649
38889.836 2598 3022 0.859696
38897.240 2598 3023 0.859411
38948.826 2598 3024 0.859127
39001.139 2599 3025 0.859174
39007.726 2600 3026 0.859220
39014.343 2600 3027 0.858936
39067.020 2601 3028 0.858983
39073.573 2602 3029 0.859029
39080.384 2603 3030 0.859076
39086.513 2604 3031 0.859122
39093.018 2605 3032 0.859169
39099.246 2606 3033 0.859215
39105.790 2607 3034 0.859262
39112.236 2607 3035 0.858979
39163.610 2608 3036 0.859025
39170.749 2609 3037 0.859071
39177.529 2610 3038 0.859118
39184.576 2611 3039 0.859164
39191.183 2612 3040 0.859211
39197.755 2613 3041 0.859257
39204.414 2614 3042 0.859303
39210.420 2615 3043 0.859349
39216.501 2616 3044 0.859396
39223.073 2616 3045 0.859113
39275.371 2617 3046 0.859160
39281.560 2618 3047 0.859206
39288.177 2619 3048 0.859252
39294.706 2619 3049 0.858970
39348.704 2620 3050 0.859016
39354.718 2621 3051 0.859063
39361.549 2622 3052 0.859109
39368.022 2623 3053 0.859155
39374.656 2624 3054 0.859201
39380.718 2625 3055 0.859247
39386.810 2625 3056 0.858966
39439.657 2626 3057 0.859012
39445.726 2627 3058 0.859058
39452.209 2628 3059 0.859104
39458.630 2629 3060 0.859150
39464.695 2630 3061 0.859196
39471.089 2631 3062 0.859242
39477.647 2632 3063 0.859288
39498.697 2633 3064 0.859334
39504.620 2633 3065 0.859054
39555.971 2634 3066 0.859100
39562.458 2635 3067 0.859146
39569.128 2635 3068 0.858866
39621.750 2636 3069 0.858912
39628.259 2637 3070 0.858958
39634.786 2638 3071 0.859004
39641.327 2639 3072 0.859049
39647.294 2640 3073 0.859095
39653.908 2641 3074 0.859141
39660.495 2642 3075 0.859187
39666.965 2643 3076 0.859233
39673.301 2643 3077 0.858954
39728.000 2644 3078 0.858999
39737.216 2645 3079 0.859045
39743.146 2646 3080 0.859091
39749.580 2647 3081 0.859137
39755.471 2648 3082 0.859182
39761.578 2649 3083 0.859228
39775.662 2650 3084 0.859274
39781.697 2650 3085 0.858995
39833.942 2651 3086 0.859041
39839.996 2652 3087 0.859086
39846.701 2653 3088 0.859132
39852.745 2654 3089 0.859178
39859.299 2655 3090 0.859223
39865.857 2656 3091 0.859269
39873.258 2656 3092 0.858991
39925.807 2657 3093 0.859037
39932.334 2657 3094 0.858759
39984.513 2658 3095 0.858805
39991.196 2658 3096 0.858527
40043.596 2659 3097 0.858573
40049.800 2659 3098 0.858296
40102.288 2659 3099 0.858019
40155.631 2660 3100 0.858065
40161.737 2661 3101 0.858110
40168.557 2662 3102 0.858156
40174.972 2663 3103 0.858202
40181.735 2664 3104 0.858247
40188.576 2665 3105 0.858293
40195.325 2666 3106 0.858339
40201.689 2666 3107 0.858062
40254.425 2667 3108 0.858108
40260.938 2668 3109 0.858154
40267.884 2669 3110 0.858199
40274.143 2670 3111 0.858245
40280.705 2671 3112 0.858290
40290.661 2671 3113 0.858015
40344.785 2672 3114 0.858060
40351.484 2673 3115 0.858106
40358.115 2674 3116 0.858151
40364.164 2675 3117 0.858197
40370.278 2676 3118 0.858242
40376.893 2677 3119 0.858288
40382.970 2678 3120 0.858333
40389.718 2679 3121 0.858379
40396.447 2680 3122 0.858424
40402.990 2681 3123 0.858469
40409.589 2682 3124 0.858515
40416.594 2682 3125 0.858240
40468.913 2683 3126 0.858285
40475.033 2684 3127 0.858331
40481.031 2685 3128 0.858376
40487.727 2686 3129 0.858421
40494.280 2687 3130 0.858466
40500.290 2688 3131 0.858512
40507.179 2689 3132 0.858557
40513.693 2690 3133 0.858602
40519.698 2691 3134 0.858647
40528.942 2692 3135 0.858692
40534.985 2692 3136 0.858418
40588.822 2693 3137 0.858464
40594.840 2694 3138 0.858509
40600.951 2695 3139 0.858554
40606.943 2696 3140 0.858599
40613.466 2697 3141 0.858644
40619.965 2698 3142 0.858689
40626.290 2699 3143 0.858734
40632.460 2700 3144 0.858779
40639.001 2700 3145 0.858506
40692.895 2701 3146 0.858551
40699.042 2702 3147 0.858595
40717.159 2703 3148 0.858640
40724.040 2704 3149 0.858685
40730.026 2705 3150 0.858730
40736.655 2706 3151 0.858775
40742.758 2707 3152 0.858820
40749.328 2708 3153 0.858865
40755.463 2709 3154 0.858909
40762.131 2710 3155 0.858954
40769.070 2711 3156 0.858999
40775.612 2711 3157 0.858727
40827.648 2712 3158 0.858771
40833.818 2713 3159 0.858816
40840.435 2714 3160 0.858861
40846.581 2715 3161 0.858905
40852.696 2716 3162 0.858950
40859.216 2716 3163 0.858678
40910.650 2717 3164 0.858723
40917.357 2717 3165 0.858452
40969.751 2718 3166 0.858497
40976.551 2719 3167 0.858541
40983.220 2720 3168 0.858586
40989.720 2721 3169 0.858630
40995.904 2722 3170 0.858675
41002.452 2722 3171 0.858404
41055.365 2723 3172 0.858449
41062.151 2724 3173 0.858494
41068.485 2725 3174 0.858538
41075.686 2726 3175 0.858583
41082.557 2727 3176 0.858627
41089.450 2728 3177 0.858672
41096.827 2729 3178 0.858716
41103.374 2730 3179 0.858761
41109.404 2730 3180 0.858491
41115.961 2731 3181 0.858535
41123.004 2731 3182 0.858265
41175.511 2732 3183 0.858310
41181.622 2733 3184 0.858354
41188.271 2734 3185 0.858399
41194.836 2734 3186 0.858129
41247.643 2735 3187 0.858174
41253.749 2736 3188 0.858218
41260.138 2737 3189 0.858263
41266.447 2738 3190 0.858307
41272.902 2739 3191 0.858352
41278.928 2740 3192 0.858396
41285.385 2741 3193 0.858440
41291.972 2742 3194 0.858485
41298.596 2743 3195 0.858529
41304.738 2744 3196 0.858573
41311.097 2745 3197 0.858617
41317.727 2746 3198 0.858662
41324.006 2747 3199 0.858706
41330.127 2748 3200 0.858750
41336.912 2749 3201 0.858794
41343.648 2750 3202 0.858838
41350.099 2751 3203 0.858882
41356.722 2752 3204 0.858926
41363.533 2753 3205 0.858970
41370.109 2754 3206 0.859014
41376.400 2755 3207 0.859058
41382.975 2756 3208 0.859102
41389.075 2756 3209 0.858835
41441.322 2757 3210 0.858879
41448.303 2758 3211 0.858922
41455.007 2759 3212 0.858966
41461.888 2760 3213 0.859010
41468.795 2761 3214 0.859054
41477.931 2761 3215 0.858787
41484.366 2762 3216 0.858831
41490.940 2763 3217 0.858875
41497.901 2764 3218 0.858919
41503.903 2764 3219 0.858652
41556.682 2765 3220 0.858696
41563.285 2766 3221 0.858740
41569.434 2767 3222 0.858783
41575.870 2768 3223 0.858827
41582.408 2769 3224 0.858871
41588.860 2770 3225 0.858915
41595.468 2771 3226 0.858958
41602.291 2772 3227 0.859002
41608.368 2773 3228 0.859046
41615.127 2774 3229 0.859090
41621.774 2774 3230 0.858824
41674.240 2774 3231 0.858558
41726.578 2775 3232 0.858601
41764.865 2776 3233 0.858645
41814.761 2777 3234 0.858689
41820.887 2778 3235 0.858733
41827.600 2778 3236 0.858467
41879.865 2779 3237 0.858511
41886.361 2780 3238 0.858555
41892.925 2781 3239 0.858598
41899.472 2782 3240 0.858642
41906.090 2783 3241 0.858686
41912.564 2784 3242 0.858729
41918.904 2785 3243 0.858773
41925.200 2786 3244 0.858816
41932.036 2787 3245 0.858860
41939.151 2788 3246 0.858903
41946.373 2789 3247 0.858947
41977.503 2790 3248 0.858990
41984.130 2791 3249 0.859034
41990.748 2792 3250 0.859077
41999.303 2793 3251 0.859120
42006.331 2793 3252 0.858856
42057.522 2794 3253 0.858899
42064.219 2795 3254 0.858943
42070.354 2796 3255 0.858986
42077.004 2796 3256 0.858722
42129.683 2797 3257 0.858766
42135.834 2798 3258 0.858809
42143.030 2799 3259 0.858852
42149.335 2800 3260 0.858896
42155.504 2801 3261 0.858939
42161.609 2802 3262 0.858982
42167.726 2802 3263 0.858719
42220.409 2803 3264 0.858762
42226.534 2804 3265 0.858806
42232.711 2805 3266 0.858849
42239.339 2806 3267 0.858892
42246.688 2807 3268 0.858935
42253.694 2808 3269 0.858978
42260.350 2809 3270 0.859021
42267.104 2810 3271 0.859065
42273.527 2810 3272 0.858802
42326.104 2811 3273 0.858845
42332.158 2812 3274 0.858888
42338.849 2813 3275 0.858931
42345.680 2814 3276 0.858974
42352.303 2815 3277 0.859017
42359.097 2816 3278 0.859060
42365.826 2817 3279 0.859103
42372.461 2818 3280 0.859146
42378.530 2819 3281 0.859189
42385.082 2820 3282 0.859232
42391.701 2821 3283 0.859275
42398.407 2822 3284 0.859318
42404.595 2823 3285 0.859361
42410.791 2824 3286 0.859404
42416.927 2825 3287 0.859446
42423.579 2826 3288 0.859489
42430.610 2827 3289 0.859532
42453.670 2828 3290 0.859574
42459.892 2828 3291 0.859313
42512.650 2829 3292 0.859356
42519.905 2830 3293 0.859399
42526.606 2831 3294 0.859441
42532.674 2832 3295 0.859484
42539.251 2832 3296 0.859223
42592.865 2833 3297 0.859266
42599.267 2834 3298 0.859309
42606.023 2835 3299 0.859351
42612.135 2835 3300 0.859091
42664.118 2836 3301 0.859134
42670.962 2837 3302 0.859176
42677.376 2838 3303 0.859219
42683.431 2839 3304 0.859262
42689.553 2840 3305 0.859304
42695.741 2841 3306 0.859347
42702.389 2842 3307 0.859389
42709.219 2842 3308 0.859129
42761.677 2842 3309 0.858870
42813.941 2842 3310 0.858610
42866.429 2843 3311 0.858653
42872.584 2844 3312 0.858696
42879.151 2845 3313 0.858738
42885.889 2846 3314 0.858781
42892.443 2847 3315 0.858824
42898.604 2848 3316 0.858866
42905.852 2849 3317 0.858909
42912.042 2850 3318 0.858951
42918.192 2850 3319 0.858692
42970.878 2851 3320 0.858735
42977.014 2852 3321 0.858777
42983.826 2853 3322 0.858820
42990.450 2854 3323 0.858862
42996.840 2855 3324 0.858905
43003.132 2855 3325 0.858647
43059.616 2856 3326 0.858689
43066.158 2857 3327 0.858732
43072.711 2858 3328 0.858774
43079.549 2859 3329 0.858816
43085.557 2860 3330 0.858859
43092.085 2861 3331 0.858901
43098.825 2862 3332 0.858944
43104.927 2863 3333 0.858986
43111.630 2864 3334 0.859028
43118.500 2865 3335 0.859070
43124.605 2866 3336 0.859113
43130.761 2867 3337 0.859155
43137.263 2868 3338 0.859197
43143.411 2869 3339 0.859239
43163.128 2870 3340 0.859281
43169.895 2871 3341 0.859324
43189.903 2872 3342 0.859366
43196.913 2872 3343 0.859109
43249.755 2873 3344 0.859151
43255.829 2874 3345 0.859193
43262.864 2875 3346 0.859235
43269.500 2876 3347 0.859277
43276.811 2877 3348 0.859319
43282.908 2878 3349 0.859361
43289.449 2879 3350 0.859403
43295.681 2880 3351 0.859445
43301.963 2881 3352 0.859487
43308.180 2882 3353 0.859529
43314.857 2883 3354 0.859571
43321.544 2884 3355 0.859613
43328.057 2885 3356 0.859654
43334.782 2886 3357 0.859696
43341.341 2887 3358 0.859738
43347.993 2888 3359 0.859780
43354.569 2889 3360 0.859821
43361.168 2890 3361 0.859863
43368.048 2891 3362 0.859905
43375.008 2892 3363 0.859946
43381.221 2893 3364 0.859988
43388.450 2894 3365 0.860030
43394.550 2895 3366 0.860071
43401.966 2896 3367 0.860113
43408.235 2897 3368 0.860154
43421.281 2898 3369 0.860196
43428.878 2899 3370 0.860237
43435.075 2899 3371 0.859982
43487.444 2900 3372 0.860024
43494.144 2901 3373 0.860065
43539.323 2902 3374 0.860107
43546.186 2902 3375 0.859852
43598.623 2903 3376 0.859893
43604.893 2904 3377 0.859935
43610.970 2905 3378 0.859976
43617.395 2906 3379 0.860018
43623.979 2907 3380 0.860059
43630.044 2908 3381 0.860101
43636.617 2909 3382 0.860142
43642.800 2910 3383 0.860183
43649.269 2910 3384 0.859929
43702.331 2911 3385 0.859970
43714.678 2912 3386 0.860012
43720.914 2913 3387 0.860053
43727.904 2913 3388 0.859799
43781.049 2914 3389 0.859841
43787.639 2915 3390 0.859882
43793.762 2916 3391 0.859923
43800.311 2917 3392 0.859965
43806.590 2918 3393 0.860006
43813.292 2918 3394 0.859753
43866.048 2919 3395 0.859794
43872.641 2920 3396 0.859835
43879.333 2921 3397 0.859876
43886.167 2922 3398 0.859918
43892.401 2923 3399 0.859959
43899.134 2924 3400 0.860000
43905.358 2924 3401 0.859747
43957.551 2925 3402 0.859788
43964.430 2926 3403 0.859830
43971.198 2927 3404 0.859871
43977.996 2927 3405 0.859618
44030.139 2928 3406 0.859659
44036.729 2929 3407 0.859701
44042.767 2930 3408 0.859742
44048.865 2931 3409 0.859783
44055.572 2931 3410 0.859531
44110.040 2931 3411 0.859279
44164.875 2932 3412 0.859320
44171.084 2933 3413 0.859361
44177.252 2934 3414 0.859402
44183.919 2935 3415 0.859444
44190.788 2936 3416 0.859485
44197.765 2937 3417 0.859526
44206.658 2938 3418 0.859567
44213.334 2939 3419 0.859608
44219.524 2939 3420 0.859357
44270.938 2940 3421 0.859398
44277.604 2941 3422 0.859439
44284.278 2941 3423 0.859188
44337.091 2942 3424 0.859229
44343.561 2943 3425 0.859270
44350.128 2943 3426 0.859019
44402.675 2944 3427 0.859060
44409.310 2945 3428 0.859102
44416.591 2946 3429 0.859143
44422.693 2947 3430 0.859184
44429.183 2948 3431 0.859225
44435.783 2949 3432 0.859266
44442.324 2950 3433 0.859307
44448.980 2951 3434 0.859348
44465.367 2952 3435 0.859389
44472.083 2953 3436 0.859430
44478.685 2954 3437 0.859470
44485.448 2955 3438 0.859511
44492.182 2955 3439 0.859261
44545.273 2956 3440 0.859302
44551.588 2957 3441 0.859343
44559.725 2958 3442 0.859384
44566.429 2959 3443 0.859425
44573.106 2959 3444 0.859175
44626.068 2960 3445 0.859216
44632.587 2961 3446 0.859257
44639.435 2962 3447 0.859298
44645.594 2963 3448 0.859339
44652.181 2964 3449 0.859380
44658.826 2964 3450 0.859130
44710.828 2965 3451 0.859171
44717.583 2966 3452 0.859212
44724.788 2967 3453 0.859253
44731.280 2968 3454 0.859294
44737.981 2969 3455 0.859334
44744.508 2970 3456 0.859375
44750.671 2971 3457 0.859416
44757.466 2972 3458 0.859456
44763.619 2973 3459 0.859497
44770.628 2974 3460 0.859538
44777.294 2975 3461 0.859578
44784.020 2976 3462 0.859619
44790.445 2976 3463 0.859370
44843.151 2976 3464 0.859122
44897.579 2977 3465 0.859163
44904.006 2978 3466 0.859204
44911.592 2979 3467 0.859244
44917.992 2980 3468 0.859285
44924.882 2981 3469 0.859325
44931.820 2982 3470 0.859366
44938.733 2983 3471 0.859407
44945.401 2984 3472 0.859447
44952.060 2985 3473 0.859487
44958.857 2986 3474 0.859528
44965.480 2987 3475 0.859568
44972.125 2988 3476 0.859609
44978.651 2989 3477 0.859649
44985.508 2990 3478 0.859689
44992.240 2990 3479 0.859442
45044.160 2990 3480 0.859195
45096.834 2991 3481 0.859236
45103.038 2992 3482 0.859276
45109.692 2993 3483 0.859317
45116.506 2994 3484 0.859357
45123.111 2995 3485 0.859397
45129.702 2996 3486 0.859438
45136.276 2997 3487 0.859478
45142.448 2998 3488 0.859518
45149.139 2999 3489 0.859559
45155.351 3000 3490 0.859599
45162.036 3001 3491 0.859639
45168.662 3002 3492 0.859679
45175.494 3003 3493 0.859719
45182.547 3004 3494 0.859760
45189.553 3005 3495 0.859800
45196.366 3005 3496 0.859554
45247.973 3005 3497 0.859308
45299.802 3006 3498 0.859348
45305.977 3007 3499 0.859388
45313.055 3008 3500 0.859429
45319.797 3009 3501 0.859469
45326.650 3009 3502 0.859223
45378.963 3009 3503 0.858978
45431.782 3010 3504 0.859018
45438.406 3011 3505 0.859058
45444.675 3012 3506 0.859099
45451.420 3013 3507 0.859139
45457.556 3013 3508 0.858894
45510.286 3014 3509 0.858934
45516.942 3015 3510 0.858974
45523.669 3015 3511 0.858730
45576.454 3016 3512 0.858770
45583.044 3017 3513 0.858810
45589.202 3018 3514 0.858850
45596.150 3019 3515 0.858890
45603.317 3020 3516 0.858931
45610.029 3021 3517 0.858971
45616.308 3022 3518 0.859011
45622.937 3023 3519 0.859051
45629.601 3024 3520 0.859091
45636.057 3025 3521 0.859131
45642.670 3026 3522 0.859171
45649.224 3027 3523 0.859211
45655.345 3028 3524 0.859251
45661.656 3029 3525 0.859291
45667.895 3030 3526 0.859331
45675.868 3031 3527 0.859371
45682.087 3032 3528 0.859410
45688.662 3033 3529 0.859450
45697.468 3034 3530 0.859490
45703.771 3035 3531 0.859530
45710.469 3035 3532 0.859287
45764.788 3036 3533 0.859326
45771.393 3037 3534 0.859366
45778.001 3037 3535 0.859123
45830.589 3038 3536 0.859163
45837.360 3039 3537 0.859203
45844.642 3039 3538 0.858960
45897.479 3040 3539 0.859000
45904.292 3041 3540 0.859040
45911.090 3042 3541 0.859079
45917.917 3043 3542 0.859119
45924.702 3043 3543 0.858877
45977.631 3044 3544 0.858916
45983.989 3045 3545 0.858956
45991.051 3045 3546 0.858714
46043.859 3046 3547 0.858754
46050.626 3047 3548 0.858794
46057.410 3048 3549 0.858833
46064.245 3049 3550 0.858873
46070.482 3050 3551 0.858913
46076.721 3051 3552 0.858953
46083.056 3052 3553 0.858992
46089.749 3052 3554 0.858751
46141.956 3053 3555 0.858790
46148.677 3054 3556 0.858830
46155.429 3055 3557 0.858870
46162.320 3056 3558 0.858909
46169.048 3057 3559 0.858949
46175.812 3058 3560 0.858989
46182.187 3059 3561 0.859028
46188.681 3060 3562 0.859068
46195.466 3061 3563 0.859107
46202.443 3062 3564 0.859147
46209.263 3063 3565 0.859187
46215.532 3064 3566 0.859226
46222.200 3065 3567 0.859265
46228.795 3066 3568 0.859305
46235.059 3067 3569 0.859344
46242.017 3068 3570 0.859384
46248.371 3069 3571 0.859423
46262.925 3070 3572 0.859462
46269.738 3071 3573 0.859502
46276.674 3072 3574 0.859541
46283.493 3073 3575 0.859580
46290.317 3074 3576 0.859620
46297.300 3075 3577 0.859659
46303.657 3075 3578 0.859419
46356.866 3076 3579 0.859458
46363.608 3076 3580 0.859218
46416.177 3077 3581 0.859257
46423.019 3078 3582 0.859296
46429.287 3078 3583 0.859057
46482.301 3078 3584 0.858817
46534.003 3079 3585 0.858856
46540.321 3080 3586 0.858896
46547.034 3080 3587 0.858656
46601.935 3081 3588 0.858696
46608.247 3082 3589 0.858735
46614.624 3083 3590 0.858774
46626.369 3083 3591 0.858535
46678.423 3084 3592 0.858575
46684.826 3085 3593 0.858614
46691.075 3086 3594 0.858653
46697.243 3087 3595 0.858693
46703.646 3087 3596 0.858454
46756.057 3088 3597 0.858493
46762.301 3089 3598 0.858533
46769.069 3090 3599 0.858572
46775.401 3091 3600 0.858611
46782.010 3092 3601 0.858650
46788.776 3093 3602 0.858690
46795.127 3094 3603 0.858729
46801.798 3095 3604 0.858768
46808.448 3096 3605 0.858807
46814.720 3097 3606 0.858846
46821.235 3098 3607 0.858886
46827.657 3099 3608 0.858925
46834.470 3100 3609 0.858964
46841.080 3101 3610 0.859003
46847.738 3102 3611 0.859042
46854.105 3102 3612 0.858804
46907.149 3102 3613 0.858566
46961.086 3103 3614 0.858605
46967.856 3104 3615 0.858645
46974.454 3105 3616 0.858684
46981.177 3105 3617 0.858446
47033.718 3106 3618 0.858485
47040.443 3106 3619 0.858248
47093.178 3107 3620 0.858287
47100.119 3108 3621 0.858326
47106.910 3109 3622 0.858366
47113.411 3110 3623 0.858405
47120.816 3111 3624 0.858444
47128.004 3111 3625 0.858207
47179.763 3112 3626 0.858246
47186.759 3113 3627 0.858285
47192.962 3113 3628 0.858049
47244.955 3114 3629 0.858088
47251.803 3115 3630 0.858127
47258.576 3116 3631 0.858166
47265.498 3117 3632 0.858205
47272.321 3117 3633 0.857969
47323.961 3118 3634 0.858008
47330.206 3119 3635 0.858047
47338.822 3120 3636 0.858086
47346.232 3121 3637 0.858125
47353.010 3122 3638 0.858164
47359.829 3123 3639 0.858203
47366.642 3124 3640 0.858242
47373.467 3125 3641 0.858281
47379.914 3126 3642 0.858320
47386.347 3127 3643 0.858358
47393.118 3128 3644 0.858397
47399.805 3129 3645 0.858436
47406.260 3130 3646 0.858475
47413.079 3131 3647 0.858514
47420.027 3132 3648 0.858553
47426.484 3132 3649 0.858317
47479.189 3133 3650 0.858356
47486.450 3133 3651 0.858121
47539.338 3134 3652 0.858160
47545.588 3135 3653 0.858199
47551.786 3135 3654 0.857964
47558.956 3136 3655 0.858003
47607.537 3137 3656 0.858042
47614.596 3138 3657 0.858080
47620.881 3139 3658 0.858119
47627.215 3140 3659 0.858158
47633.913 3140 3660 0.857923
47685.749 3140 3661 0.857689
47692.046 3141 3662 0.857728
47698.876 3142 3663 0.857767
47705.415 3143 3664 0.857806
47712.254 3144 3665 0.857844
47718.926 3145 3666 0.857883
47726.444 3146 3667 0.857922
47733.255 3147 3668 0.857961
47740.028 3148 3669 0.857999
47746.845 3149 3670 0.858038
47753.418 3150 3671 0.858077
47759.768 3151 3672 0.858115
47766.568 3152 3673 0.858154
47773.036 3153 3674 0.858193
47779.757 3154 3675 0.858231
47786.099 3155 3676 0.858270
47792.779 3155 3677 0.858036
47845.274 3156 3678 0.858075
47852.048 3157 3679 0.858114
47858.431 3158 3680 0.858152
47865.392 3159 3681 0.858191
47872.157 3160 3682 0.858229
47878.900 3161 3683 0.858268
47885.606 3162 3684 0.858306
47892.316 3163 3685 0.858345
47898.926 3164 3686 0.858383
47905.267 3165 3687 0.858421
47911.718 3166 3688 0.858460
47918.109 3167 3689 0.858498
47925.493 3168 3690 0.858537
47931.756 3169 3691 0.858575
47938.083 3170 3692 0.858613
47944.783 3171 3693 0.858652
47951.260 3172 3694 0.858690
47957.484 3172 3695 0.858457
48010.043 3173 3696 0.858496
48016.758 3174 3697 0.858534
48023.250 3175 3698 0.858572
48030.130 3175 3699 0.858340
48084.715 3176 3700 0.858378
48091.526 3176 3701 0.858146
48144.677 3177 3702 0.858185
48191.127 3178 3703 0.858223
48197.851 3179 3704 0.858261
48204.165 3180 3705 0.858300
48210.919 3181 3706 0.858338
48217.168 3182 3707 0.858376
48247.180 3183 3708 0.858414
48254.188 3184 3709 0.858452
48260.840 3185 3710 0.858491
48267.676 3186 3711 0.858529
48274.472 3187 3712 0.858567
48281.558 3187 3713 0.858336
48334.682 3188 3714 0.858374
48341.638 3189 3715 0.858412
48348.100 3190 3716 0.858450
48354.636 3191 3717 0.858488
48361.764 3192 3718 0.858526
48368.358 3193 3719 0.858564
48374.927 3194 3720 0.858602
48381.651 3195 3721 0.858640
48388.109 3196 3722 0.858678
48394.721 3197 3723 0.858716
48401.556 3198 3724 0.858754
48407.795 3198 3725 0.858523
48460.641 3199 3726 0.858561
48467.518 3200 3727 0.858599
48495.546 3201 3728 0.858637
48502.588 3202 3729 0.858675
48509.122 3203 3730 0.858713
48524.444 3204 3731 0.858751
48530.962 3205 3732 0.858789
48537.762 3206 3733 0.858827
48544.595 3206 3734 0.858597
48598.187 3206 3735 0.858367
48650.795 3206 3736 0.858137
48703.755 3207 3737 0.858175
48710.530 3207 3738 0.857945
48762.819 3208 3739 0.857983
48769.777 3209 3740 0.858021
48776.123 3210 3741 0.858059
48783.040 3211 3742 0.858097
48790.035 3212 3743 0.858135
48796.504 3213 3744 0.858173
48839.557 3214 3745 0.858211
48846.428 3215 3746 0.858249
48852.801 3216 3747 0.858287
48859.630 3217 3748 0.858324
48865.998 3218 3749 0.858362
48872.353 3219 3750 0.858400
48878.724 3220 3751 0.858438
48885.064 3221 3752 0.858475
48891.487 3222 3753 0.858513
48897.956 3223 3754 0.858551
48904.740 3224 3755 0.858589
48911.697 3225 3756 0.858626
48918.435 3226 3757 0.858664
48925.183 3227 3758 0.858701
48931.667 3228 3759 0.858739
48938.514 3229 3760 0.858777
48944.786 3230 3761 0.858814
48951.082 3231 3762 0.858852
48958.013 3232 3763 0.858889
48964.543 3232 3764 0.858661
49017.550 3233 3765 0.858699
49023.889 3234 3766 0.858736
49030.773 3235 3767 0.858774
49037.479 3236 3768 0.858811
49043.825 3237 3769 0.858849
49050.584 3238 3770 0.858886
49057.350 3239 3771 0.858923
49063.714 3240 3772 0.858961
49070.136 3241 3773 0.858998
49077.219 3241 3774 0.858771
49130.312 3242 3775 0.858808
49137.170 3243 3776 0.858845
49144.041 3244 3777 0.858883
49150.943 3245 3778 0.858920
49157.263 3246 3779 0.858957
49164.113 3247 3780 0.858995
49170.388 3248 3781 0.859032
49177.213 3249 3782 0.859069
49187.625 3250 3783 0.859107
49194.419 3251 3784 0.859144
49200.675 3252 3785 0.859181
49207.485 3253 3786 0.859218
49214.415 3254 3787 0.859255
49221.693 3255 3788 0.859293
49228.454 3256 3789 0.859330
49236.004 3257 3790 0.859367
49243.049 3258 3791 0.859404
49249.777 3258 3792 0.859177
49302.134 3259 3793 0.859214
49309.010 3260 3794 0.859251
49315.902 3261 3795 0.859289
49322.781 3262 3796 0.859326
49329.514 3263 3797 0.859363
49336.380 3264 3798 0.859400
49343.253 3265 3799 0.859437
49349.748 3266 3800 0.859474
49356.163 3267 3801 0.859511
49363.064 3268 3802 0.859548
49369.859 3269 3803 0.859585
49377.203 3270 3804 0.859621
49383.996 3271 3805 0.859658
49390.664 3272 3806 0.859695
49397.452 3273 3807 0.859732
49404.372 3274 3808 0.859769
49411.164 3275 3809 0.859806
49418.036 3276 3810 0.859843
49424.373 3277 3811 0.859879
49431.266 3278 3812 0.859916
49437.897 3279 3813 0.859953
49444.843 3279 3814 0.859727
49497.160 3280 3815 0.859764
49503.496 3281 3816 0.859801
49509.880 3282 3817 0.859838
49516.321 3283 3818 0.859874
49523.251 3284 3819 0.859911
49529.986 3284 3820 0.859686
49583.263 3285 3821 0.859723
49589.609 3286 3822 0.859759
49596.506 3286 3823 0.859534
49651.380 3287 3824 0.859571
49658.151 3288 3825 0.859608
49664.973 3289 3826 0.859645
49671.960 3290 3827 0.859681
49679.206 3291 3828 0.859718
49686.239 3291 3829 0.859493
49739.141 3292 3830 0.859530
49746.116 3293 3831 0.859567
49753.141 3294 3832 0.859603
49759.771 3295 3833 0.859640
49766.557 3296 3834 0.859677
49773.466 3297 3835 0.859713
49779.975 3297 3836 0.859489
49833.875 3297 3837 0.859265
49886.921 3298 3838 0.859302
49893.865 3299 3839 0.859338
49900.605 3300 3840 0.859375
49906.934 3301 3841 0.859412
49913.874 3302 3842 0.859448
49920.761 3303 3843 0.859485
49927.525 3304 3844 0.859521
49950.422 3305 3845 0.859558
49957.306 3306 3846 0.859594
49964.462 3307 3847 0.859631
49970.899 3308 3848 0.859667
49977.327 3309 3849 0.859704
49983.694 3310 3850 0.859740
49990.537 3311 3851 0.859777
49997.456 3311 3852 0.859553
50050.586 3312 3853 0.859590
50057.323 3313 3854 0.859626
50077.644 3314 3855 0.859663
50084.045 3315 3856 0.859699
50090.793 3316 3857 0.859736
50097.675 3317 3858 0.859772
50104.126 3318 3859 0.859808
50110.544 3319 3860 0.859845
50117.375 3320 3861 0.859881
50124.386 3321 3862 0.859917
50131.257 3322 3863 0.859953
50138.191 3323 3864 0.859990
50145.007 3323 3865 0.859767
50198.236 3324 3866 0.859803
50204.564 3325 3867 0.859840
50211.286 3326 3868 0.859876
50218.178 3327 3869 0.859912
50224.850 3328 3870 0.859948
50231.634 3329 3871 0.859985
50238.592 3330 3872 0.860021
50249.980 3331 3873 0.860057
50256.809 3332 3874 0.860093
50263.750 3333 3875 0.860129
50270.490 3334 3876 0.860165
50276.943 3335 3877 0.860201
50283.838 3336 3878 0.860237
50290.718 3337 3879 0.860273
50298.320 3338 3880 0.860309
50304.835 3339 3881 0.860345
50311.742 3340 3882 0.860381
50318.069 3340 3883 0.860160
50372.960 3341 3884 0.860196
50379.735 3342 3885 0.860232
50386.692 3343 3886 0.860268
50393.696 3343 3887 0.860046
50450.520 3344 3888 0.860082
50457.547 3345 3889 0.860118
50463.868 3346 3890 0.860154
50470.157 3347 3891 0.860190
50477.337 3348 3892 0.860226
50484.338 3349 3893 0.860262
50491.172 3350 3894 0.860298
50498.071 3351 3895 0.860334
50504.590 3352 3896 0.860370
50511.498 3353 3897 0.860405
50518.446 3353 3898 0.860185
50571.426 3353 3899 0.859964
50625.436 3354 3900 0.860000
50632.519 3355 3901 0.860036
50638.861 3355 3902 0.859815
50691.995 3356 3903 0.859851
50698.360 3357 3904 0.859887
50705.174 3358 3905 0.859923
50711.600 3359 3906 0.859959
50718.085 3360 3907 0.859995
50724.643 3361 3908 0.860031
50731.657 3362 3909 0.860067
50738.567 3363 3910 0.860102
50745.150 3364 3911 0.860138
50752.111 3365 3912 0.860174
50758.912 3365 3913 0.859954
50812.096 3366 3914 0.859990
50819.036 3367 3915 0.860026
50825.888 3368 3916 0.860061
50832.870 3368 3917 0.859842
50885.097 3369 3918 0.859877
50892.183 3370 3919 0.859913
50898.847 3371 3920 0.859949
50905.174 3372 3921 0.859985
50917.849 3373 3922 0.860020
50924.719 3374 3923 0.860056
50931.729 3375 3924 0.860092
50941.485 3376 3925 0.860127
50948.329 3377 3926 0.860163
50955.241 3378 3927 0.860199
50962.331 3379 3928 0.860234
50968.668 3380 3929 0.860270
50975.500 3381 3930 0.860305
50981.950 3381 3931 0.860086
51035.505 3382 3932 0.860122
51042.874 3382 3933 0.859903
51097.111 3383 3934 0.859939
51103.556 3384 3935 0.859975
51110.380 3384 3936 0.859756
51116.968 3385 3937 0.859792
51123.492 3386 3938 0.859827
51131.300 3387 3939 0.859863
51137.918 3387 3940 0.859645
51192.218 3388 3941 0.859680
51199.012 3389 3942 0.859716
51205.482 3390 3943 0.859751
51211.957 3391 3944 0.859787
51218.429 3392 3945 0.859823
51225.657 3393 3946 0.859858
51232.822 3394 3947 0.859894
51239.831 3395 3948 0.859929
51247.236 3396 3949 0.859965
51253.527 3397 3950 0.860000
51259.873 3398 3951 0.860035
51266.801 3399 3952 0.860071
51273.698 3400 3953 0.860106
51285.572 3401 3954 0.860142
51303.589 3402 3955 0.860177
51310.511 3403 3956 0.860212
51317.444 3404 3957 0.860248
51323.762 3405 3958 0.860283
51330.133 3406 3959 0.860318
51337.345 3407 3960 0.860354
51344.481 3408 3961 0.860389
51351.279 3409 3962 0.860424
51358.028 3410 3963 0.860459
51364.316 3411 3964 0.860494
51371.394 3412 3965 0.860530
51378.145 3413 3966 0.860565
51384.520 3414 3967 0.860600
51391.287 3415 3968 0.860635
51398.323 3416 3969 0.860670
51404.838 3417 3970 0.860705
51411.748 3418 3971 0.860740
51418.519 3419 3972 0.860775
51425.410 3420 3973 0.860810
51432.234 3421 3974 0.860845
51438.730 3422 3975 0.860881
51445.680 3423 3976 0.860915
51452.765 3424 3977 0.860950
51459.664 3425 3978 0.860985
51466.452 3425 3979 0.860769
51518.771 3426 3980 0.860804
51525.662 3427 3981 0.860839
51531.897 3428 3982 0.860874
51541.134 3429 3983 0.860909
51548.378 3430 3984 0.860944
51555.285 3431 3985 0.860979
51562.276 3432 3986 0.861014
51569.135 3433 3987 0.861048
51575.478 3434 3988 0.861083
51582.835 3435 3989 0.861118
51589.170 3436 3990 0.861153
51596.029 3437 3991 0.861188
51602.814 3438 3992 0.861222
51609.384 3439 3993 0.861257
51616.248 3440 3994 0.861292
51622.602 3441 3995 0.861327
51629.584 3442 3996 0.861361
51636.479 3443 3997 0.861396
51643.297 3444 3998 0.861431
51650.216 3445 3999 0.861465
51657.360 3446 4000 0.861500
51664.740 3447 4001 0.861535
51671.299 3448 4002 0.861569
51678.523 3449 4003 0.861604
51685.488 3449 4004 0.861389
51738.228 3450 4005 0.861423
51745.173 3451 4006 0.861458
51751.674 3452 4007 0.861492
51758.409 3453 4008 0.861527
51765.725 3454 4009 0.861561
51772.623 3455 4010 0.861596
51793.685 3456 4011 0.861631
51800.283 3457 4012 0.861665
51807.649 3457 4013 0.861450
51860.202 3458 4014 0.861485
51867.076 3459 4015 0.861519
51874.004 3460 4016 0.861554
51881.000 3461 4017 0.861588
51887.461 3462 4018 0.861623
51893.940 3463 4019 0.861657
51900.634 3464 4020 0.861692
51907.386 3465 4021 0.861726
51921.868 3465 4022 0.861512
51974.473 3466 4023 0.861546
51981.433 3467 4024 0.861581
51988.321 3468 4025 0.861615
51994.873 3469 4026 0.861649
52004.364 3469 4027 0.861435
52057.329 3470 4028 0.861470
52064.205 3471 4029 0.861504
52071.074 3472 4030 0.861538
52077.865 3472 4031 0.861325
52131.275 3473 4032 0.861359
52138.123 3474 4033 0.861394
52145.105 3474 4034 0.861180
52198.249 3475 4035 0.861214
52204.760 3475 4036 0.861001
52258.669 3476 4037 0.861035
52265.012 3477 4038 0.861070
52271.929 3478 4039 0.861104
52278.766 3479 4040 0.861139
52285.669 3480 4041 0.861173
52292.085 3481 4042 0.861207
52298.491 3481 4043 0.860994
52351.142 3482 4044 0.861029
52358.255 3482 4045 0.860816
52412.345 3483 4046 0.860850
52418.849 3484 4047 0.860885
52425.759 3485 4048 0.860919
52432.646 3486 4049 0.860953
52439.684 3487 4050 0.860988
52446.627 3488 4051 0.861022
52453.044 3489 4052 0.861056
52459.839 3489 4053 0.860844
52512.212 3489 4054 0.860631
52564.846 3490 4055 0.860666
52572.050 3491 4056 0.860700
52578.776 3492 4057 0.860735
52586.392 3493 4058 0.860769
52594.083 3493 4059 0.860557
52648.489 3494 4060 0.860591
52655.366 3495 4061 0.860625
52662.533 3495 4062 0.860414
52715.651 3495 4063 0.860202
52768.093 3496 4064 0.860236
52774.756 3497 4065 0.860271
52781.813 3497 4066 0.860059
52835.168 3497 4067 0.859848
52887.147 3498 4068 0.859882
52894.178 3499 4069 0.859916
52901.207 3500 4070 0.859951
52908.302 3501 4071 0.859985
52915.397 3502 4072 0.860020
52923.108 3503 4073 0.860054
52930.069 3504 4074 0.860088
52937.114 3505 4075 0.860123
52944.028 3506 4076 0.860157
52951.036 3507 4077 0.860191
52957.437 3508 4078 0.860226
52964.369 3509 4079 0.860260
52971.363 3510 4080 0.860294
52978.378 3511 4081 0.860328
52985.252 3512 4082 0.860363
52991.834 3513 4083 0.860397
52999.283 3514 4084 0.860431
53006.492 3515 4085 0.860465
53012.930 3516 4086 0.860499
53020.038 3517 4087 0.860533
53026.914 3518 4088 0.860568
53033.221 3519 4089 0.860602
53039.624 3520 4090 0.860636
53059.443 3521 4091 0.860670
53065.934 3522 4092 0.860704
53072.925 3523 4093 0.860738
53079.253 3524 4094 0.860772
53085.729 3525 4095 0.860806
53092.845 3526 4096 0.860840
53100.224 3526 4097 0.860630
53153.696 3527 4098 0.860664
53160.710 3528 4099 0.860698
53167.770 3529 4100 0.860732
53174.720 3529 4101 0.860522
53228.397 3529 4102 0.860312
53280.520 3530 4103 0.860346
53287.717 3531 4104 0.860380
53294.720 3532 4105 0.860414
53301.091 3533 4106 0.860448
53307.445 3534 4107 0.860482
53314.376 3535 4108 0.860516
53320.940 3536 4109 0.860550
53327.530 3537 4110 0.860584
53334.543 3538 4111 0.860618
53341.141 3539 4112 0.860652
53348.172 3540 4113 0.860686
53355.199 3541 4114 0.860719
53366.095 3542 4115 0.860753
53372.977 3543 4116 0.860787
53380.055 3544 4117 0.860821
53386.602 3545 4118 0.860855
53393.442 3546 4119 0.860889
53400.458 3547 4120 0.860922
53407.489 3548 4121 0.860956
53414.419 3548 4122 0.860747
53467.691 3549 4123 0.860781
53475.147 3550 4124 0.860815
53481.885 3551 4125 0.860848
53489.083 3552 4126 0.860882
53496.317 3553 4127 0.860916
53503.317 3554 4128 0.860950
53509.880 3554 4129 0.860741
53562.276 3555 4130 0.860775
53568.951 3556 4131 0.860809
53575.898 3557 4132 0.860842
53582.865 3558 4133 0.860876
53590.700 3559 4134 0.860910
53597.137 3560 4135 0.860943
53603.561 3560 4136 0.860735
53655.843 3561 4137 0.860769
53662.866 3562 4138 0.860802
53669.914 3563 4139 0.860836
53676.893 3563 4140 0.860628
53729.643 3564 4141 0.860662
53736.197 3564 4142 0.860454
53789.328 3564 4143 0.860246
53843.686 3565 4144 0.860280
53851.074 3566 4145 0.860314
53857.744 3567 4146 0.860347
53864.698 3568 4147 0.860381
53871.636 3569 4148 0.860415
53878.530 3570 4149 0.860448
53885.211 3571 4150 0.860482
53892.075 3572 4151 0.860516
53898.827 3573 4152 0.860549
53906.067 3574 4153 0.860583
53913.040 3575 4154 0.860616
53920.225 3576 4155 0.860650
53927.220 3576 4156 0.860443
53980.155 3577 4157 0.860476
53987.151 3578 4158 0.860510
53993.624 3579 4159 0.860543
54000.992 3580 4160 0.860577
54007.828 3581 4161 0.860610
54014.880 3582 4162 0.860644
54022.010 3583 4163 0.860677
54028.980 3584 4164 0.860711
54036.036 3585 4165 0.860744
54071.465 3586 4166 0.860778
54078.556 3587 4167 0.860811
54085.557 3588 4168 0.860845
54092.390 3589 4169 0.860878
54098.787 3590 4170 0.860911
54111.232 3591 4171 0.860945
54118.199 3592 4172 0.860978
54125.463 3593 4173 0.861011
54131.862 3594 4174 0.861045
54142.584 3595 4175 0.861078
54149.725 3596 4176 0.861111
54156.699 3597 4177 0.861144
54163.699 3598 4178 0.861178
54170.073 3599 4179 0.861211
54176.529 3600 4180 0.861244
54183.313 3601 4181 0.861277
54190.307 3602 4182 0.861310
54197.469 3603 4183 0.861344
54204.659 3604 4184 0.861377
54211.569 3605 4185 0.861410
54218.455 3606 4186 0.861443
54224.875 3607 4187 0.861476
54231.405 3608 4188 0.861509
54237.885 3608 4189 0.861303
54290.316 3609 4190 0.861337
54301.361 3610 4191 0.861370
54308.405 3611 4192 0.861403
54315.408 3612 4193 0.861436
54322.490 3613 4194 0.861469
54329.894 3614 4195 0.861502
54336.486 3615 4196 0.861535
54343.520 3616 4197 0.861568
54350.514 3617 4198 0.861601
54357.321 3618 4199 0.861634
54368.313 3619 4200 0.861667
54374.825 3620 4201 0.861700
54381.610 3621 4202 0.861733
54388.387 3621 4203 0.861527
54441.245 3622 4204 0.861560
54448.488 3622 4205 0.861356
54500.306 3622 4206 0.861151
54553.043 3623 4207 0.861184
54560.023 3623 4208 0.860979
54613.509 3624 4209 0.861012
54620.503 3625 4210 0.861045
54627.799 3626 4211 0.861078
54634.843 3627 4212 0.861111
54641.454 3628 4213 0.861144
54648.250 3629 4214 0.861177
54655.195 3630 4215 0.861210
54661.831 3631 4216 0.861243
54668.795 3632 4217 0.861276
54675.294 3633 4218 0.861309
54682.872 3634 4219 0.861342
54689.418 3635 4220 0.861374
54696.512 3636 4221 0.861407
54703.801 3637 4222 0.861440
54710.568 3637 4223 0.861236
54763.768 3638 4224 0.861269
54770.647 3639 4225 0.861302
54777.456 3639 4226 0.861098
54830.238 3640 4227 0.861131
54845.315 3641 4228 0.861164
54852.379 3642 4229 0.861197
54858.816 3643 4230 0.861229
54865.834 3644 4231 0.861262
54872.911 3645 4232 0.861295
54879.580 3646 4233 0.861328
54886.085 3647 4234 0.861360
54893.088 3648 4235 0.861393
54899.635 3649 4236 0.861426
54906.527 3650 4237 0.861459
54913.976 3650 4238 0.861255
54967.268 3651 4239 0.861288
54973.634 3651 4240 0.861085
55026.302 3652 4241 0.861118
55032.735 3653 4242 0.861150
55039.657 3654 4243 0.861183
55046.786 3654 4244 0.860980
55099.263 3655 4245 0.861013
55106.414 3656 4246 0.861046
55113.334 3657 4247 0.861078
55120.402 3658 4248 0.861111
55127.387 3659 4249 0.861144
55134.412 3660 4250 0.861176
55140.789 3661 4251 0.861209
55147.873 3662 4252 0.861242
55154.394 3663 4253 0.861274
55160.922 3664 4254 0.861307
55167.867 3665 4255 0.861340
55174.354 3666 4256 0.861372
55181.243 3667 4257 0.861405
55187.743 3668 4258 0.861437
55194.584 3669 4259 0.861470
55201.696 3670 4260 0.861502
55208.343 3671 4261 0.861535
55221.979 3672 4262 0.861567
55228.581 3673 4263 0.861600
55235.538 3674 4264 0.861632
55242.532 3675 4265 0.861665
55249.471 3676 4266 0.861697
55270.927 3677 4267 0.861730
55278.108 3678 4268 0.861762
55284.549 3679 4269 0.861794
55291.487 3680 4270 0.861827
55298.422 3681 4271 0.861859
55305.718 3682 4272 0.861891
55312.747 3682 4273 0.861690
55366.015 3683 4274 0.861722
55373.007 3683 4275 0.861520
55425.530 3684 4276 0.861553
55432.156 3685 4277 0.861585
55439.425 3686 4278 0.861618
55446.074 3687 4279 0.861650
55453.269 3687 4280 0.861449
55459.818 3688 4281 0.861481
55466.873 3689 4282 0.861513
55474.062 3690 4283 0.861546
55480.541 3691 4284 0.861578
55487.549 3692 4285 0.861610
55494.526 3693 4286 0.861643
55501.732 3694 4287 0.861675
55508.762 3695 4288 0.861707
55515.958 3696 4289 0.861739
55522.570 3697 4290 0.861772
55529.431 3698 4291 0.861804
55536.270 3699 4292 0.861836
55543.491 3700 4293 0.861868
55550.494 3700 4294 0.861667
55604.681 3701 4295 0.861700
55611.154 3701 4296 0.861499
55663.502 3702 4297 0.861531
55670.462 3703 4298 0.861564
55677.565 3703 4299 0.861363
55731.325 3704 4300 0.861395
55737.882 3705 4301 0.861428
55744.876 3706 4302 0.861460
55751.390 3706 4303 0.861260
55804.250 3707 4304 0.861292
55811.539 3708 4305 0.861324
55818.114 3709 4306 0.861356
55824.738 3710 4307 0.861388
55831.650 3711 4308 0.861421
55838.670 3712 4309 0.861453
55845.673 3713 4310 0.861485
55852.737 3714 4311 0.861517
55859.266 3715 4312 0.861549
55866.420 3715 4313 0.861349
55918.804 3716 4314 0.861382
55925.832 3716 4315 0.861182
55980.459 3717 4316 0.861214
55987.830 3717 4317 0.861015
56040.953 3718 4318 0.861047
56048.187 3719 4319 0.861079
56055.143 3720 4320 0.861111
56062.021 3720 4321 0.860912
56114.434 3720 4322 0.860713
56168.128 3721 4323 0.860745
56175.168 3722 4324 0.860777
56182.133 3722 4325 0.860578
56234.755 3723 4326 0.860610
56241.854 3724 4327 0.860642
56248.413 3725 4328 0.860675
56254.977 3726 4329 0.860707
56261.955 3726 4330 0.860508
56315.295 3727 4331 0.860540
56322.246 3728 4332 0.860572
56329.729 3729 4333 0.860605
56337.154 3730 4334 0.860637
56344.263 3731 4335 0.860669
56350.825 3732 4336 0.860701
56357.415 3732 4337 0.860503
56412.861 3733 4338 0.860535
56419.391 3734 4339 0.860567
56426.649 3735 4340 0.860599
56433.583 3735 4341 0.860401
56493.299 3736 4342 0.860433
56500.332 3737 4343 0.860465
56507.169 3738 4344 0.860497
56514.332 3739 4345 0.860529
56521.386 3740 4346 0.860561
56527.926 3741 4347 0.860594
56535.090 3742 4348 0.860626
56542.204 3743 4349 0.860658
56549.129 3744 4350 0.860690
56556.105 3745 4351 0.860722
56564.001 3746 4352 0.860754
56570.571 3747 4353 0.860786
56577.708 3748 4354 0.860818
56584.828 3749 4355 0.860850
56591.928 3750 4356 0.860882
56598.359 3750 4357 0.860684
56651.924 3750 4358 0.860486
56704.839 3751 4359 0.860518
56712.581 3752 4360 0.860550
56719.593 3753 4361 0.860582
56726.249 3754 4362 0.860614
56733.242 3755 4363 0.860646
56740.388 3756 4364 0.860678
56752.398 3757 4365 0.860710
56759.718 3758 4366 0.860742
56766.378 3758 4367 0.860545
56819.997 3758 4368 0.860348
56872.939 3759 4369 0.860380
56879.859 3760 4370 0.860412
56887.136 3761 4371 0.860444
56893.773 3762 4372 0.860476
56900.269 3762 4373 0.860279
56953.387 3763 4374 0.860311
56959.838 3764 4375 0.860343
56969.791 3765 4376 0.860375
56977.299 3766 4377 0.860407
56983.921 3767 4378 0.860439
56990.562 3768 4379 0.860470
56997.172 3769 4380 0.860502
57004.351 3770 4381 0.860534
57010.841 3771 4382 0.860566
57020.586 3772 4383 0.860598
57027.238 3773 4384 0.860630
57034.131 3774 4385 0.860661
57040.833 3775 4386 0.860693
57047.892 3776 4387 0.860725
57054.460 3777 4388 0.860757
57061.139 3778 4389 0.860788
57067.778 3778 4390 0.860592
57122.298 3779 4391 0.860624
57131.785 3780 4392 0.860656
57138.881 3780 4393 0.860460
57191.395 3781 4394 0.860492
57198.459 3782 4395 0.860523
57205.564 3783 4396 0.860555
57212.256 3784 4397 0.860587
57219.389 3785 4398 0.860618
57226.502 3786 4399 0.860650
57233.327 3787 4400 0.860682
57240.607 3788 4401 0.860713
57247.929 3789 4402 0.860745
57254.642 3790 4403 0.860777
57263.043 3791 4404 0.860808
57269.907 3792 4405 0.860840
57276.683 3793 4406 0.860872
57284.104 3794 4407 0.860903
57291.231 3795 4408 0.860935
57298.440 3796 4409 0.860966
57305.460 3797 4410 0.860998
57312.503 3798 4411 0.861029
57319.455 3799 4412 0.861061
57326.418 3800 4413 0.861092
57333.450 3801 4414 0.861124
57340.542 3802 4415 0.861155
57347.125 3803 4416 0.861187
57354.099 3804 4417 0.861218
57360.615 3805 4418 0.861249
57367.725 3806 4419 0.861281
57374.823 3807 4420 0.861312
57381.909 3808 4421 0.861344
57388.608 3809 4422 0.861375
57395.128 3810 4423 0.861406
57401.512 3811 4424 0.861438
57407.994 3812 4425 0.861469
57415.182 3813 4426 0.861500
57422.340 3814 4427 0.861532
57428.824 3815 4428 0.861563
57436.030 3815 4429 0.861368
57488.907 3816 4430 0.861400
57496.120 3816 4431 0.861205
57549.323 3816 4432 0.861011
57602.942 3817 4433 0.861042
57609.932 3818 4434 0.861074
57617.002 3819 4435 0.861105
57623.637 3820 4436 0.861136
57630.780 3821 4437 0.861167
57637.715 3822 4438 0.861199
57644.410 3823 4439 0.861230
57651.196 3824 4440 0.861261
57669.506 3825 4441 0.861293
57676.456 3826 4442 0.861324
57683.297 3827 4443 0.861355
57690.508 3828 4444 0.861386
57698.167 3828 4445 0.861192
57752.762 3829 4446 0.861224
57760.006 3830 4447 0.861255
57767.161 3831 4448 0.861286
57774.675 3832 4449 0.861317
57781.247 3833 4450 0.861348
57794.774 3834 4451 0.861379
57801.826 3835 4452 0.861411
57809.173 3836 4453 0.861442
57816.311 3837 4454 0.861473
57822.973 3838 4455 0.861504
57830.120 3839 4456 0.861535
57837.335 3839 4457 0.861342
57890.558 3840 4458 0.861373
57897.912 3841 4459 0.861404
57905.188 3842 4460 0.861435
57912.269 3843 4461 0.861466
57919.343 3844 4462 0.861497
57926.059 3845 4463 0.861528
57933.461 3846 4464 0.861559
57940.096 3847 4465 0.861590
57947.106 3848 4466 0.861621
57954.053 3849 4467 0.861652
57961.380 3850 4468 0.861683
57968.474 3851 4469 0.861714
57975.151 3852 4470 0.861745
57981.726 3853 4471 0.861776
57988.703 3854 4472 0.861807
57996.043 3855 4473 0.861838
58003.094 3856 4474 0.861869
58009.648 3857 4475 0.861899
58016.571 3858 4476 0.861930
58039.929 3858 4477 0.861738
58091.950 3859 4478 0.861769
58099.014 3859 4479 0.861576
58151.007 3860 4480 0.861607
58158.195 3860 4481 0.861415
58210.131 3861 4482 0.861446
58216.847 3862 4483 0.861477
58224.158 3863 4484 0.861508
58231.246 3863 4485 0.861315
58284.507 3864 4486 0.861346
58291.570 3864 4487 0.861154
58345.615 3865 4488 0.861185
58352.990 3866 4489 0.861216
58360.249 3867 4490 0.861247
58367.361 3868 4491 0.861278
58374.395 3869 4492 0.861309
58381.730 3870 4493 0.861340
58388.811 3871 4494 0.861371
58395.957 3872 4495 0.861402
58403.224 3873 4496 0.861432
58409.934 3874 4497 0.861463
58416.924 3874 4498 0.861272
58470.524 3875 4499 0.861303
58477.050 3876 4500 0.861333
58484.255 3877 4501 0.861364
58493.926 3878 4502 0.861395
58500.924 3879 4503 0.861426
58507.548 3880 4504 0.861456
58514.554 3881 4505 0.861487
58521.658 3881 4506 0.861296
58576.018 3882 4507 0.861327
58583.230 3883 4508 0.861358
58590.503 3883 4509 0.861167
58643.278 3884 4510 0.861197
58649.827 3885 4511 0.861228
58656.920 3885 4512 0.861037
58710.181 3886 4513 0.861068
58717.713 3887 4514 0.861099
58724.757 3887 4515 0.860908
58777.695 3887 4516 0.860717
58830.455 3888 4517 0.860748
58837.174 3889 4518 0.860779
58843.716 3890 4519 0.860810
58850.340 3891 4520 0.860841
58857.460 3892 4521 0.860871
58864.595 3893 4522 0.860902
58871.242 3893 4523 0.860712
58925.688 3894 4524 0.860743
58932.802 3895 4525 0.860773
58939.402 3896 4526 0.860804
58946.024 3897 4527 0.860835
58953.050 3897 4528 0.860645
59006.019 3898 4529 0.860676
59013.371 3899 4530 0.860706
59021.250 3899 4531 0.860516
59074.144 3900 4532 0.860547
59081.220 3901 4533 0.860578
59087.797 3902 4534 0.860609
59094.693 3903 4535 0.860639
59101.788 3903 4536 0.860450
59158.126 3904 4537 0.860480
59164.635 3905 4538 0.860511
59173.129 3905 4539 0.860322
59180.244 3906 4540 0.860352
59187.681 3907 4541 0.860383
59194.943 3908 4542 0.860414
59202.299 3909 4543 0.860445
59208.857 3909 4544 0.860255
59263.926 3910 4545 0.860286
59271.223 3911 4546 0.860317
59278.363 3912 4547 0.860347
59288.771 3913 4548 0.860378
59295.293 3914 4549 0.860409
59301.891 3915 4550 0.860440
59308.882 3916 4551 0.860470
59316.230 3917 4552 0.860501
59323.219 3918 4553 0.860532
59330.431 3919 4554 0.860562
59337.587 3920 4555 0.860593
59344.915 3921 4556 0.860623
59351.648 3922 4557 0.860654
59358.906 3923 4558 0.860685
59366.242 3924 4559 0.860715
59373.394 3924 4560 0.860526
59426.423 3925 4561 0.860557
59433.348 3926 4562 0.860587
59440.500 3927 4563 0.860618
59447.379 3927 4564 0.860429
59500.750 3928 4565 0.860460
59507.392 3929 4566 0.860491
59514.513 3930 4567 0.860521
59522.073 3930 4568 0.860333
59574.744 3931 4569 0.860363
59581.539 3932 4570 0.860394
59588.868 3932 4571 0.860206
59642.201 3933 4572 0.860236
59648.829 3934 4573 0.860267
59659.325 3935 4574 0.860297
59665.920 3936 4575 0.860328
59673.248 3937 4576 0.860358
59680.003 3937 4577 0.860170
59733.425 3938 4578 0.860201
59740.106 3939 4579 0.860231
59746.734 3940 4580 0.860262
59754.032 3941 4581 0.860293
59760.704 3942 4582 0.860323
59767.696 3942 4583 0.860135
59820.314 3943 4584 0.860166
59827.666 3944 4585 0.860196
59834.427 3945 4586 0.860227
59854.382 3946 4587 0.860257
59861.396 3947 4588 0.860288
59868.235 3948 4589 0.860318
59875.227 3949 4590 0.860349
59882.050 3950 4591 0.860379
59888.872 3951 4592 0.860409
59912.364 3952 4593 0.860440
59919.542 3953 4594 0.860470
59926.680 3954 4595 0.860501
59933.311 3955 4596 0.860531
59940.109 3956 4597 0.860561
59960.899 3956 4598 0.860374
60014.512 3957 4599 0.860404
60021.167 3958 4600 0.860435
60028.214 3959 4601 0.860465
60079.413 3960 4602 0.860495
60086.464 3961 4603 0.860526
60093.545 3962 4604 0.860556
60100.189 3963 4605 0.860586
60106.798 3964 4606 0.860617
60113.523 3965 4607 0.860647
60153.289 3966 4608 0.860677
60160.034 3966 4609 0.860490
60213.327 3967 4610 0.860521
60220.454 3968 4611 0.860551
60227.597 3969 4612 0.860581
60234.214 3970 4613 0.860611
60241.274 3970 4614 0.860425
60294.508 3971 4615 0.860455
60301.847 3971 4616 0.860269
60354.818 3972 4617 0.860299
60361.512 3972 4618 0.860113
60414.368 3973 4619 0.860143
60421.479 3974 4620 0.860173
60428.517 3974 4621 0.859987
60480.968 3974 4622 0.859801
60533.345 3975 4623 0.859831
60540.279 3976 4624 0.859862
60547.591 3977 4625 0.859892
60554.254 3978 4626 0.859922
60560.781 3979 4627 0.859952
60567.331 3980 4628 0.859983
60574.130 3980 4629 0.859797
60627.941 3981 4630 0.859827
60634.764 3981 4631 0.859642
60688.899 3982 4632 0.859672
60696.218 3983 4633 0.859702
60703.510 3984 4634 0.859732
60711.549 3985 4635 0.859763
60718.557 3986 4636 0.859793
60725.829 3987 4637 0.859823
60732.918 3988 4638 0.859853
60739.565 3989 4639 0.859884
60746.951 3990 4640 0.859914
60753.944 3991 4641 0.859944
60793.448 3992 4642 0.859974
60801.062 3993 4643 0.860004
60808.358 3994 4644 0.860034
60815.582 3995 4645 0.860065
60822.784 3996 4646 0.860095
60829.826 3997 4647 0.860125
60836.916 3998 4648 0.860155
60843.652 3999 4649 0.860185
60850.330 4000 4650 0.860215
60857.341 4001 4651 0.860245
60864.486 4002 4652 0.860275
60871.185 4003 4653 0.860305
60878.404 4004 4654 0.860335
60885.697 4005 4655 0.860365
60893.106 4006 4656 0.860395
60900.686 4007 4657 0.860425
60907.563 4007 4658 0.860240
60961.074 4007 4659 0.860056
61014.397 4008 4660 0.860086
61022.239 4009 4661 0.860116
61028.809 4010 4662 0.860146
61035.895 4011 4663 0.860176
61043.619 4012 4664 0.860206
61051.308 4013 4665 0.860236
61058.631 4014 4666 0.860266
61065.953 4015 4667 0.860296
61073.295 4016 4668 0.860326
61080.558 4017 4669 0.860356
61087.929 4017 4670 0.860171
61140.349 4018 4671 0.860201
61146.944 4018 4672 0.860017
61199.375 4019 4673 0.860047
61206.548 4020 4674 0.860077
61213.675 4021 4675 0.860107
61220.480 4022 4676 0.860137
61227.180 4022 4677 0.859953
61234.150 4023 4678 0.859983
61241.480 4024 4679 0.860013
61248.697 4024 4680 0.859829
61300.881 4025 4681 0.859859
61308.006 4025 4682 0.859675
61360.917 4026 4683 0.859705
61368.119 4027 4684 0.859735
61374.900 4028 4685 0.859765
61382.204 4029 4686 0.859795
61388.863 4030 4687 0.859825
61395.558 4031 4688 0.859855
61402.767 4032 4689 0.859885
61409.529 4033 4690 0.859915
61421.736 4034 4691 0.859945
61428.951 4035 4692 0.859974
61436.453 4036 4693 0.860004
61443.147 4037 4694 0.860034
61450.451 4038 4695 0.860064
61457.024 4039 4696 0.860094
61464.358 4040 4697 0.860123
61471.626 4041 4698 0.860153
61478.960 4042 4699 0.860183
61486.557 4043 4700 0.860213
61494.460 4044 4701 0.860243
61519.189 4045 4702 0.860272
61526.423 4046 4703 0.860302
61533.571 4046 4704 0.860119
61587.314 4047 4705 0.860149
61594.162 4048 4706 0.860178
61601.222 4049 4707 0.860208
61608.481 4049 4708 0.860025
61662.192 4049 4709 0.859843
61714.893 4050 4710 0.859873
61722.164 4051 4711 0.859902
61729.729 4052 4712 0.859932
61737.246 4053 4713 0.859962
61744.342 4054 4714 0.859992
61751.499 4055 4715 0.860021
61758.681 4056 4716 0.860051
61765.744 4057 4717 0.860081
61773.119 4058 4718 0.860110
61779.882 4059 4719 0.860140
61786.673 4060 4720 0.860169
61794.022 4061 4721 0.860199
61801.090 4062 4722 0.860229
61807.831 4063 4723 0.860258
61815.082 4064 4724 0.860288
61822.528 4065 4725 0.860317
61829.791 4066 4726 0.860347
61837.039 4067 4727 0.860377
61844.207 4068 4728 0.860406
61851.297 4068 4729 0.860224
61903.983 4069 4730 0.860254
61911.115 4070 4731 0.860283
61918.514 4071 4732 0.860313
61925.187 4072 4733 0.860342
61931.731 4073 4734 0.860372
61938.898 4074 4735 0.860401
61946.079 4075 4736 0.860431
61953.266 4075 4737 0.860249
62006.519 4076 4738 0.860279
62013.569 4077 4739 0.860308
62021.334 4077 4740 0.860127
62073.623 4078 4741 0.860156
62080.880 4078 4742 0.859975
62134.495 4079 4743 0.860004
62141.500 4080 4744 0.860034
62148.714 4081 4745 0.860063
62155.995 4082 4746 0.860093
62162.728 4083 4747 0.860122
62170.203 4083 4748 0.859941
62223.629 4084 4749 0.859971
62230.593 4085 4750 0.860000
62237.860 4086 4751 0.860029
62244.963 4087 4752 0.860059
62252.230 4088 4753 0.860088
62259.432 4089 4754 0.860118
62266.783 4090 4755 0.860147
62279.032 4091 4756 0.860177
62286.465 4092 4757 0.860206
62293.748 4093 4758 0.860235
62300.390 4094 4759 0.860265
62308.014 4095 4760 0.860294
62315.085 4096 4761 0.860323
62322.977 4097 4762 0.860353
62330.154 4098 4763 0.860382
62336.946 4099 4764 0.860411
62343.768 4100 4765 0.860441
62351.477 4100 4766 0.860260
62404.040 4101 4767 0.860289
62411.541 4102 4768 0.860319
62418.909 4102 4769 0.860138
62425.980 4103 4770 0.860168
62433.157 4104 4771 0.860197
62439.844 4104 4772 0.860017
62492.949 4105 4773 0.860046
62500.100 4105 4774 0.859866
62552.032 4105 4775 0.859686
62604.997 4106 4776 0.859715
62612.300 4107 4777 0.859745
62619.066 4107 4778 0.859565
62672.008 4108 4779 0.859594
62678.904 4109 4780 0.859623
62685.589 4109 4781 0.859444
62737.537 4110 4782 0.859473
62744.664 4111 4783 0.859502
62751.868 4112 4784 0.859532
62759.240 4113 4785 0.859561
62766.685 4113 4786 0.859382
62820.098 4114 4787 0.859411
62827.147 4115 4788 0.859440
62834.315 4116 4789 0.859470
62840.996 4117 4790 0.859499
62848.074 4118 4791 0.859528
62854.707 4119 4792 0.859558
62863.557 4120 4793 0.859587
62889.579 4121 4794 0.859616
62896.745 4122 4795 0.859645
62903.493 4123 4796 0.859675
62910.783 4124 4797 0.859704
62918.172 4125 4798 0.859733
62925.311 4125 4799 0.859554
62977.902 4125 4800 0.859375
63032.047 4126 4801 0.859404
63039.102 4127 4802 0.859434
63067.986 4128 4803 0.859463
63074.838 4129 4804 0.859492
63082.079 4130 4805 0.859521
63089.736 4131 4806 0.859551
63096.514 4131 4807 0.859372
63150.467 4132 4808 0.859401
63157.992 4133 4809 0.859430
63164.543 4134 4810 0.859459
63171.400 4135 4811 0.859489
63178.347 4136 4812 0.859518
63185.636 4137 4813 0.859547
63192.558 4138 4814 0.859576
63199.225 4139 4815 0.859605
63206.471 4140 4816 0.859635
63213.156 4141 4817 0.859664
63220.200 4142 4818 0.859693
63229.736 4143 4819 0.859722
63236.635 4144 4820 0.859751
63243.432 4145 4821 0.859780
63250.140 4145 4822 0.859602
63302.770 4146 4823 0.859631
63309.581 4147 4824 0.859660
63317.016 4148 4825 0.859689
63325.178 4149 4826 0.859718
63332.590 4150 4827 0.859747
63339.804 4151 4828 0.859776
63346.604 4151 4829 0.859598
63403.404 4152 4830 0.859627
63410.559 4153 4831 0.859656
63417.777 4154 4832 0.859685
63424.974 4155 4833 0.859714
63440.178 4156 4834 0.859743
63447.071 4157 4835 0.859772
63454.627 4158 4836 0.859801
63461.737 4159 4837 0.859830
63469.387 4160 4838 0.859859
63476.348 4161 4839 0.859888
63483.514 4162 4840 0.859917
63490.236 4163 4841 0.859946
63497.669 4163 4842 0.859769
63550.429 4164 4843 0.859798
63557.398 4165 4844 0.859827
63564.264 4166 4845 0.859856
63571.520 4166 4846 0.859678
63624.635 4167 4847 0.859707
63631.725 4168 4848 0.859736
63638.837 4169 4849 0.859765
63645.482 4170 4850 0.859794
63652.762 4171 4851 0.859823
63659.579 4172 4852 0.859852
63666.899 4173 4853 0.859880
63674.018 4174 4854 0.859909
63681.255 4175 4855 0.859938
63688.037 4176 4856 0.859967
63695.135 4177 4857 0.859996
63701.964 4178 4858 0.860025
63709.032 4178 4859 0.859848
63764.267 4179 4860 0.859877
63771.385 4179 4861 0.859700
63823.790 4180 4862 0.859729
63831.175 4181 4863 0.859757
63838.358 4182 4864 0.859786
63845.008 4183 4865 0.859815
63851.743 4184 4866 0.859844
63858.638 4185 4867 0.859873
63865.839 4186 4868 0.859901
63873.327 4187 4869 0.859930
63880.538 4188 4870 0.859959
63887.288 4189 4871 0.859988
63894.631 4190 4872 0.860016
63901.799 4191 4873 0.860045
63908.955 4192 4874 0.860074
63916.175 4193 4875 0.860103
63923.343 4193 4876 0.859926
63929.956 4194 4877 0.859955
63936.608 4194 4878 0.859779
63989.272 4195 4879 0.859807
63996.593 4196 4880 0.859836
64003.882 4197 4881 0.859865
64010.723 4197 4882 0.859689
64064.853 4198 4883 0.859717
64071.496 4199 4884 0.859746
64081.167 4199 4885 0.859570
64134.511 4200 4886 0.859599
64141.990 4200 4887 0.859423
64195.133 4201 4888 0.859452
64201.803 4202 4889 0.859480
64208.508 4203 4890 0.859509
64215.431 4204 4891 0.859538
64222.761 4205 4892 0.859567
64230.059 4206 4893 0.859595
64237.064 4207 4894 0.859624
64244.251 4207 4895 0.859448
64297.490 4208 4896 0.859477
64305.055 4209 4897 0.859506
64312.233 4210 4898 0.859535
64319.365 4211 4899 0.859563
64326.816 4212 4900 0.859592
64334.455 4213 4901 0.859620
64341.956 4214 4902 0.859649
64349.804 4215 4903 0.859678
64356.515 4216 4904 0.859706
64371.160 4217 4905 0.859735
64377.871 4218 4906 0.859764
64385.056 4218 4907 0.859588
64438.867 4219 4908 0.859617
64446.757 4220 4909 0.859646
64453.465 4220 4910 0.859470
64506.701 4221 4911 0.859499
64513.471 4222 4912 0.859528
64524.734 4223 4913 0.859556
64531.557 4224 4914 0.859585
64538.640 4224 4915 0.859410
64591.788 4225 4916 0.859439
64599.155 4225 4917 0.859264
64652.163 4226 4918 0.859292
64658.924 4227 4919 0.859321
64666.201 4227 4920 0.859146
64718.918 4228 4921 0.859175
64726.275 4228 4922 0.859000
64778.871 4229 4923 0.859029
64786.786 4230 4924 0.859058
64794.699 4231 4925 0.859086
64802.308 4231 4926 0.858912
64856.518 4232 4927 0.858941
64863.177 4233 4928 0.858969
64870.308 4234 4929 0.858998
64877.514 4234 4930 0.858824
64931.578 4234 4931 0.858649
64985.491 4235 4932 0.858678
64992.392 4236 4933 0.858707
64999.890 4237 4934 0.858735
65006.904 4238 4935 0.858764
65013.558 4239 4936 0.858793
65020.813 4239 4937 0.858619
65073.967 4240 4938 0.858647
65081.321 4241 4939 0.858676
65088.710 4241 4940 0.858502
65141.173 4242 4941 0.858531
65148.520 4243 4942 0.858559
65155.757 4244 4943 0.858588
65163.279 4245 4944 0.858617
65170.168 4246 4945 0.858645
65177.092 4246 4946 0.858471
65229.905 4247 4947 0.858500
65237.117 4248 4948 0.858529
65244.097 4249 4949 0.858557
65251.766 4250 4950 0.858586
65259.031 4251 4951 0.858614
65270.044 4252 4952 0.858643
65277.070 4253 4953 0.858672
65284.171 4253 4954 0.858498
65336.730 4253 4955 0.858325
65390.834 4254 4956 0.858354
65398.086 4255 4957 0.858382
65405.572 4256 4958 0.858411
65413.203 4257 4959 0.858439
65420.622 4257 4960 0.858266
65474.753 4258 4961 0.858295
65482.676 4259 4962 0.858323
65490.008 4260 4963 0.858352
65496.885 4261 4964 0.858380
65504.229 4262 4965 0.858409
65511.566 4263 4966 0.858437
65518.908 4264 4967 0.858466
65525.865 4264 4968 0.858293
65578.602 4265 4969 0.858322
65585.432 4266 4970 0.858350
65608.454 4267 4971 0.858379
65615.781 4268 4972 0.858407
65623.100 4269 4973 0.858436
65630.416 4269 4974 0.858263
65684.772 4270 4975 0.858291
65692.081 4271 4976 0.858320
65699.441 4272 4977 0.858348
65707.050 4273 4978 0.858377
65714.750 4274 4979 0.858405
65722.742 4275 4980 0.858434
65730.099 4276 4981 0.858462
65737.579 4277 4982 0.858491
65744.302 4278 4983 0.858519
65751.779 4279 4984 0.858547
65759.392 4280 4985 0.858576
65766.598 4280 4986 0.858404
65773.349 4281 4987 0.858432
65780.789 4282 4988 0.858460
65788.795 4282 4989 0.858288
65840.843 4283 4990 0.858317
65848.154 4284 4991 0.858345
65854.815 4284 4992 0.858173
65907.811 4284 4993 0.858001
65960.051 4284 4994 0.857829
65966.989 4285 4995 0.857858
65974.440 4286 4996 0.857886
65981.899 4287 4997 0.857915
65989.301 4288 4998 0.857943
65996.826 4289 4999 0.857972
66004.242 4289 5000 0.857800
66058.506 4290 5001 0.857828
66065.816 4291 5002 0.857857
66073.178 4292 5003 0.857885
66080.454 4293 5004 0.857914
66087.808 4294 5005 0.857942
66094.734 4294 5006 0.857771
66146.783 4294 5007 0.857599
66199.849 4294 5008 0.857428
66254.194 4294 5009 0.857257
66307.612 4295 5010 0.857285
66315.120 4296 5011 0.857314
66326.162 4297 5012 0.857342
66333.462 4298 5013 0.857371
66340.788 4299 5014 0.857399
66347.932 4300 5015 0.857428
66355.246 4301 5016 0.857456
66362.512 4302 5017 0.857485
66369.330 4303 5018 0.857513
66376.906 4304 5019 0.857541
66384.158 4305 5020 0.857570
66391.864 4306 5021 0.857598
66398.731 4307 5022 0.857626
66406.408 4308 5023 0.857655
66413.727 4309 5024 0.857683
66420.962 4310 5025 0.857711
66429.750 4311 5026 0.857740
66436.702 4312 5027 0.857768
66444.391 4313 5028 0.857796
66451.785 4314 5029 0.857825
66459.252 4315 5030 0.857853
66467.018 4316 5031 0.857881
66473.838 4316 5032 0.857711
66526.105 4317 5033 0.857739
66533.716 4318 5034 0.857767
66540.562 4319 5035 0.857795
66547.861 4320 5036 0.857824
66554.783 4321 5037 0.857852
66561.730 4322 5038 0.857880
66569.094 4323 5039 0.857908
66576.103 4324 5040 0.857937
66582.812 4325 5041 0.857965
66590.454 4325 5042 0.857795
66643.314 4326 5043 0.857823
66650.251 4327 5044 0.857851
66657.584 4327 5045 0.857681
66711.201 4327 5046 0.857511
66763.870 4328 5047 0.857539
66771.113 4329 5048 0.857567
66778.354 4330 5049 0.857596
66785.693 4331 5050 0.857624
66792.971 4332 5051 0.857652
66800.654 4333 5052 0.857680
66808.096 4334 5053 0.857708
66815.567 4334 5054 0.857539
66868.645 4335 5055 0.857567
66875.916 4336 5056 0.857595
66882.751 4337 5057 0.857623
66889.694 4338 5058 0.857651
66896.530 4339 5059 0.857679
66903.901 4339 5060 0.857510
66957.273 4340 5061 0.857538
66964.589 4341 5062 0.857566
66972.023 4342 5063 0.857594
66979.705 4342 5064 0.857425
67033.969 4343 5065 0.857453
67041.414 4344 5066 0.857481
67049.255 4345 5067 0.857509
67056.600 4346 5068 0.857537
67063.744 4347 5069 0.857566
67070.862 4348 5070 0.857594
67078.414 4349 5071 0.857622
67085.117 4350 5072 0.857650
67092.115 4351 5073 0.857678
67099.016 4352 5074 0.857706
67106.396 4353 5075 0.857734
67113.471 4354 5076 0.857762
67120.707 4355 5077 0.857790
67128.162 4356 5078 0.857818
67135.098 4357 5079 0.857846
67142.411 4358 5080 0.857874
67149.685 4359 5081 0.857902
67156.999 4360 5082 0.857930
67163.775 4361 5083 0.857958
67170.532 4362 5084 0.857986
67177.994 4363 5085 0.858014
67185.261 4363 5086 0.857845
67237.966 4363 5087 0.857676
67289.877 4364 5088 0.857704
67296.795 4365 5089 0.857732
67304.175 4366 5090 0.857760
67311.477 4366 5091 0.857592
67318.781 4367 5092 0.857620
67326.493 4367 5093 0.857451
67380.091 4368 5094 0.857479
67387.438 4369 5095 0.857507
67394.786 4370 5096 0.857535
67402.285 4371 5097 0.857563
67409.046 4372 5098 0.857591
67416.328 4373 5099 0.857619
67423.271 4374 5100 0.857647
67430.133 4375 5101 0.857675
67437.439 4376 5102 0.857703
67445.105 4377 5103 0.857731
67452.663 4378 5104 0.857759
67459.618 4378 5105 0.857591
67512.450 4378 5106 0.857423
67565.520 4379 5107 0.857451
67572.562 4380 5108 0.857478
67580.064 4381 5109 0.857506
67587.474 4382 5110 0.857534
67594.322 4382 5111 0.857366
67648.397 4383 5112 0.857394
67655.540 4383 5113 0.857227
67709.886 4384 5114 0.857255
67719.783 4384 5115 0.857087
67772.065 4385 5116 0.857115
67779.345 4386 5117 0.857143
67786.686 4387 5118 0.857171
67794.181 4388 5119 0.857199
67801.502 4389 5120 0.857227
67808.831 4390 5121 0.857254
67816.172 4391 5122 0.857282
67823.036 4392 5123 0.857310
67830.423 4393 5124 0.857338
67837.442 4394 5125 0.857366
67844.279 4395 5126 0.857394
67851.162 4396 5127 0.857421
67858.680 4397 5128 0.857449
67866.497 4398 5129 0.857477
67873.783 4399 5130 0.857505
67881.159 4400 5131 0.857533
67888.615 4401 5132 0.857560
67895.977 4402 5133 0.857588
67903.616 4403 5134 0.857616
67910.780 4404 5135 0.857644
67918.059 4405 5136 0.857671
67924.850 4406 5137 0.857699
67931.757 4407 5138 0.857727
67938.676 4408 5139 0.857754
67946.014 4409 5140 0.857782
67953.333 4410 5141 0.857810
67960.746 4411 5142 0.857837
67967.641 4412 5143 0.857865
67974.998 4413 5144 0.857893
67982.280 4414 5145 0.857920
67989.214 4415 5146 0.857948
67996.699 4416 5147 0.857976
68009.524 4417 5148 0.858003
68016.658 4418 5149 0.858031
68024.150 4419 5150 0.858058
68031.518 4420 5151 0.858086
68038.978 4421 5152 0.858113
68046.485 4422 5153 0.858141
68053.368 4423 5154 0.858168
68060.623 4424 5155 0.858196
68067.846 4424 5156 0.858029
68122.162 4425 5157 0.858057
68129.253 4426 5158 0.858085
68136.809 4427 5159 0.858112
68144.496 4428 5160 0.858140
68157.166 4429 5161 0.858167
68164.276 4429 5162 0.858001
68218.444 4430 5163 0.858028
68225.746 4431 5164 0.858056
68233.156 4431 5165 0.857890
68287.074 4432 5166 0.857917
68294.500 4433 5167 0.857945
68301.650 4434 5168 0.857972
68308.655 4435 5169 0.858000
68315.812 4436 5170 0.858027
68323.627 4436 5171 0.857861
68378.790 4437 5172 0.857889
68386.381 4438 5173 0.857916
68393.880 4439 5174 0.857944
68400.828 4439 5175 0.857778
68454.053 4440 5176 0.857805
68461.425 4441 5177 0.857833
68468.354 4442 5178 0.857860
68475.898 4443 5179 0.857888
68498.400 4444 5180 0.857915
68505.922 4444 5181 0.857749
68559.231 4445 5182 0.857777
68566.533 4446 5183 0.857804
68573.808 4447 5184 0.857832
68581.277 4448 5185 0.857859
68611.605 4449 5186 0.857887
68619.691 4450 5187 0.857914
68626.627 4451 5188 0.857941
68635.535 4452 5189 0.857969
68684.184 4453 5190 0.857996
68691.703 4454 5191 0.858024
68699.069 4455 5192 0.858051
68707.122 4455 5193 0.857886
68760.822 4455 5194 0.857720
68813.737 4456 5195 0.857748
68821.173 4457 5196 0.857775
68828.636 4458 5197 0.857803
68835.910 4458 5198 0.857638
68889.440 4458 5199 0.857473
68942.089 4459 5200 0.857500
68949.495 4460 5201 0.857527
68956.349 4460 5202 0.857363
69010.121 4461 5203 0.857390
69017.443 4462 5204 0.857417
69024.727 4463 5205 0.857445
69031.929 4464 5206 0.857472
69039.126 4465 5207 0.857500
69046.131 4466 5208 0.857527
69054.191 4467 5209 0.857554
69061.618 4468 5210 0.857582
69069.078 4469 5211 0.857609
69076.562 4470 5212 0.857636
69083.884 4471 5213 0.857664
69091.004 4472 5214 0.857691
69097.891 4473 5215 0.857718
69105.165 4474 5216 0.857745
69112.822 4474 5217 0.857581
69165.828 4475 5218 0.857608
69172.638 4476 5219 0.857636
69180.103 4477 5220 0.857663
69187.261 4478 5221 0.857690
69194.964 4478 5222 0.857526
69247.489 4479 5223 0.857553
69255.019 4480 5224 0.857580
69262.769 4481 5225 0.857608
69270.267 4482 5226 0.857635
69277.323 4482 5227 0.857471
69330.543 4483 5228 0.857498
69338.088 4484 5229 0.857525
69344.859 4485 5230 0.857553
69351.787 4485 5231 0.857389
69405.372 4486 5232 0.857416
69412.373 4487 5233 0.857443
69419.737 4488 5234 0.857470
69427.665 4489 5235 0.857498
69435.064 4489 5236 0.857334
69487.846 4490 5237 0.857361
69495.284 4491 5238 0.857388
69502.029 4492 5239 0.857416
69509.227 4493 5240 0.857443
69516.270 4494 5241 0.857470
69523.684 4494 5242 0.857306
69576.541 4495 5243 0.857334
69583.785 4496 5244 0.857361
69591.388 4497 5245 0.857388
69598.912 4498 5246 0.857415
69606.283 4498 5247 0.857252
69660.761 4499 5248 0.857279
69668.536 4500 5249 0.857306
69675.760 4501 5250 0.857333
69683.335 4502 5251 0.857361
69691.275 4503 5252 0.857388
69699.226 4503 5253 0.857224
69752.527 4504 5254 0.857252
69760.409 4504 5255 0.857088
69814.988 4504 5256 0.856925
69869.158 4505 5257 0.856953
69876.231 4506 5258 0.856980
69883.660 4507 5259 0.857007
69890.555 4508 5260 0.857034
69898.204 4508 5261 0.856871
69950.192 4509 5262 0.856899
69957.091 4510 5263 0.856926
69963.994 4511 5264 0.856953
69971.375 4512 5265 0.856980
69978.252 4513 5266 0.857007
69989.790 4514 5267 0.857034
69997.401 4515 5268 0.857062
70004.919 4516 5269 0.857089
70012.684 4517 5270 0.857116
70020.069 4518 5271 0.857143
70027.305 4519 5272 0.857170
70034.117 4520 5273 0.857197
70041.700 4521 5274 0.857224
70049.944 4522 5275 0.857251
70057.589 4523 5276 0.857278
70064.963 4524 5277 0.857305
70110.001 4525 5278 0.857332
70116.864 4526 5279 0.857359
70123.622 4526 5280 0.857197
70179.182 4526 5281 0.857035
70233.182 4527 5282 0.857062
70240.563 4527 5283 0.856899
70293.988 4528 5284 0.856927
70300.932 4529 5285 0.856954
70308.271 4530 5286 0.856981
70315.029 4531 5287 0.857008
70323.038 4532 5288 0.857035
70330.406 4533 5289 0.857062
70337.281 4534 5290 0.857089
70344.277 4534 5291 0.856927
70397.898 4535 5292 0.856954
70408.671 4536 5293 0.856981
70416.269 4537 5294 0.857008
70424.334 4538 5295 0.857035
70431.796 4539 5296 0.857062
70439.252 4540 5297 0.857089
70446.511 4541 5298 0.857116
70453.842 4542 5299 0.857143
70461.357 4543 5300 0.857170
70468.310 4544 5301 0.857197
70475.175 4545 5302 0.857224
70482.578 4546 5303 0.857251
70489.755 4547 5304 0.857278
70496.579 4548 5305 0.857304
70503.470 4549 5306 0.857331
70510.223 4550 5307 0.857358
70517.834 4551 5308 0.857385
70525.614 4552 5309 0.857412
70532.863 4552 5310 0.857250
70586.622 4553 5311 0.857277
70594.112 4554 5312 0.857304
70601.465 4555 5313 0.857331
70609.284 4556 5314 0.857358
70616.697 4557 5315 0.857385
70624.534 4558 5316 0.857412
70631.802 4559 5317 0.857438
70639.255 4560 5318 0.857465
70646.790 4560 5319 0.857304
70699.109 4561 5320 0.857331
70739.550 4561 5321 0.857170
70792.794 4562 5322 0.857197
70800.118 4563 5323 0.857223
70807.610 4564 5324 0.857250
70815.023 4565 5325 0.857277
70822.524 4566 5326 0.857304
70853.563 4566 5327 0.857143
70906.235 4567 5328 0.857170
70913.867 4568 5329 0.857196
70921.731 4569 5330 0.857223
70929.220 4569 5331 0.857062
70983.787 4570 5332 0.857089
70991.243 4571 5333 0.857116
70998.861 4572 5334 0.857143
71005.812 4573 5335 0.857170
71012.734 4574 5336 0.857196
71020.309 4574 5337 0.857036
71072.593 4575 5338 0.857063
71079.539 4575 5339 0.856902
71133.013 4576 5340 0.856929
71140.455 4577 5341 0.856956
71148.406 4578 5342 0.856982
71155.885 4579 5343 0.857009
71163.201 4580 5344 0.857036
71170.050 4581 5345 0.857063
71176.900 4582 5346 0.857089
71194.786 4583 5347 0.857116
71201.903 4584 5348 0.857143
71213.987 4585 5349 0.857170
71221.489 4586 5350 0.857196
71229.180 4586 5351 0.857036
71282.635 4586 5352 0.856876
71336.888 4587 5353 0.856903
71344.434 4588 5354 0.856929
71352.176 4589 5355 0.856956
71359.888 4590 5356 0.856983
71367.519 4591 5357 0.857010
71375.100 4592 5358 0.857036
71382.428 4593 5359 0.857063
71390.137 4593 5360 0.856903
71444.146 4594 5361 0.856930
71451.703 4595 5362 0.856956
71458.687 4596 5363 0.856983
71466.151 4597 5364 0.857010
71473.434 4597 5365 0.856850
71527.453 4598 5366 0.856877
71535.058 4599 5367 0.856903
71542.669 4600 5368 0.856930
71550.287 4601 5369 0.856957
71557.875 4601 5370 0.856797
71611.172 4602 5371 0.856824
71618.661 4603 5372 0.856850
71626.157 4604 5373 0.856877
71633.133 4605 5374 0.856904
71640.815 4606 5375 0.856930
71648.401 4607 5376 0.856957
71655.975 4608 5377 0.856983
71663.440 4609 5378 0.857010
71670.939 4610 5379 0.857037
71677.955 4611 5380 0.857063
71685.522 4612 5381 0.857090
71696.294 4613 5382 0.857116
71703.541 4614 5383 0.857143
71710.487 4615 5384 0.857169
71718.032 4616 5385 0.857196
71736.209 4617 5386 0.857222
71743.161 4618 5387 0.857249
71750.363 4619 5388 0.857275
71758.033 4620 5389 0.857302
71765.224 4621 5390 0.857328
71772.705 4622 5391 0.857355
71780.565 4623 5392 0.857381
71788.597 4624 5393 0.857408
71796.227 4625 5394 0.857434
71803.630 4626 5395 0.857461
71810.642 4627 5396 0.857487
71818.140 4627 5397 0.857328
71871.201 4628 5398 0.857355
71878.806 4629 5399 0.857381
71886.171 4630 5400 0.857407
71893.872 4631 5401 0.857434
71901.058 4632 5402 0.857460
71908.487 4633 5403 0.857487
71916.384 4634 5404 0.857513
71924.050 4635 5405 0.857539
71931.641 4636 5406 0.857566
71939.049 4636 5407 0.857407
71946.423 4637 5408 0.857433
71953.311 4638 5409 0.857460
71960.842 4639 5410 0.857486
71968.377 4640 5411 0.857512
71975.758 4641 5412 0.857539
71983.374 4642 5413 0.857565
71990.976 4642 5414 0.857407
72044.317 4643 5415 0.857433
72051.908 4644 5416 0.857459
72059.548 4645 5417 0.857486
72066.960 4645 5418 0.857327
72120.009 4646 5419 0.857354
72127.555 4647 5420 0.857380
72134.557 4648 5421 0.857406
72141.467 4649 5422 0.857433
72148.393 4650 5423 0.857459
72155.398 4651 5424 0.857485
72162.947 4652 5425 0.857512
72169.987 4653 5426 0.857538
72177.700 4653 5427 0.857380
72231.167 4653 5428 0.857222
72283.712 4654 5429 0.857248
72290.780 4655 5430 0.857274
72298.430 4656 5431 0.857301
72306.337 4657 5432 0.857327
72313.605 4658 5433 0.857353
72321.111 4659 5434 0.857379
72328.942 4660 5435 0.857406
72336.451 4661 5436 0.857432
72343.497 4662 5437 0.857458
72351.005 4663 5438 0.857484
72359.248 4664 5439 0.857511
72366.989 4665 5440 0.857537
72374.569 4666 5441 0.857563
72381.676 4666 5442 0.857405
72434.393 4667 5443 0.857432
72442.041 4668 5444 0.857458
72449.490 4669 5445 0.857484
72457.066 4669 5446 0.857326
72510.509 4670 5447 0.857353
72518.339 4671 5448 0.857379
72525.391 4671 5449 0.857222
72578.453 4672 5450 0.857248
72585.670 4673 5451 0.857274
72592.674 4674 5452 0.857300
72599.850 4675 5453 0.857326
72606.896 4675 5454 0.857169
72659.841 4676 5455 0.857195
72667.305 4677 5456 0.857221
72674.263 4677 5457 0.857064
72727.820 4678 5458 0.857091
72734.810 4679 5459 0.857117
72741.988 4680 5460 0.857143
72749.038 4680 5461 0.856986
72756.160 4681 5462 0.857012
72763.244 4682 5463 0.857038
72770.938 4683 5464 0.857064
72782.401 4684 5465 0.857091
72789.893 4685 5466 0.857117
72797.245 4686 5467 0.857143
72804.812 4686 5468 0.856986
72859.641 4687 5469 0.857012
72867.265 4688 5470 0.857038
72874.469 4689 5471 0.857065
72881.973 4689 5472 0.856908
72935.308 4690 5473 0.856934
72943.140 4691 5474 0.856960
72951.084 4692 5475 0.856986
72958.230 4692 5476 0.856830
73011.547 4693 5477 0.856856
73019.151 4693 5478 0.856700
73072.276 4694 5479 0.856726
73079.206 4695 5480 0.856752
73086.950 4696 5481 0.856778
73103.967 4697 5482 0.856804
73111.434 4698 5483 0.856830
73118.750 4698 5484 0.856674
73171.572 4699 5485 0.856700
73178.699 4700 5486 0.856726
73186.237 4701 5487 0.856752
73193.872 4702 5488 0.856778
73201.508 4702 5489 0.856622
73255.517 4703 5490 0.856648
73263.206 4704 5491 0.856675
73270.429 4705 5492 0.856701
73278.148 4706 5493 0.856727
73285.263 4707 5494 0.856753
73292.611 4708 5495 0.856779
73300.138 4709 5496 0.856805
73307.658 4710 5497 0.856831
73314.636 4711 5498 0.856857
73322.147 4712 5499 0.856883
73329.452 4713 5500 0.856909
73336.971 4714 5501 0.856935
73344.676 4715 5502 0.856961
73355.911 4715 5503 0.856805
73409.257 4716 5504 0.856831
73416.889 4717 5505 0.856857
73424.019 4718 5506 0.856883
73431.672 4719 5507 0.856909
73439.241 4720 5508 0.856935
73446.759 4721 5509 0.856961
73454.173 4722 5510 0.856987
73461.655 4723 5511 0.857013
73469.347 4724 5512 0.857039
73477.239 4725 5513 0.857065
73484.675 4726 5514 0.857091
73492.157 4727 5515 0.857117
73499.559 4728 5516 0.857143
73507.210 4729 5517 0.857169
73515.089 4730 5518 0.857195
73522.665 4731 5519 0.857221
73530.394 4732 5520 0.857246
73537.714 4733 5521 0.857272
73545.450 4733 5522 0.857117
73598.441 4733 5523 0.856962
73651.715 4733 5524 0.856807
73705.870 4734 5525 0.856833
73713.528 4735 5526 0.856858
73721.106 4736 5527 0.856884
73728.923 4737 5528 0.856910
73736.492 4738 5529 0.856936
73744.155 4739 5530 0.856962
73751.629 4740 5531 0.856988
73759.679 4741 5532 0.857014
73767.240 4742 5533 0.857040
73774.825 4743 5534 0.857065
73782.239 4744 5535 0.857091
73790.287 4744 5536 0.856936
73843.868 4745 5537 0.856962
73851.465 4746 5538 0.856988
73859.311 4747 5539 0.857014
73866.826 4748 5540 0.857040
73874.306 4749 5541 0.857066
73882.520 4750 5542 0.857091
73890.139 4751 5543 0.857117
73897.651 4751 5544 0.856962
73951.515 4752 5545 0.856988
73959.162 4753 5546 0.857014
73966.791 4754 5547 0.857040
73987.686 4755 5548 0.857066
73994.896 4756 5549 0.857091
74001.982 4757 5550 0.857117
74009.195 4758 5551 0.857143
74016.429 4759 5552 0.857169
74023.605 4759 5553 0.857014
74077.478 4760 5554 0.857040
74085.011 4761 5555 0.857066
74093.151 4762 5556 0.857091
74100.552 4763 5557 0.857117
74108.144 4764 5558 0.857143
74115.197 4765 5559 0.857169
74125.341 4765 5560 0.857014
74180.500 4766 5561 0.857040
74187.972 4767 5562 0.857066
74200.148 4768 5563 0.857091
74214.201 4769 5564 0.857117
74221.577 4770 5565 0.857143
74228.756 4771 5566 0.857169
74236.395 4772 5567 0.857194
74244.034 4773 5568 0.857220
74251.103 4774 5569 0.857245
74258.603 4775 5570 0.857271
74266.007 4776 5571 0.857297
74273.705 4777 5572 0.857322
74280.829 4778 5573 0.857348
74288.380 4779 5574 0.857374
74296.520 4780 5575 0.857399
74304.130 4781 5576 0.857425
74311.731 4781 5577 0.857271
74365.556 4782 5578 0.857297
74381.567 4783 5579 0.857322
74389.139 4784 5580 0.857348
74396.670 4785 5581 0.857373
74414.101 4786 5582 0.857399
74421.796 4787 5583 0.857424
74429.390 4788 5584 0.857450
74437.026 4788 5585 0.857296
74490.736 4789 5586 0.857322
74498.435 4790 5587 0.857347
74506.368 4791 5588 0.857373
74513.471 4792 5589 0.857398
74521.090 4792 5590 0.857245
74574.940 4793 5591 0.857271
74582.659 4794 5592 0.857296
74589.644 4795 5593 0.857322
74597.400 4795 5594 0.857168
74650.857 4796 5595 0.857194
74658.843 4797 5596 0.857219
74670.043 4797 5597 0.857066
74722.804 4798 5598 0.857092
74729.963 4799 5599 0.857117
74737.529 4800 5600 0.857143
74783.805 4801 5601 0.857168
74791.906 4801 5602 0.857015
74847.286 4802 5603 0.857041
74854.949 4803 5604 0.857066
74862.647 4804 5605 0.857092
74869.721 4805 5606 0.857117
74877.349 4806 5607 0.857143
74885.086 4807 5608 0.857168
74892.861 4807 5609 0.857016
74946.723 4808 5610 0.857041
74954.297 4809 5611 0.857066
74962.174 4810 5612 0.857092
74969.433 4810 5613 0.856939
75021.795 4811 5614 0.856965
75028.836 4812 5615 0.856990
75035.962 4813 5616 0.857016
75043.330 4814 5617 0.857041
75050.826 4815 5618 0.857067
75057.808 4815 5619 0.856914
75111.955 4815 5620 0.856762
75165.615 4816 5621 0.856787
75173.667 4817 5622 0.856813
75181.124 4817 5623 0.856660
75235.291 4817 5624 0.856508
75289.902 4818 5625 0.856533
75297.644 4818 5626 0.856381
75350.723 4818 5627 0.856229
75403.998 4818 5628 0.856077
75460.689 4818 5629 0.855925
75514.237 4819 5630 0.855950
75521.686 4820 5631 0.855976
75528.740 4821 5632 0.856001
75535.865 4822 5633 0.856027
75543.364 4823 5634 0.856053
75550.886 4824 5635 0.856078
75558.748 4825 5636 0.856104
75566.314 4825 5637 0.855952
75619.761 4825 5638 0.855800
75671.974 4826 5639 0.855826
75680.050 4827 5640 0.855851
75687.407 4828 5641 0.855877
75694.727 4829 5642 0.855902
75702.425 4830 5643 0.855928
75710.035 4831 5644 0.855953
75718.525 4832 5645 0.855979
75726.584 4833 5646 0.856004
75733.611 4834 5647 0.856030
75741.138 4835 5648 0.856055
75748.293 4836 5649 0.856081
75755.920 4837 5650 0.856106
75792.872 4838 5651 0.856132
75800.465 4839 5652 0.856157
75808.880 4840 5653 0.856183
75816.718 4841 5654 0.856208
75824.308 4842 5655 0.856233
75832.171 4843 5656 0.856259
75839.162 4844 5657 0.856284
75846.304 4845 5658 0.856310
75853.429 4846 5659 0.856335
75860.538 4847 5660 0.856360
75867.668 4847 5661 0.856209
75921.376 4848 5662 0.856235
75928.928 4849 5663 0.856260
75936.979 4849 5664 0.856109
75990.632 4850 5665 0.856134
75997.753 4851 5666 0.856160
76005.216 4851 5667 0.856008
76058.248 4852 5668 0.856034
76065.822 4853 5669 0.856059
76072.824 4854 5670 0.856085
76080.369 4855 5671 0.856110
76087.344 4855 5672 0.855959
76140.967 4855 5673 0.855808
76195.372 4856 5674 0.855834
76202.654 4857 5675 0.855859
76210.635 4858 5676 0.855884
76218.711 4859 5677 0.855910
76226.638 4860 5678 0.855935
76233.965 4861 5679 0.855961
76241.484 4861 5680 0.855810
76295.268 4862 5681 0.855835
76302.997 4862 5682 0.855685
76355.328 4863 5683 0.855710
76362.871 4864 5684 0.855735
76370.424 4865 5685 0.855761
76378.463 4866 5686 0.855786
76386.094 4867 5687 0.855811
76393.232 4867 5688 0.855661
76448.023 4868 5689 0.855686
76455.531 4869 5690 0.855712
76463.112 4869 5691 0.855561
76516.701 4869 5692 0.855411
76570.018 4870 5693 0.855437
76577.041 4871 5694 0.855462
76584.435 4871 5695 0.855312
76640.003 4872 5696 0.855337
76647.837 4873 5697 0.855362
76654.834 4874 5698 0.855388
76661.901 4875 5699 0.855413
76669.593 4876 5700 0.855439
76677.174 4877 5701 0.855464
76684.190 4878 5702 0.855489
76691.682 4879 5703 0.855515
76699.187 4879 5704 0.855365
76752.350 4880 5705 0.855390
76760.020 4881 5706 0.855415
76767.443 4882 5707 0.855441
76775.300 4883 5708 0.855466
76783.598 4884 5709 0.855491
76791.262 4885 5710 0.855517
76798.563 4886 5711 0.855542
76806.036 4887 5712 0.855567
76813.499 4888 5713 0.855593
76821.124 4888 5714 0.855443
76875.167 4889 5715 0.855468
76883.064 4890 5716 0.855493
76890.600 4891 5717 0.855519
76898.756 4892 5718 0.855544
76906.363 4893 5719 0.855569
76918.573 4894 5720 0.855594
76926.094 4895 5721 0.855620
76933.714 4896 5722 0.855645
76940.716 4896 5723 0.855495
76993.950 4897 5724 0.855521
77001.788 4898 5725 0.855546
77009.911 4899 5726 0.855571
77017.526 4899 5727 0.855422
77071.983 4900 5728 0.855447
77079.614 4901 5729 0.855472
77087.106 4901 5730 0.855323
77140.503 4902 5731 0.855348
77148.670 4903 5732 0.855373
77156.313 4904 5733 0.855399
77164.465 4905 5734 0.855424
77172.107 4906 5735 0.855449
77179.338 4907 5736 0.855474
77186.887 4908 5737 0.855499
77193.957 4909 5738 0.855525
77201.603 4910 5739 0.855550
77209.200 4911 5740 0.855575
77216.154 4912 5741 0.855600
77223.852 4913 5742 0.855625
77231.616 4914 5743 0.855650
77239.830 4915 5744 0.855675
77247.591 4916 5745 0.855701
77255.149 4916 5746 0.855552
77308.711 4917 5747 0.855577
77315.840 4918 5748 0.855602
77323.503 4919 5749 0.855627
77330.567 4919 5750 0.855478
77384.717 4920 5751 0.855503
77391.809 4921 5752 0.855529
77399.365 4922 5753 0.855554
77406.902 4923 5754 0.855579
77414.481 4924 5755 0.855604
77443.270 4925 5756 0.855629
77450.998 4926 5757 0.855654
77458.591 4927 5758 0.855679
77466.257 4928 5759 0.855704
77474.006 4929 5760 0.855729
77481.690 4929 5761 0.855581
77535.447 4930 5762 0.855606
77543.164 4930 5763 0.855457
77597.785 4931 5764 0.855482
77615.861 4932 5765 0.855507
77623.118 4933 5766 0.855532
77633.459 4934 5767 0.855557
77641.161 4935 5768 0.855583
77648.962 4936 5769 0.855608
77656.748 4937 5770 0.855633
77663.947 4938 5771 0.855658
77674.634 4939 5772 0.855683
77681.611 4940 5773 0.855708
77689.233 4941 5774 0.855733
77696.927 4942 5775 0.855758
77704.070 4943 5776 0.855783
77711.549 4944 5777 0.855808
77718.537 4945 5778 0.855832
77726.282 4946 5779 0.855857
77734.220 4947 5780 0.855882
77741.802 4948 5781 0.855907
77748.905 4949 5782 0.855932
77762.175 4950 5783 0.855957
77769.704 4951 5784 0.855982
77777.487 4952 5785 0.856007
77785.169 4952 5786 0.855859
77840.233 4953 5787 0.855884
77847.942 4954 5788 0.855909
77855.554 4955 5789 0.855934
77863.388 4956 5790 0.855959
77871.101 4957 5791 0.855983
77878.613 4958 5792 0.856008
77886.436 4959 5793 0.856033
77893.991 4960 5794 0.856058
77901.338 4961 5795 0.856083
77908.909 4962 5796 0.856108
77917.186 4963 5797 0.856132
77925.108 4964 5798 0.856157
77932.981 4965 5799 0.856182
77940.317 4966 5800 0.856207
77948.101 4967 5801 0.856232
77961.365 4968 5802 0.856256
77968.941 4968 5803 0.856109
78022.785 4969 5804 0.856134
78031.732 4970 5805 0.856158
78039.276 4971 5806 0.856183
78047.044 4972 5807 0.856208
78054.964 4973 5808 0.856233
78062.119 4973 5809 0.856085
78116.575 4974 5810 0.856110
78124.244 4975 5811 0.856135
78131.370 4976 5812 0.856160
78138.562 4977 5813 0.856184
78146.713 4978 5814 0.856209
78169.302 4978 5815 0.856062
78222.786 4979 5816 0.856087
78230.693 4980 5817 0.856111
78237.816 4981 5818 0.856136
78245.415 4982 5819 0.856161
78253.714 4983 5820 0.856186
78261.529 4984 5821 0.856210
78269.016 4985 5822 0.856235
78276.121 4985 5823 0.856088
78330.218 4986 5824 0.856113
78337.557 4987 5825 0.856137
78345.420 4988 5826 0.856162
78353.425 4989 5827 0.856187
78360.791 4990 5828 0.856211
78368.450 4990 5829 0.856065
78421.477 4991 5830 0.856089
78429.537 4992 5831 0.856114
78436.678 4993 5832 0.856139
78444.406 4993 5833 0.855992
78498.096 4994 5834 0.856016
78514.355 4995 5835 0.856041
78521.827 4996 5836 0.856066
78529.396 4997 5837 0.856090
78537.065 4998 5838 0.856115
78544.689 4998 5839 0.855968
78598.573 4999 5840 0.855993
78606.176 5000 5841 0.856018
78613.906 5001 5842 0.856042
78621.092 5002 5843 0.856067
78628.405 5003 5844 0.856092
78635.704 5004 5845 0.856116
78643.400 5005 5846 0.856141
78683.421 5006 5847 0.856166
78691.010 5007 5848 0.856190
78699.058 5007 5849 0.856044
78751.807 5008 5850 0.856068
78763.140 5009 5851 0.856093
78770.340 5009 5852 0.855947
78823.779 5010 5853 0.855971
78832.183 5011 5854 0.855996
78839.885 5012 5855 0.856020
78847.851 5013 5856 0.856045
78855.949 5014 5857 0.856070
78863.691 5015 5858 0.856094
78871.473 5016 5859 0.856119
78878.660 5017 5860 0.856143
78886.198 5018 5861 0.856168
78894.346 5019 5862 0.856192
78901.477 5020 5863 0.856217
78908.737 5021 5864 0.856241
78916.315 5022 5865 0.856266
78924.027 5023 5866 0.856290
78957.175 5023 5867 0.856145
79009.515 5024 5868 0.856169
79017.408 5025 5869 0.856194
79024.744 5025 5870 0.856048
79077.839 5026 5871 0.856072
79085.551 5027 5872 0.856097
79093.983 5028 5873 0.856121
79101.601 5028 5874 0.855975
79154.781 5028 5875 0.855830
79208.110 5029 5876 0.855854
79216.155 5029 5877 0.855709
79268.923 5030 5878 0.855733
79276.591 5031 5879 0.855758
79283.712 5032 5880 0.855782
79290.789 5033 5881 0.855807
79297.941 5034 5882 0.855831
79305.011 5034 5883 0.855686
79359.481 5035 5884 0.855710
79367.531 5036 5885 0.855735
79375.601 5036 5886 0.855590
79430.559 5037 5887 0.855614
79437.937 5038 5888 0.855639
79445.504 5039 5889 0.855663
79453.167 5040 5890 0.855688
79460.414 5041 5891 0.855712
79467.697 5042 5892 0.855737
79475.436 5043 5893 0.855761
79483.035 5044 5894 0.855786
79490.243 5045 5895 0.855810
79514.255 5046 5896 0.855834
79521.609 5047 5897 0.855859
79529.210 5048 5898 0.855883
79537.071 5049 5899 0.855908
79544.719 5050 5900 0.855932
79552.383 5050 5901 0.855787
79605.600 5051 5902 0.855812
79613.423 5052 5903 0.855836
79631.913 5053 5904 0.855860
79639.793 5054 5905 0.855885
79647.511 5055 5906 0.855909
79655.035 5056 5907 0.855934
79662.621 5057 5908 0.855958
79670.289 5058 5909 0.855982
79677.494 5059 5910 0.856007
79684.592 5060 5911 0.856031
79691.663 5061 5912 0.856055
79699.395 5062 5913 0.856080
79707.038 5063 5914 0.856104
79714.921 5063 5915 0.855959
79768.748 5064 5916 0.855984
79776.692 5064 5917 0.855839
79830.628 5065 5918 0.855863
79837.751 5066 5919 0.855888
79848.259 5067 5920 0.855912
79855.574 5068 5921 0.855936
79863.237 5069 5922 0.855961
79870.985 5070 5923 0.855985
79878.104 5071 5924 0.856009
79885.852 5072 5925 0.856034
79893.498 5073 5926 0.856058
79900.843 5074 5927 0.856082
79908.067 5075 5928 0.856107
79915.898 5076 5929 0.856131
79924.440 5077 5930 0.856155
79932.057 5078 5931 0.856179
79939.779 5079 5932 0.856204
79947.704 5080 5933 0.856228
79955.404 5081 5934 0.856252
79963.199 5082 5935 0.856276
79970.622 5083 5936 0.856301
79992.070 5084 5937 0.856325
79999.638 5085 5938 0.856349
80006.910 5086 5939 0.856373
80014.546 5086 5940 0.856229
80068.235 5087 5941 0.856253
80075.735 5088 5942 0.856277
80108.874 5089 5943 0.856302
80115.993 5090 5944 0.856326
80123.862 5091 5945 0.856350
80135.695 5092 5946 0.856374
80143.387 5093 5947 0.856398
80150.723 5094 5948 0.856422
80158.038 5095 5949 0.856446
80165.359 5096 5950 0.856471
80172.938 5096 5951 0.856327
80227.286 5097 5952 0.856351
80235.260 5098 5953 0.856375
80242.536 5099 5954 0.856399
80249.858 5100 5955 0.856423
80257.273 5101 5956 0.856447
80264.949 5102 5957 0.856471
80272.638 5103 5958 0.856495
80280.426 5104 5959 0.856520
80288.007 5105 5960 0.856544
80296.391 5106 5961 0.856568
80304.352 5107 5962 0.856592
80312.270 5108 5963 0.856616
80320.095 5109 5964 0.856640
80327.355 5110 5965 0.856664
80334.627 5111 5966 0.856688
80367.335 5112 5967 0.856712
80375.069 5113 5968 0.856736
80382.854 5114 5969 0.856760
80390.029 5115 5970 0.856784
80397.737 5116 5971 0.856808
80418.224 5117 5972 0.856832
80425.521 5118 5973 0.856856
80433.409 5118 5974 0.856712
80486.864 5118 5975 0.856569
80541.883 5118 5976 0.856426
80595.228 5119 5977 0.856450
80603.182 5120 5978 0.856474
80610.963 5121 5979 0.856498
80618.177 5122 5980 0.856522
80671.000 5122 5981 0.856379
80724.009 5123 5982 0.856403
80731.578 5124 5983 0.856427
80739.140 5125 5984 0.856451
80746.969 5126 5985 0.856475
80754.715 5127 5986 0.856498
80762.750 5128 5987 0.856522
80770.159 5129 5988 0.856546
80777.979 5130 5989 0.856570
80785.914 5130 5990 0.856427
80840.194 5130 5991 0.856284
80893.195 5130 5992 0.856142
80947.947 5131 5993 0.856166
80955.786 5132 5994 0.856190
80963.684 5133 5995 0.856214
80970.867 5134 5996 0.856237
80978.608 5135 5997 0.856261
80986.216 5136 5998 0.856285
80993.448 5136 5999 0.856143
81046.775 5137 6000 0.856167
81054.437 5138 6001 0.856191
81062.321 5139 6002 0.856215
81071.976 5140 6003 0.856239
81079.629 5141 6004 0.856262
81087.654 5142 6005 0.856286
81095.291 5143 6006 0.856310
81102.851 5144 6007 0.856334
81110.086 5145 6008 0.856358
81117.834 5146 6009 0.856382
81125.931 5147 6010 0.856406
81133.641 5148 6011 0.856430
81141.752 5149 6012 0.856454
81152.406 5150 6013 0.856478
81160.178 5151 6014 0.856501
81167.766 5152 6015 0.856525
81175.659 5153 6016 0.856549
81183.553 5154 6017 0.856573
81191.405 5155 6018 0.856597
81198.692 5156 6019 0.856621
81206.079 5156 6020 0.856478
81259.526 5157 6021 0.856502
81267.502 5158 6022 0.856526
81274.717 5158 6023 0.856384
81327.309 5159 6024 0.856408
81335.237 5160 6025 0.856432
81342.429 5160 6026 0.856289
81400.861 5160 6027 0.856147
81455.199 5160 6028 0.856005
81507.791 5160 6029 0.855863
81561.484 5161 6030 0.855887
81569.379 5162 6031 0.855911
81576.931 5163 6032 0.855935
81584.684 5164 6033 0.855959
81592.540 5165 6034 0.855983
81599.698 5166 6035 0.856007
81607.707 5167 6036 0.856030
81615.018 5168 6037 0.856054
81629.196 5169 6038 0.856078
81637.047 5170 6039 0.856102
81644.902 5171 6040 0.856126
81652.563 5172 6041 0.856150
81660.060 5173 6042 0.856173
81667.760 5174 6043 0.856197
81675.368 5175 6044 0.856221
81682.542 5176 6045 0.856245
81690.329 5177 6046 0.856269
81698.096 5178 6047 0.856292
81705.800 5179 6048 0.856316
81734.222 5179 6049 0.856175
81787.670 5180 6050 0.856198
81795.302 5181 6051 0.856222
81802.589 5182 6052 0.856246
81809.841 5183 6053 0.856270
81817.498 5184 6054 0.856293
81825.336 5185 6055 0.856317
81832.682 5186 6056 0.856341
81839.932 5187 6057 0.856365
81847.143 5188 6058 0.856388
81854.876 5189 6059 0.856412
81862.113 5190 6060 0.856436
81900.368 5191 6061 0.856459
81908.336 5192 6062 0.856483
81915.478 5193 6063 0.856507
81923.164 5194 6064 0.856530
81930.587 5195 6065 0.856554
81938.047 5196 6066 0.856578
81945.220 5197 6067 0.856601
81953.070 5198 6068 0.856625
81960.268 5199 6069 0.856649
81968.106 5200 6070 0.856672
81975.952 5201 6071 0.856696
81983.603 5202 6072 0.856719
81991.359 5203 6073 0.856743
81999.203 5204 6074 0.856767
82006.931 5205 6075 0.856790
82014.855 5206 6076 0.856814
82022.248 5207 6077 0.856837
82030.172 5208 6078 0.856861
82037.528 5209 6079 0.856884
82045.200 5210 6080 0.856908
82070.186 5211 6081 0.856931
82078.126 5212 6082 0.856955
82086.362 5213 6083 0.856978
82094.085 5214 6084 0.857002
82101.525 5215 6085 0.857025
82109.199 5216 6086 0.857049
82117.256 5217 6087 0.857072
82157.940 5218 6088 0.857096
82165.454 5219 6089 0.857119
82173.262 5219 6090 0.856979
82225.866 5220 6091 0.857002
82233.657 5221 6092 0.857026
82241.411 5221 6093 0.856885
82294.195 5222 6094 0.856908
82301.478 5222 6095 0.856768
82353.788 5223 6096 0.856791
82361.569 5223 6097 0.856651
82415.558 5224 6098 0.856674
82423.526 5225 6099 0.856698
82431.449 5226 6100 0.856721
82438.668 5227 6101 0.856745
82446.530 5228 6102 0.856768
82454.022 5229 6103 0.856792
82461.770 5229 6104 0.856651
82516.751 5230 6105 0.856675
82524.464 5231 6106 0.856698
82531.741 5232 6107 0.856722
82539.561 5233 6108 0.856745
82547.362 5234 6109 0.856769
82554.963 5235 6110 0.856792
82562.640 5236 6111 0.856816
82570.246 5236 6112 0.856675
82623.859 5237 6113 0.856699
82631.666 5238 6114 0.856722
82639.412 5239 6115 0.856746
82646.830 5240 6116 0.856769
82654.372 5241 6117 0.856793
82662.540 5242 6118 0.856816
82670.990 5243 6119 0.856839
82678.304 5243 6120 0.856699
82732.795 5244 6121 0.856723
82740.376 5245 6122 0.856746
82747.886 5246 6123 0.856770
82755.590 5246 6124 0.856630
82809.784 5247 6125 0.856653
82817.436 5248 6126 0.856676
82824.775 5249 6127 0.856700
82832.104 5250 6128 0.856723
82839.873 5251 6129 0.856747
82847.386 5252 6130 0.856770
82854.932 5252 6131 0.856630
82908.581 5253 6132 0.856654
82915.922 5254 6133 0.856677
82923.808 5255 6134 0.856700
82931.671 5256 6135 0.856724
82939.373 5256 6136 0.856584
82992.103 5257 6137 0.856607
82999.196 5258 6138 0.856631
83006.462 5259 6139 0.856654
83013.722 5260 6140 0.856678
83021.046 5261 6141 0.856701
83028.351 5262 6142 0.856724
83035.761 5263 6143 0.856748
83043.096 5264 6144 0.856771
83050.465 5265 6145 0.856794
83058.325 5266 6146 0.856817
83066.265 5267 6147 0.856841
83083.793 5268 6148 0.856864
83091.614 5268 6149 0.856725
83144.635 5269 6150 0.856748
83156.271 5270 6151 0.856771
83171.264 5271 6152 0.856795
83179.002 5272 6153 0.856818
83187.041 5273 6154 0.856841
83194.707 5274 6155 0.856864
83201.920 5275 6156 0.856888
83209.506 5276 6157 0.856911
83217.492 5277 6158 0.856934
83239.664 5278 6159 0.856957
83247.050 5279 6160 0.856981
83254.847 5280 6161 0.857004
83262.292 5281 6162 0.857027
83270.149 5282 6163 0.857050
83277.946 5283 6164 0.857073
83285.819 5284 6165 0.857097
83292.968 5285 6166 0.857120
83300.530 5286 6167 0.857143
83338.578 5287 6168 0.857166
83347.410 5288 6169 0.857189
83363.575 5289 6170 0.857212
83371.435 5289 6171 0.857073
83433.930 5290 6172 0.857097
83441.228 5290 6173 0.856958
83495.569 5291 6174 0.856981
83503.375 5291 6175 0.856842
83559.190 5292 6176 0.856865
83566.928 5293 6177 0.856888
83574.988 5294 6178 0.856912
83582.321 5294 6179 0.856773
83636.047 5295 6180 0.856796
83643.537 5296 6181 0.856819
83651.114 5297 6182 0.856842
83659.048 5298 6183 0.856866
83667.178 5298 6184 0.856727
83720.864 5299 6185 0.856750
83728.569 5300 6186 0.856773
83736.423 5300 6187 0.856635
83790.707 5301 6188 0.856658
83798.519 5302 6189 0.856681
83806.487 5303 6190 0.856704
83814.434 5303 6191 0.856566
83867.435 5304 6192 0.856589
83875.279 5305 6193 0.856612
83882.583 5306 6194 0.856635
83890.498 5307 6195 0.856659
83898.321 5308 6196 0.856682
83905.593 5309 6197 0.856705
83913.310 5310 6198 0.856728
83920.653 5311 6199 0.856751
83929.715 5311 6200 0.856613
83984.385 5312 6201 0.856636
83992.534 5313 6202 0.856659
84000.311 5314 6203 0.856682
84007.571 5315 6204 0.856705
84015.279 5316 6205 0.856728
84023.170 5317 6206 0.856752
84030.977 5318 6207 0.856775
84038.960 5319 6208 0.856798
84046.338 5320 6209 0.856821
84054.102 5321 6210 0.856844
84061.968 5322 6211 0.856867
84069.998 5323 6212 0.856890
84077.609 5324 6213 0.856913
84085.088 5325 6214 0.856936
84092.901 5325 6215 0.856798
84146.904 5326 6216 0.856821
84154.447 5326 6217 0.856683
84208.882 5327 6218 0.856706
84216.646 5328 6219 0.856729
84224.364 5329 6220 0.856752
84231.672 5330 6221 0.856775
84239.658 5331 6222 0.856798
84248.049 5332 6223 0.856821
84255.864 5333 6224 0.856844
84263.893 5334 6225 0.856867
84271.708 5335 6226 0.856890
84278.946 5335 6227 0.856753
84333.175 5336 6228 0.856776
84340.865 5337 6229 0.856799
84348.249 5338 6230 0.856822
84356.001 5338 6231 0.856684
84410.285 5339 6232 0.856707
84418.079 5340 6233 0.856730
84425.787 5341 6234 0.856753
84433.236 5342 6235 0.856776
84441.123 5343 6236 0.856799
84449.033 5343 6237 0.856662
84503.051 5344 6238 0.856685
84510.870 5345 6239 0.856708
84518.874 5346 6240 0.856731
84526.818 5347 6241 0.856754
84534.640 5348 6242 0.856777
84541.984 5349 6243 0.856800
84549.481 5350 6244 0.856823
84557.048 5351 6245 0.856845
84564.837 5352 6246 0.856868
84572.320 5352 6247 0.856731
84625.623 5353 6248 0.856754
84633.667 5354 6249 0.856777
84641.144 5355 6250 0.856800
84649.148 5356 6251 0.856823
84656.708 5357 6252 0.856846
84664.036 5358 6253 0.856869
84671.414 5359 6254 0.856892
84679.208 5359 6255 0.856755
84733.634 5360 6256 0.856777
84741.444 5360 6257 0.856641
84794.867 5361 6258 0.856663
84802.940 5362 6259 0.856686
84810.651 5363 6260 0.856709
84818.523 5364 6261 0.856732
84826.278 5365 6262 0.856755
84834.135 5366 6263 0.856778
84841.882 5367 6264 0.856801
84849.664 5368 6265 0.856824
84857.506 5369 6266 0.856846
84864.958 5370 6267 0.856869
84872.232 5371 6268 0.856892
84879.410 5372 6269 0.856915
84886.978 5373 6270 0.856938
84894.803 5374 6271 0.856961
84903.283 5375 6272 0.856983
84911.099 5376 6273 0.857006
84918.560 5377 6274 0.857029
84926.630 5377 6275 0.856892
84980.482 5378 6276 0.856915
84988.340 5379 6277 0.856938
84995.916 5380 6278 0.856961
85003.445 5381 6279 0.856984
85011.372 5382 6280 0.857006
85019.179 5383 6281 0.857029
85033.674 5384 6282 0.857052
85042.906 5385 6283 0.857075
85050.695 5386 6284 0.857097
85058.674 5387 6285 0.857120
85104.581 5388 6286 0.857143
85112.440 5389 6287 0.857166
85120.088 5390 6288 0.857188
85128.203 5391 6289 0.857211
85135.952 5392 6290 0.857234
85143.570 5393 6291 0.857256
85150.952 5394 6292 0.857279
85158.939 5395 6293 0.857302
85166.314 5396 6294 0.857324
85174.752 5397 6295 0.857347
85182.629 5398 6296 0.857370
85190.309 5399 6297 0.857392
85197.996 5400 6298 0.857415
85205.805 5401 6299 0.857438
85214.238 5402 6300 0.857460
85222.384 5403 6301 0.857483
85230.464 5403 6302 0.857347
85285.080 5403 6303 0.857211
85338.161 5404 6304 0.857234
85345.899 5404 6305 0.857098
85400.531 5405 6306 0.857120
85408.469 5406 6307 0.857143
85415.905 5407 6308 0.857166
85423.364 5408 6309 0.857188
85431.467 5409 6310 0.857211
85439.536 5410 6311 0.857233
85447.010 5411 6312 0.857256
85454.978 5411 6313 0.857120
85511.726 5412 6314 0.857143
85519.377 5413 6315 0.857165
85527.221 5414 6316 0.857188
85535.028 5415 6317 0.857211
85542.372 5415 6318 0.857075
85596.368 5416 6319 0.857098
85604.452 5417 6320 0.857120
85612.019 5418 6321 0.857143
85619.482 5419 6322 0.857165
85626.883 5420 6323 0.857188
85634.861 5421 6324 0.857211
85642.584 5422 6325 0.857233
85649.951 5422 6326 0.857098
85703.845 5423 6327 0.857120
85711.555 5424 6328 0.857143
85719.182 5425 6329 0.857165
85742.824 5426 6330 0.857188
85750.187 5427 6331 0.857211
85758.063 5428 6332 0.857233
85765.222 5429 6333 0.857256
85772.655 5430 6334 0.857278
85780.035 5430 6335 0.857143
85833.911 5431 6336 0.857165
85842.018 5432 6337 0.857188
85849.597 5433 6338 0.857210
85857.407 5434 6339 0.857233
85865.220 5435 6340 0.857256
85872.902 5435 6341 0.857120
85926.778 5436 6342 0.857143
85934.108 5437 6343 0.857165
85941.517 5438 6344 0.857188
85948.899 5438 6345 0.857053
86003.448 5439 6346 0.857075
86011.276 5440 6347 0.857098
86019.315 5441 6348 0.857120
86026.545 5442 6349 0.857143
86033.911 5443 6350 0.857165
86041.394 5444 6351 0.857188
86048.663 5445 6352 0.857210
86056.603 5446 6353 0.857233
86064.469 5447 6354 0.857255
86072.147 5448 6355 0.857278
86079.451 5449 6356 0.857300
86086.875 5450 6357 0.857323
86094.552 5451 6358 0.857345
86102.330 5452 6359 0.857368
86109.734 5452 6360 0.857233
86163.670 5452 6361 0.857098
86218.248 5453 6362 0.857120
86226.161 5454 6363 0.857143
86248.657 5455 6364 0.857165
86256.444 5456 6365 0.857188
86264.084 5457 6366 0.857210
86271.863 5458 6367 0.857233
86279.916 5459 6368 0.857255
86287.741 5460 6369 0.857277
86295.499 5461 6370 0.857300
86303.443 5462 6371 0.857322
86311.423 5463 6372 0.857345
86319.078 5464 6373 0.857367
86326.973 5465 6374 0.857389
86334.798 5466 6375 0.857412
86342.247 5467 6376 0.857434
86350.077 5468 6377 0.857456
86358.082 5469 6378 0.857479
86365.918 5470 6379 0.857501
86373.747 5471 6380 0.857524
86381.063 5472 6381 0.857546
86389.081 5473 6382 0.857568
86396.957 5474 6383 0.857590
86404.388 5474 6384 0.857456
86457.540 5475 6385 0.857478
86464.843 5476 6386 0.857501
86472.369 5477 6387 0.857523
86480.214 5478 6388 0.857545
86487.761 5479 6389 0.857568
86495.663 5480 6390 0.857590
86502.943 5481 6391 0.857612
86515.678 5482 6392 0.857635
86523.170 5483 6393 0.857657
86530.966 5484 6394 0.857679
86539.042 5485 6395 0.857701
86547.084 5486 6396 0.857724
86555.090 5487 6397 0.857746
86563.104 5488 6398 0.857768
86571.135 5489 6399 0.857790
86578.978 5490 6400 0.857812
86586.507 5491 6401 0.857835
86594.456 5492 6402 0.857857
86601.902 5493 6403 0.857879
86609.741 5494 6404 0.857901
86617.156 5495 6405 0.857923
86624.841 5496 6406 0.857946
86632.134 5497 6407 0.857968
86639.675 5498 6408 0.857990
86647.027 5499 6409 0.858012
86654.839 5499 6410 0.857878
86712.185 5500 6411 0.857900
86720.171 5501 6412 0.857923
86727.740 5501 6413 0.857789
86781.203 5502 6414 0.857811
86788.962 5502 6415 0.857677
86843.530 5503 6416 0.857700
86851.452 5504 6417 0.857722
86858.952 5505 6418 0.857744
86866.219 5506 6419 0.857766
86874.197 5506 6420 0.857632
86927.854 5506 6421 0.857499
86935.181 5507 6422 0.857521
86942.985 5508 6423 0.857543
86951.116 5509 6424 0.857565
86958.914 5510 6425 0.857588
86966.826 5511 6426 0.857610
86974.699 5511 6427 0.857476
86982.838 5512 6428 0.857498
86990.981 5513 6429 0.857521
86998.455 5514 6430 0.857543
87006.279 5515 6431 0.857565
87014.458 5516 6432 0.857587
87022.369 5517 6433 0.857609
87029.692 5518 6434 0.857631
87037.141 5519 6435 0.857653
87044.491 5520 6436 0.857676
87052.048 5521 6437 0.857698
87059.887 5522 6438 0.857720
87073.459 5522 6439 0.857587
87127.587 5523 6440 0.857609
87150.457 5523 6441 0.857476
87203.550 5524 6442 0.857498
87211.420 5525 6443 0.857520
87219.326 5525 6444 0.857387
87273.143 5526 6445 0.857409
87281.154 5527 6446 0.857431
87289.128 5528 6447 0.857453
87296.691 5529 6448 0.857475
87304.538 5530 6449 0.857497
87311.998 5531 6450 0.857519
87319.732 5531 6451 0.857386
87374.399 5532 6452 0.857409
87381.776 5533 6453 0.857431
87389.516 5534 6454 0.857453
87397.634 5535 6455 0.857475
87409.956 5536 6456 0.857497
87417.887 5537 6457 0.857519
87426.288 5538 6458 0.857541
87433.601 5539 6459 0.857563
87446.132 5540 6460 0.857585
87453.570 5541 6461 0.857607
87460.781 5542 6462 0.857629
87468.105 5542 6463 0.857497
87522.055 5543 6464 0.857519
87529.480 5544 6465 0.857541
87536.887 5545 6466 0.857563
87544.742 5546 6467 0.857585
87552.547 5547 6468 0.857607
87560.174 5548 6469 0.857629
87568.322 5549 6470 0.857651
87576.630 5550 6471 0.857673
87584.321 5551 6472 0.857695
87592.219 5552 6473 0.857717
87600.230 5553 6474 0.857739
87612.263 5554 6475 0.857761
87620.315 5555 6476 0.857783
87627.784 5556 6477 0.857805
87635.674 5557 6478 0.857826
87643.576 5558 6479 0.857848
87651.561 5559 6480 0.857870
87659.068 5560 6481 0.857892
87666.981 5561 6482 0.857914
87674.902 5562 6483 0.857936
87682.416 5562 6484 0.857804
87735.068 5563 6485 0.857826
87743.368 5564 6486 0.857848
87750.866 5565 6487 0.857870
87758.611 5565 6488 0.857737
87813.691 5566 6489 0.857759
87821.517 5567 6490 0.857781
87829.338 5568 6491 0.857803
87837.139 5569 6492 0.857825
87844.438 5570 6493 0.857847
87851.958 5571 6494 0.857869
87860.080 5572 6495 0.857891
87867.998 5573 6496 0.857913
87875.706 5574 6497 0.857934
87883.062 5575 6498 0.857956
87890.990 5576 6499 0.857978
87905.422 5577 6500 0.858000
87912.711 5578 6501 0.858022
87920.673 5579 6502 0.858044
87928.018 5580 6503 0.858066
87935.949 5581 6504 0.858087
87943.423 5582 6505 0.858109
87951.182 5583 6506 0.858131
87958.757 5583 6507 0.857999
88011.856 5584 6508 0.858021
88019.961 5585 6509 0.858043
88027.226 5586 6510 0.858065
88034.698 5587 6511 0.858086
88042.531 5587 6512 0.857955
88095.870 5588 6513 0.857976
88103.297 5588 6514 0.857845
88156.812 5589 6515 0.857866
88164.731 5590 6516 0.857888
88172.180 5591 6517 0.857910
88179.628 5592 6518 0.857932
88186.947 5593 6519 0.857954
88194.434 5594 6520 0.857975
88202.326 5594 6521 0.857844
88258.941 5595 6522 0.857866
88266.427 5596 6523 0.857887
88273.699 5597 6524 0.857909
88281.489 5598 6525 0.857931
88289.416 5599 6526 0.857953
88297.489 5600 6527 0.857975
88305.411 5601 6528 0.857996
88317.779 5602 6529 0.858018
88325.533 5603 6530 0.858040
88333.387 5603 6531 0.857908
88340.875 5604 6532 0.857930
88348.959 5605 6533 0.857952
88356.735 5606 6534 0.857974
88364.544 5607 6535 0.857995
88372.438 5608 6536 0.858017
88380.412 5609 6537 0.858039
88388.209 5610 6538 0.858061
88395.815 5611 6539 0.858082
88403.504 5612 6540 0.858104
88411.590 5612 6541 0.857973
88464.821 5613 6542 0.857994
88472.825 5614 6543 0.858016
88480.396 5615 6544 0.858038
88487.810 5616 6545 0.858060
88495.785 5617 6546 0.858081
88503.661 5618 6547 0.858103
88511.567 5619 6548 0.858125
88519.323 5620 6549 0.858146
88527.345 5621 6550 0.858168
88535.051 5622 6551 0.858190
88554.461 5623 6552 0.858211
88562.086 5624 6553 0.858233
88569.822 5625 6554 0.858255
88577.784 5626 6555 0.858276
88585.328 5627 6556 0.858298
88592.899 5628 6557 0.858319
88601.018 5629 6558 0.858341
88608.492 5630 6559 0.858363
88615.899 5631 6560 0.858384
88624.059 5632 6561 0.858406
88631.571 5633 6562 0.858427
88639.568 5634 6563 0.858449
88647.489 5635 6564 0.858470
88668.050 5636 6565 0.858492
88676.130 5636 6566 0.858361
88730.176 5636 6567 0.858231
88784.449 5637 6568 0.858252
88792.311 5637 6569 0.858121
88847.448 5637 6570 0.857991
88901.270 5638 6571 0.858012
88909.264 5639 6572 0.858034
88917.218 5640 6573 0.858056
88925.181 5641 6574 0.858077
88933.094 5642 6575 0.858099
88940.570 5643 6576 0.858120
88947.928 5644 6577 0.858142
88955.213 5645 6578 0.858164
88962.673 5646 6579 0.858185
88970.540 5647 6580 0.858207
88978.621 5648 6581 0.858228
88986.492 5649 6582 0.858250
88994.148 5650 6583 0.858271
89002.017 5650 6584 0.858141
89060.059 5651 6585 0.858162
89068.125 5651 6586 0.858032
89076.184 5652 6587 0.858054
89084.313 5653 6588 0.858075
89091.851 5654 6589 0.858097
89099.265 5655 6590 0.858118
89106.925 5656 6591 0.858140
89114.912 5657 6592 0.858161
89122.707 5658 6593 0.858183
89130.325 5658 6594 0.858053
89184.202 5659 6595 0.858074
89192.070 5660 6596 0.858096
89199.938 5661 6597 0.858117
89207.899 5662 6598 0.858139
89250.257 5663 6599 0.858160
89257.904 5664 6600 0.858182
89265.693 5664 6601 0.858052
89318.674 5665 6602 0.858073
89326.459 5666 6603 0.858095
89334.532 5667 6604 0.858116
89342.141 5667 6605 0.857986
89396.330 5668 6606 0.858008
89404.007 5669 6607 0.858029
89411.487 5670 6608 0.858051
89419.040 5670 6609 0.857921
89472.175 5671 6610 0.857943
89479.668 5672 6611 0.857964
89487.613 5673 6612 0.857985
89495.212 5674 6613 0.858007
89503.013 5675 6614 0.858028
89510.722 5676 6615 0.858050
89518.338 5677 6616 0.858071
89526.356 5678 6617 0.858093
89534.531 5678 6618 0.857963
89589.394 5679 6619 0.857985
89597.544 5680 6620 0.858006
89624.235 5681 6621 0.858027
89632.201 5682 6622 0.858049
89640.093 5683 6623 0.858070
89648.264 5684 6624 0.858092
89655.903 5685 6625 0.858113
89663.350 5686 6626 0.858135
89672.486 5687 6627 0.858156
89680.618 5688 6628 0.858177
89688.596 5689 6629 0.858199
89696.635 5690 6630 0.858220
89704.572 5690 6631 0.858091
89758.607 5690 6632 0.857961
89812.599 5691 6633 0.857983
89825.618 5691 6634 0.857853
89879.155 5692 6635 0.857875
89913.200 5692 6636 0.857746
89968.350 5693 6637 0.857767
89976.682 5693 6638 0.857638
90031.753 5694 6639 0.857659
90039.370 5695 6640 0.857681
90047.900 5696 6641 0.857702
90056.058 5696 6642 0.857573
90113.174 5697 6643 0.857594
90121.055 5698 6644 0.857616
90128.774 5699 6645 0.857637
90136.749 5700 6646 0.857659
90144.245 5701 6647 0.857680
90152.286 5702 6648 0.857702
90160.378 5703 6649 0.857723
90168.075 5704 6650 0.857744
90175.499 5704 6651 0.857615
90229.298 5705 6652 0.857637
90236.688 5706 6653 0.857658
90244.669 5707 6654 0.857680
90252.609 5707 6655 0.857551
90306.779 5708 6656 0.857572
90315.554 5709 6657 0.857594
90323.631 5710 6658 0.857615
90331.454 5711 6659 0.857636
90338.980 5712 6660 0.857658
90346.501 5713 6661 0.857679
90354.292 5714 6662 0.857700
90361.716 5714 6663 0.857572
90415.034 5715 6664 0.857593
90422.982 5716 6665 0.857614
90430.620 5717 6666 0.857636
90438.447 5717 6667 0.857507
90495.463 5718 6668 0.857528
90502.936 5719 6669 0.857550
90511.175 5720 6670 0.857571
90518.572 5721 6671 0.857593
90526.209 5722 6672 0.857614
90534.441 5723 6673 0.857635
90541.915 5724 6674 0.857657
90549.247 5725 6675 0.857678
90557.088 5726 6676 0.857699
90565.113 5727 6677 0.857721
90573.073 5727 6678 0.857592
90626.811 5728 6679 0.857613
90635.072 5729 6680 0.857635
90642.608 5730 6681 0.857656
90650.569 5731 6682 0.857677
90658.550 5732 6683 0.857699
90666.284 5733 6684 0.857720
90674.454 5733 6685 0.857592
90728.210 5734 6686 0.857613
90736.565 5735 6687 0.857634
90744.143 5736 6688 0.857656
90756.511 5737 6689 0.857677
90764.425 5737 6690 0.857549
90819.523 5738 6691 0.857570
90827.052 5739 6692 0.857591
90834.540 5740 6693 0.857612
90842.751 5741 6694 0.857634
90850.601 5742 6695 0.857655
90858.486 5743 6696 0.857676
90866.405 5744 6697 0.857697
90874.843 5745 6698 0.857719
90882.639 5746 6699 0.857740
90890.472 5747 6700 0.857761
90898.142 5747 6701 0.857633
90953.329 5748 6702 0.857654
90961.389 5749 6703 0.857676
90969.519 5750 6704 0.857697
90977.160 5751 6705 0.857718
90985.193 5752 6706 0.857739
90993.222 5753 6707 0.857761
91000.653 5754 6708 0.857782
91008.648 5755 6709 0.857803
91016.703 5756 6710 0.857824
91024.719 5757 6711 0.857845
91032.640 5758 6712 0.857867
91040.490 5759 6713 0.857888
91048.599 5760 6714 0.857909
91056.393 5760 6715 0.857781
91109.899 5761 6716 0.857802
91117.532 5762 6717 0.857823
91125.701 5763 6718 0.857845
91133.627 5763 6719 0.857717
91187.949 5764 6720 0.857738
91196.053 5765 6721 0.857759
91204.060 5766 6722 0.857780
91212.240 5767 6723 0.857802
91219.940 5768 6724 0.857823
91227.848 5769 6725 0.857844
91235.801 5769 6726 0.857716
91289.084 5769 6727 0.857589
91343.269 5769 6728 0.857461
91396.329 5770 6729 0.857483
91404.386 5770 6730 0.857355
91463.501 5771 6731 0.857376
91471.329 5772 6732 0.857398
91479.038 5773 6733 0.857419
91486.697 5774 6734 0.857440
91494.451 5775 6735 0.857461
91502.022 5775 6736 0.857334
91556.502 5776 6737 0.857355
91564.525 5776 6738 0.857228
91618.143 5776 6739 0.857100
91672.455 5777 6740 0.857122
91680.148 5778 6741 0.857143
91687.829 5779 6742 0.857164
91695.376 5780 6743 0.857185
91702.824 5781 6744 0.857206
91710.940 5782 6745 0.857228
91718.540 5783 6746 0.857249
91731.132 5784 6747 0.857270
91739.083 5785 6748 0.857291
91747.157 5786 6749 0.857312
91754.649 5787 6750 0.857333
91763.126 5788 6751 0.857354
91770.967 5789 6752 0.857376
91778.863 5790 6753 0.857397
91786.794 5791 6754 0.857418
91794.340 5792 6755 0.857439
91802.398 5793 6756 0.857460
91810.399 5793 6757 0.857333
91863.439 5794 6758 0.857354
91871.514 5795 6759 0.857375
91879.455 5796 6760 0.857396
91887.417 5797 6761 0.857418
91895.916 5797 6762 0.857291
91948.657 5798 6763 0.857312
91956.742 5799 6764 0.857333
91964.162 5799 6765 0.857206
92016.935 5800 6766 0.857227
92024.986 5800 6767 0.857101
92079.105 5801 6768 0.857122
92087.049 5801 6769 0.856995
92141.293 5802 6770 0.857016
92149.442 5803 6771 0.857037
92156.989 5804 6772 0.857058
92164.557 5805 6773 0.857080
92172.117 5806 6774 0.857101
92180.116 5807 6775 0.857122
92187.745 5808 6776 0.857143
92215.466 5809 6777 0.857164
92225.462 5810 6778 0.857185
92233.151 5811 6779 0.857206
92269.284 5811 6780 0.857080
92323.718 5812 6781 0.857101
92331.676 5813 6782 0.857122
92339.086 5814 6783 0.857143
92346.817 5814 6784 0.857017
92401.452 5815 6785 0.857038
92408.956 5816 6786 0.857059
92417.099 5817 6787 0.857080
92427.736 5818 6788 0.857101
92435.747 5818 6789 0.856975
92489.870 5819 6790 0.856996
92497.814 5820 6791 0.857017
92505.942 5821 6792 0.857038
92514.217 5822 6793 0.857059
92522.192 5823 6794 0.857080
92530.180 5824 6795 0.857101
92538.288 5825 6796 0.857122
92546.275 5826 6797 0.857143
92554.271 5827 6798 0.857164
92561.931 5828 6799 0.857185
92570.319 5829 6800 0.857206
92578.262 5830 6801 0.857227
92586.298 5830 6802 0.857101
92640.716 5831 6803 0.857122
92648.717 5832 6804 0.857143
92656.540 5833 6805 0.857164
92664.732 5834 6806 0.857185
92672.267 5835 6807 0.857206
92680.252 5836 6808 0.857227
92688.331 5837 6809 0.857248
92696.550 5838 6810 0.857269
92704.492 5838 6811 0.857143
92758.416 5838 6812 0.857017
92812.624 5838 6813 0.856891
92868.113 5839 6814 0.856912
92876.147 5840 6815 0.856933
92883.697 5841 6816 0.856954
92891.583 5842 6817 0.856975
92899.506 5843 6818 0.856996
92907.106 5844 6819 0.857017
92915.164 5845 6820 0.857038
92922.579 5846 6821 0.857059
92930.737 5847 6822 0.857080
92938.882 5848 6823 0.857101
92946.985 5849 6824 0.857122
92954.869 5850 6825 0.857143
92962.895 5850 6826 0.857017
93017.202 5851 6827 0.857038
93025.144 5852 6828 0.857059
93032.635 5853 6829 0.857080
93040.630 5854 6830 0.857101
93048.733 5855 6831 0.857122
93056.921 5855 6832 0.856996
93110.316 5856 6833 0.857017
93118.474 5857 6834 0.857038
93126.652 5858 6835 0.857059
93134.274 5859 6836 0.857080
93142.440 5860 6837 0.857101
93150.702 5861 6838 0.857122
93158.826 5862 6839 0.857143
93182.211 5863 6840 0.857164
93190.252 5864 6841 0.857185
93198.185 5865 6842 0.857205
93206.026 5866 6843 0.857226
93214.058 5867 6844 0.857247
93222.126 5868 6845 0.857268
93230.204 5868 6846 0.857143
93285.470 5869 6847 0.857164
93292.966 5869 6848 0.857039
93346.661 5870 6849 0.857059
93354.635 5871 6850 0.857080
93362.643 5871 6851 0.856955
93416.041 5871 6852 0.856830
93470.556 5872 6853 0.856851
93478.387 5873 6854 0.856872
93486.171 5874 6855 0.856893
93493.619 5875 6856 0.856914
93501.225 5876 6857 0.856935
93509.307 5877 6858 0.856955
93517.221 5878 6859 0.856976
93560.422 5879 6860 0.856997
93568.041 5880 6861 0.857018
93575.659 5881 6862 0.857039
93583.223 5882 6863 0.857060
93590.928 5883 6864 0.857080
93598.519 5884 6865 0.857101
93606.568 5885 6866 0.857122
93614.266 5886 6867 0.857143
93621.970 5887 6868 0.857164
93629.819 5888 6869 0.857184
93637.906 5889 6870 0.857205
93645.896 5890 6871 0.857226
93653.437 5891 6872 0.857247
93660.958 5892 6873 0.857268
93669.118 5893 6874 0.857288
93677.162 5894 6875 0.857309
93685.113 5894 6876 0.857184
93738.569 5895 6877 0.857205
93746.252 5896 6878 0.857226
93754.266 5897 6879 0.857247
93762.084 5898 6880 0.857267
93769.630 5899 6881 0.857288
93778.274 5900 6882 0.857309
93786.326 5900 6883 0.857184
93841.430 5900 6884 0.857060
93895.069 5901 6885 0.857081
93903.031 5902 6886 0.857101
93910.738 5903 6887 0.857122
93918.778 5904 6888 0.857143
93926.924 5905 6889 0.857164
93935.093 5906 6890 0.857184
93960.475 5907 6891 0.857205
93968.714 5908 6892 0.857226
93976.826 5909 6893 0.857246
93985.091 5909 6894 0.857122
94038.664 5910 6895 0.857143
94046.635 5911 6896 0.857164
94054.099 5911 6897 0.857039
94107.922 5911 6898 0.856915
94161.256 5912 6899 0.856936
94169.225 5913 6900 0.856957
94176.733 5914 6901 0.856977
94184.208 5915 6902 0.856998
94192.205 5916 6903 0.857019
94200.225 5916 6904 0.856895
94253.850 5917 6905 0.856915
94261.564 5918 6906 0.856936
94269.462 5919 6907 0.856957
94277.518 5920 6908 0.856977
94285.189 5921 6909 0.856998
94293.367 5922 6910 0.857019
94303.239 5923 6911 0.857040
94311.311 5924 6912 0.857060
94319.380 5925 6913 0.857081
94327.499 5926 6914 0.857102
94335.144 5926 6915 0.856978
94389.419 5927 6916 0.856998
94397.015 5928 6917 0.857019
94405.183 5929 6918 0.857040
94413.189 5930 6919 0.857060
94436.373 5930 6920 0.856936
94489.130 5931 6921 0.856957
94496.920 5931 6922 0.856833
94550.792 5932 6923 0.856854
94558.565 5933 6924 0.856875
94566.532 5934 6925 0.856895
94574.169 5935 6926 0.856916
94583.033 5936 6927 0.856937
94591.048 5937 6928 0.856957
94599.948 5938 6929 0.856978
94607.930 5939 6930 0.856999
94615.608 5939 6931 0.856875
94669.296 5940 6932 0.856896
94676.883 5941 6933 0.856916
94684.706 5942 6934 0.856937
94692.745 5943 6935 0.856957
94700.666 5944 6936 0.856978
94708.308 5944 6937 0.856855
94715.764 5945 6938 0.856875
94723.171 5946 6939 0.856896
94730.657 5947 6940 0.856916
94738.181 5948 6941 0.856937
94745.863 5949 6942 0.856958
94753.649 5950 6943 0.856978
94761.515 5951 6944 0.856999
94769.111 5952 6945 0.857019
94776.712 5953 6946 0.857040
94784.819 5954 6947 0.857061
94792.552 5954 6948 0.856937
94800.405 5955 6949 0.856958
94831.504 5955 6950 0.856835
94885.500 5955 6951 0.856711
94943.515 5956 6952 0.856732
94950.854 5957 6953 0.856752
94958.763 5958 6954 0.856773
95008.669 5959 6955 0.856794
95016.672 5960 6956 0.856814
95063.109 5961 6957 0.856835
95070.769 5962 6958 0.856855
95079.106 5963 6959 0.856876
95087.468 5963 6960 0.856753
95143.816 5964 6961 0.856773
95152.212 5965 6962 0.856794
95160.490 5966 6963 0.856815
95168.174 5966 6964 0.856692
95221.529 5967 6965 0.856712
95229.263 5968 6966 0.856733
95237.060 5969 6967 0.856753
95244.874 5970 6968 0.856774
95252.695 5970 6969 0.856651
95307.814 5971 6970 0.856671
95315.445 5971 6971 0.856549
95369.886 5972 6972 0.856569
95377.633 5973 6973 0.856590
95385.260 5974 6974 0.856610
95392.896 5975 6975 0.856631
95400.413 5976 6976 0.856651
95407.942 5977 6977 0.856672
95415.701 5978 6978 0.856692
95423.444 5979 6979 0.856713
95431.376 5980 6980 0.856734
95439.360 5981 6981 0.856754
95447.291 5982 6982 0.856775
95456.524 5983 6983 0.856795
95464.213 5984 6984 0.856816
95472.263 5985 6985 0.856836
95480.026 5986 6986 0.856857
95487.554 5987 6987 0.856877
95495.284 5988 6988 0.856898
95502.795 5989 6989 0.856918
95510.851 5990 6990 0.856938
95519.512 5991 6991 0.856959
95527.805 5992 6992 0.856979
95536.184 5993 6993 0.857000
95543.750 5994 6994 0.857020
95551.462 5994 6995 0.856898
95605.174 5994 6996 0.856775
95659.448 5995 6997 0.856796
95698.485 5996 6998 0.856816
95706.126 5996 6999 0.856694
95760.089 5997 7000 0.856714
95768.235 5998 7001 0.856735
95775.949 5998 7002 0.856612
95830.289 5999 7003 0.856633
95837.810 6000 7004 0.856653
95845.652 6001 7005 0.856674
95853.470 6002 7006 0.856694
95861.470 6003 7007 0.856715
95869.369 6004 7008 0.856735
95877.097 6004 7009 0.856613
95931.484 6005 7010 0.856633
95939.097 6006 7011 0.856654
95947.083 6007 7012 0.856674
95955.249 6008 7013 0.856695
95963.292 6009 7014 0.856715
95970.929 6010 7015 0.856736
95978.999 6011 7016 0.856756
95986.556 6012 7017 0.856776
96020.846 6013 7018 0.856797
96028.569 6014 7019 0.856817
96036.239 6015 7020 0.856838
96043.787 6016 7021 0.856858
96051.506 6017 7022 0.856878
96083.981 6018 7023 0.856899
96103.022 6019 7024 0.856919
96111.036 6019 7025 0.856797
96164.994 6020 7026 0.856818
96172.968 6021 7027 0.856838
96180.353 6022 7028 0.856858
96189.069 6023 7029 0.856879
96197.018 6024 7030 0.856899
96204.811 6025 7031 0.856919
96212.770 6026 7032 0.856940
96220.602 6027 7033 0.856960
96240.671 6027 7034 0.856838
96294.281 6028 7035 0.856859
96301.987 6029 7036 0.856879
96309.778 6029 7037 0.856757
96364.587 6030 7038 0.856777
96372.492 6031 7039 0.856798
96380.359 6031 7040 0.856676
96434.083 6032 7041 0.856696
96441.913 6033 7042 0.856717
96449.878 6034 7043 0.856737
96457.583 6035 7044 0.856758
96465.222 6035 7045 0.856636
96518.941 6036 7046 0.856656
96526.485 6037 7047 0.856677
96534.500 6038 7048 0.856697
96542.410 6039 7049 0.856717
96550.073 6040 7050 0.856738
96557.677 6041 7051 0.856758
96566.001 6042 7052 0.856778
96573.939 6043 7053 0.856799
96581.814 6044 7054 0.856819
96589.948 6045 7055 0.856839
96597.953 6046 7056 0.856859
96605.945 6047 7057 0.856880
96613.885 6048 7058 0.856900
96621.524 6049 7059 0.856920
96629.628 6050 7060 0.856941
96637.667 6051 7061 0.856961
96645.663 6052 7062 0.856981
96653.823 6052 7063 0.856860
96707.525 6053 7064 0.856880
96715.539 6054 7065 0.856900
96723.173 6055 7066 0.856920
96730.540 6056 7067 0.856941
96738.433 6057 7068 0.856961
96746.468 6058 7069 0.856981
96754.597 6059 7070 0.857001
96762.711 6060 7071 0.857022
96770.669 6061 7072 0.857042
96778.622 6062 7073 0.857062
96786.551 6063 7074 0.857082
96794.540 6064 7075 0.857102
96802.203 6065 7076 0.857123
96809.943 6066 7077 0.857143
96817.691 6067 7078 0.857163
96825.587 6068 7079 0.857183
96833.215 6069 7080 0.857203
96841.144 6070 7081 0.857224
96848.783 6071 7082 0.857244
96856.634 6072 7083 0.857264
96866.013 6073 7084 0.857284
96873.886 6074 7085 0.857304
96881.647 6074 7086 0.857183
96935.330 6075 7087 0.857203
96943.451 6076 7088 0.857223
96950.951 6077 7089 0.857244
96958.593 6078 7090 0.857264
96966.584 6079 7091 0.857284
96979.881 6080 7092 0.857304
96987.528 6081 7093 0.857324
96995.418 6082 7094 0.857344
97003.315 6083 7095 0.857364
97011.194 6084 7096 0.857384
97019.146 6085 7097 0.857405
97027.244 6086 7098 0.857425
97035.177 6087 7099 0.857445
97049.707 6088 7100 0.857465
97057.840 6089 7101 0.857485
97065.663 6090 7102 0.857505
97073.574 6091 7103 0.857525
97082.378 6092 7104 0.857545
97090.041 6093 7105 0.857565
97097.975 6094 7106 0.857585
97105.952 6095 7107 0.857605
97113.930 6095 7108 0.857485
97170.768 6096 7109 0.857505
97178.352 6097 7110 0.857525
97186.917 6097 7111 0.857404
97240.405 6097 7112 0.857283
97295.933 6098 7113 0.857304
97304.004 6099 7114 0.857324
97311.700 6100 7115 0.857344
97319.868 6101 7116 0.857364
97327.597 6101 7117 0.857243
97381.703 6101 7118 0.857123
97435.139 6102 7119 0.857143
97442.945 6103 7120 0.857163
97451.591 6104 7121 0.857183
97459.544 6105 7122 0.857203
97467.489 6106 7123 0.857223
97475.069 6107 7124 0.857243
97483.087 6108 7125 0.857263
97491.146 6108 7126 0.857143
97546.654 6108 7127 0.857023
97600.183 6109 7128 0.857043
97620.930 6110 7129 0.857063
97629.436 6111 7130 0.857083
97637.729 6111 7131 0.856963
97693.207 6111 7132 0.856842
97747.512 6112 7133 0.856862
97755.615 6113 7134 0.856883
97763.632 6113 7135 0.856762
97817.913 6114 7136 0.856783
97825.619 6115 7137 0.856803
97833.322 6116 7138 0.856823
97841.303 6117 7139 0.856843
97849.473 6118 7140 0.856863
97857.370 6119 7141 0.856883
97865.178 6120 7142 0.856903
97909.636 6121 7143 0.856923
97917.725 6122 7144 0.856943
97925.759 6123 7145 0.856963
97933.748 6124 7146 0.856983
97941.549 6125 7147 0.857003
97949.198 6126 7148 0.857023
97956.978 6127 7149 0.857043
97964.726 6128 7150 0.857063
97973.032 6129 7151 0.857083
97980.718 6129 7152 0.856963
98034.140 6129 7153 0.856843
98088.148 6130 7154 0.856863
98096.144 6131 7155 0.856883
98104.187 6132 7156 0.856903
98111.725 6133 7157 0.856923
98119.752 6134 7158 0.856943
98127.325 6135 7159 0.856963
98135.168 6136 7160 0.856983
98143.620 6137 7161 0.857003
98168.462 6138 7162 0.857023
98176.290 6139 7163 0.857043
98184.215 6139 7164 0.856924
98238.915 6140 7165 0.856943
98246.745 6141 7166 0.856963
98254.749 6142 7167 0.856983
98262.745 6143 7168 0.857003
98270.847 6144 7169 0.857023
98279.278 6145 7170 0.857043
98287.484 6146 7171 0.857063
98295.386 6147 7172 0.857083
98302.984 6148 7173 0.857103
98311.194 6148 7174 0.856984
98366.806 6149 7175 0.857003
98374.892 6150 7176 0.857023
98382.925 6150 7177 0.856904
98436.369 6151 7178 0.856924
98445.984 6152 7179 0.856944
98453.515 6153 7180 0.856964
98461.404 6154 7181 0.856984
98469.252 6155 7182 0.857004
98477.426 6156 7183 0.857024
98485.511 6157 7184 0.857043
98493.704 6158 7185 0.857063
98501.720 6159 7186 0.857083
98509.428 6160 7187 0.857103
98517.117 6161 7188 0.857123
98525.102 6162 7189 0.857143
98532.883 6163 7190 0.857163
98540.851 6164 7191 0.857183
98548.764 6165 7192 0.857202
98558.663 6166 7193 0.857222
98566.329 6167 7194 0.857242
98573.959 6168 7195 0.857262
98581.631 6169 7196 0.857282
98589.739 6170 7197 0.857302
98599.529 6171 7198 0.857321
98607.761 6172 7199 0.857341
98615.970 6173 7200 0.857361
98638.619 6174 7201 0.857381
98646.238 6174 7202 0.857262
98700.189 6175 7203 0.857282
98708.270 6176 7204 0.857301
98715.820 6177 7205 0.857321
98723.816 6177 7206 0.857202
98777.256 6178 7207 0.857222
98785.344 6179 7208 0.857242
98793.060 6179 7209 0.857123
98846.737 6179 7210 0.857004
98901.762 6179 7211 0.856885
98955.113 6180 7212 0.856905
98963.109 6181 7213 0.856925
98971.722 6182 7214 0.856945
98979.612 6183 7215 0.856965
98987.689 6184 7216 0.856984
98995.719 6185 7217 0.857004
99004.214 6186 7218 0.857024
99012.228 6186 7219 0.856905
99067.704 6187 7220 0.856925
99075.676 6188 7221 0.856945
99083.430 6189 7222 0.856965
99091.820 6190 7223 0.856985
99099.837 6191 7224 0.857004
99107.970 6192 7225 0.857024
99115.938 6193 7226 0.857044
99123.912 6194 7227 0.857064
99131.833 6195 7228 0.857084
99140.397 6196 7229 0.857103
99148.234 6197 7230 0.857123
99156.384 6198 7231 0.857143
99179.356 6198 7232 0.857024
99233.506 6199 7233 0.857044
99241.802 6199 7234 0.856926
99296.357 6200 7235 0.856945
99303.996 6201 7236 0.856965
99311.857 6202 7237 0.856985
99319.825 6203 7238 0.857005
99327.921 6204 7239 0.857024
99335.771 6205 7240 0.857044
99343.462 6206 7241 0.857064
99351.639 6206 7242 0.856946
99405.851 6207 7243 0.856965
99413.796 6208 7244 0.856985
99421.715 6209 7245 0.857005
99429.797 6210 7246 0.857025
99437.773 6211 7247 0.857044
99445.778 6212 7248 0.857064
99453.753 6213 7249 0.857084
99461.643 6214 7250 0.857103
99470.017 6214 7251 0.856985
99523.337 6215 7252 0.857005
99531.144 6216 7253 0.857025
99568.049 6217 7254 0.857044
99575.808 6218 7255 0.857064
99583.226 6219 7256 0.857084
99591.238 6220 7257 0.857103
99598.779 6221 7258 0.857123
99606.944 6222 7259 0.857143
99614.643 6223 7260 0.857163
99622.435 6224 7261 0.857182
99630.283 6225 7262 0.857202
99638.039 6226 7263 0.857222
99646.115 6227 7264 0.857241
99654.149 6227 7265 0.857123
99707.650 6228 7266 0.857143
99715.616 6229 7267 0.857163
99725.114 6230 7268 0.857182
99743.223 6231 7269 0.857202
99750.808 6232 7270 0.857221
99758.868 6233 7271 0.857241
99767.158 6234 7272 0.857261
99775.134 6234 7273 0.857143
99829.067 6235 7274 0.857162
99836.928 6236 7275 0.857182
99844.837 6237 7276 0.857202
99852.789 6238 7277 0.857221
99907.532 6239 7278 0.857241
99915.460 6240 7279 0.857261
99923.517 6241 7280 0.857280
99931.475 6242 7281 0.857300
99939.552 6243 7282 0.857319
99947.482 6244 7283 0.857339
99955.361 6245 7284 0.857359
99963.345 6246 7285 0.857378
99971.208 6247 7286 0.857398
99979.829 6248 7287 0.857417
99987.731 6249 7288 0.857437
99995.655 6250 7289 0.857456
100003.839 6250 7290 0.857339
100057.712 6251 7291 0.857358
100065.722 6252 7292 0.857378
100073.853 6253 7293 0.857398
100081.551 6253 7294 0.857280
100135.980 6254 7295 0.857300
100144.068 6255 7296 0.857319
100151.912 6256 7297 0.857339
100159.506 6257 7298 0.857358
100167.706 6258 7299 0.857378
100175.265 6259 7300 0.857397
100182.799 6260 7301 0.857417
100191.066 6260 7302 0.857299
100245.484 6260 7303 0.857182
100299.524 6260 7304 0.857065
100352.765 6261 7305 0.857084
100361.262 6262 7306 0.857104
100369.123 6263 7307 0.857123
100377.102 6264 7308 0.857143
100384.983 6265 7309 0.857162
100393.015 6266 7310 0.857182
100400.903 6267 7311 0.857201
100426.635 6268 7312 0.857221
100463.440 6269 7313 0.857241
100471.175 6270 7314 0.857260
100478.876 6270 7315 0.857143
100531.686 6271 7316 0.857162
100540.069 6272 7317 0.857182
100547.885 6273 7318 0.857201
100555.980 6274 7319 0.857221
100564.552 6275 7320 0.857240
100572.694 6276 7321 0.857260
100582.109 6277 7322 0.857279
100589.945 6278 7323 0.857299
100598.386 6278 7324 0.857182
100653.664 6279 7325 0.857201
100661.676 6280 7326 0.857221
100671.418 6281 7327 0.857240
100679.252 6282 7328 0.857260
100687.260 6283 7329 0.857279
100695.034 6284 7330 0.857299
100703.071 6285 7331 0.857318
100711.113 6286 7332 0.857338
100718.936 6287 7333 0.857357
100726.966 6288 7334 0.857377
100735.084 6289 7335 0.857396
100743.088 6290 7336 0.857415
100751.589 6291 7337 0.857435
100759.398 6292 7338 0.857454
100767.403 6293 7339 0.857474
100776.226 6294 7340 0.857493
100784.010 6295 7341 0.857513
100791.775 6296 7342 0.857532
100800.288 6297 7343 0.857551
100808.254 6297 7344 0.857435
100862.054 6298 7345 0.857454
100870.207 6299 7346 0.857473
100909.291 6300 7347 0.857493
100917.113 6301 7348 0.857512
100924.862 6301 7349 0.857396
100978.382 6302 7350 0.857415
100987.097 6303 7351 0.857434
100997.718 6304 7352 0.857454
101005.627 6305 7353 0.857473
101015.420 6306 7354 0.857493
101023.960 6307 7355 0.857512
101031.883 6308 7356 0.857531
101039.713 6308 7357 0.857415
101093.154 6308 7358 0.857298
101147.619 6309 7359 0.857318
101155.712 6310 7360 0.857337
101163.788 6311 7361 0.857356
101171.568 6312 7362 0.857376
101179.457 6313 7363 0.857395
101187.892 6314 7364 0.857414
101195.790 6314 7365 0.857298
101249.880 6315 7366 0.857317
101257.839 6316 7367 0.857337
101266.214 6317 7368 0.857356
101273.981 6318 7369 0.857375
101282.083 6319 7370 0.857395
101290.074 6320 7371 0.857414
101298.253 6320 7372 0.857298
101353.073 6321 7373 0.857317
101360.864 6321 7374 0.857201
101414.315 6322 7375 0.857220
101422.103 6323 7376 0.857240
101452.105 6323 7377 0.857123
101506.323 6324 7378 0.857143
101514.292 6324 7379 0.857027
101567.179 6325 7380 0.857046
101575.511 6326 7381 0.857065
101583.325 6326 7382 0.856949
101636.351 6327 7383 0.856969
101644.067 6328 7384 0.856988
101652.882 6328 7385 0.856872
101706.182 6329 7386 0.856891
101713.937 6330 7387 0.856911
101721.750 6331 7388 0.856930
101729.641 6332 7389 0.856950
101737.791 6333 7390 0.856969
101746.409 6333 7391 0.856853
101801.238 6334 7392 0.856872
101809.013 6335 7393 0.856892
101816.817 6336 7394 0.856911
101824.823 6336 7395 0.856795
101878.047 6337 7396 0.856814
101886.445 6338 7397 0.856834
101894.785 6339 7398 0.856853
101903.115 6340 7399 0.856873
101911.465 6341 7400 0.856892
101919.360 6342 7401 0.856911
101927.304 6343 7402 0.856931
101935.414 6344 7403 0.856950
101943.327 6344 7404 0.856834
101996.810 6344 7405 0.856718
102052.114 6345 7406 0.856738
102060.130 6346 7407 0.856757
102068.221 6347 7408 0.856776
102076.376 6348 7409 0.856796
102084.249 6348 7410 0.856680
102139.465 6349 7411 0.856700
102147.974 6349 7412 0.856584
102201.476 6350 7413 0.856603
102209.334 6351 7414 0.856623
102217.217 6352 7415 0.856642
102225.308 6353 7416 0.856661
102233.560 6354 7417 0.856681
102241.919 6355 7418 0.856700
102249.826 6356 7419 0.856719
102257.670 6357 7420 0.856739
102266.001 6358 7421 0.856758
102273.958 6359 7422 0.856777
102282.107 6360 7423 0.856796
102290.223 6360 7424 0.856681
102345.525 6361 7425 0.856700
102353.297 6362 7426 0.856720
102361.141 6363 7427 0.856739
102369.327 6364 7428 0.856758
102376.989 6365 7429 0.856777
102384.695 6366 7430 0.856797
102392.868 6367 7431 0.856816
102400.885 6368 7432 0.856835
102408.911 6369 7433 0.856855
102417.071 6370 7434 0.856874
102425.074 6371 7435 0.856893
102433.342 6372 7436 0.856912
102441.098 6373 7437 0.856932
102464.573 6374 7438 0.856951
102472.368 6375 7439 0.856970
102480.238 6376 7440 0.856989
102488.411 6377 7441 0.857008
102496.255 6378 7442 0.857028
102504.267 6378 7443 0.856913
102557.731 6379 7444 0.856932
102565.730 6380 7445 0.856951
102574.143 6381 7446 0.856970
102582.211 6382 7447 0.856989
102590.472 6383 7448 0.857009
102599.074 6384 7449 0.857028
102607.206 6385 7450 0.857047
102615.867 6386 7451 0.857066
102623.684 6387 7452 0.857085
102631.925 6388 7453 0.857105
102640.225 6388 7454 0.856990
102694.184 6389 7455 0.857009
102702.171 6390 7456 0.857028
102710.285 6391 7457 0.857047
102718.280 6392 7458 0.857066
102725.843 6393 7459 0.857085
102734.294 6394 7460 0.857105
102743.477 6395 7461 0.857124
102751.493 6396 7462 0.857143
102784.982 6397 7463 0.857162
102793.485 6398 7464 0.857181
102801.804 6399 7465 0.857200
102809.724 6400 7466 0.857219
102817.902 6401 7467 0.857239
102825.663 6402 7468 0.857258
102833.911 6403 7469 0.857277
102842.114 6404 7470 0.857296
102850.106 6405 7471 0.857315
102858.314 6406 7472 0.857334
102866.487 6407 7473 0.857353
102874.653 6408 7474 0.857372
102882.960 6409 7475 0.857391
102890.939 6410 7476 0.857410
102899.055 6411 7477 0.857429
102913.846 6412 7478 0.857449
102921.963 6413 7479 0.857468
102929.974 6414 7480 0.857487
102938.109 6415 7481 0.857506
102946.103 6416 7482 0.857525
102954.151 6417 7483 0.857544
102962.041 6418 7484 0.857563
102969.823 6419 7485 0.857582
102977.956 6420 7486 0.857601
102986.507 6421 7487 0.857620
102994.623 6422 7488 0.857639
103030.131 6423 7489 0.857658
103039.254 6424 7490 0.857677
103047.759 6424 7491 0.857562
103102.659 6425 7492 0.857581
103110.564 6426 7493 0.857600
103118.482 6427 7494 0.857619
103127.048 6427 7495 0.857505
103180.788 6427 7496 0.857391
103234.992 6428 7497 0.857410
103242.715 6428 7498 0.857295
103296.659 6429 7499 0.857314
103304.651 6430 7500 0.857333
103312.780 6431 7501 0.857352
103320.724 6432 7502 0.857371
103328.568 6432 7503 0.857257
103382.265 6433 7504 0.857276
103390.133 6434 7505 0.857295
103398.619 6435 7506 0.857314
103407.694 6435 7507 0.857200
103462.024 6435 7508 0.857086
103515.550 6436 7509 0.857105
103523.371 6437 7510 0.857124
103542.883 6438 7511 0.857143
103551.053 6438 7512 0.857029
103604.635 6439 7513 0.857048
103612.854 6440 7514 0.857067
103620.921 6441 7515 0.857086
103629.040 6442 7516 0.857105
103646.998 6443 7517 0.857124
103656.168 6444 7518 0.857143
103664.193 6445 7519 0.857162
103672.321 6446 7520 0.857181
103680.411 6447 7521 0.857200
103689.678 6448 7522 0.857219
103698.039 6449 7523 0.857238
103706.557 6450 7524 0.857257
103714.658 6451 7525 0.857276
103722.967 6452 7526 0.857295
103731.200 6453 7527 0.857314
103739.073 6454 7528 0.857333
103748.664 6455 7529 0.857352
103756.712 6456 7530 0.857371
103764.870 6457 7531 0.857389
103774.955 6458 7532 0.857408
103783.253 6459 7533 0.857427
103791.452 6460 7534 0.857446
103799.600 6461 7535 0.857465
103807.375 6461 7536 0.857351
103861.473 6462 7537 0.857370
103869.962 6462 7538 0.857257
103925.459 6463 7539 0.857276
103933.415 6464 7540 0.857294
103941.271 6465 7541 0.857313
103949.139 6465 7542 0.857200
104003.622 6466 7543 0.857219
104011.864 6467 7544 0.857238
104019.984 6468 7545 0.857256
104028.103 6469 7546 0.857275
104036.470 6470 7547 0.857294
104044.767 6471 7548 0.857313
104052.924 6471 7549 0.857200
104107.487 6472 7550 0.857219
104115.543 6473 7551 0.857237
104123.251 6474 7552 0.857256
104131.519 6475 7553 0.857275
104139.677 6476 7554 0.857294
104147.923 6477 7555 0.857313
104155.951 6478 7556 0.857332
104164.104 6479 7557 0.857351
104172.460 6480 7558 0.857370
104180.345 6481 7559 0.857389
104188.628 6482 7560 0.857407
104197.558 6483 7561 0.857426
104206.080 6484 7562 0.857445
104213.979 6485 7563 0.857464
104222.267 6486 7564 0.857483
104230.566 6487 7565 0.857502
104238.368 6488 7566 0.857520
104246.521 6489 7567 0.857539
104255.328 6490 7568 0.857558
104263.306 6491 7569 0.857577
104271.295 6492 7570 0.857596
104279.470 6493 7571 0.857615
104287.349 6494 7572 0.857633
104295.847 6495 7573 0.857652
104303.953 6496 7574 0.857671
104312.016 6497 7575 0.857690
104324.454 6497 7576 0.857577
104379.217 6498 7577 0.857595
104387.744 6498 7578 0.857482
104442.999 6499 7579 0.857501
104451.331 6499 7580 0.857388
104506.406 6500 7581 0.857407
104514.652 6501 7582 0.857425
104522.548 6502 7583 0.857444
104530.900 6503 7584 0.857463
104539.132 6504 7585 0.857482
104547.343 6504 7586 0.857369
104602.083 6505 7587 0.857388
104611.100 6506 7588 0.857406
104618.884 6507 7589 0.857425
104626.891 6508 7590 0.857444
104634.957 6509 7591 0.857463
104643.320 6510 7592 0.857482
104651.141 6511 7593 0.857500
104659.216 6512 7594 0.857519
104667.256 6513 7595 0.857538
104675.179 6513 7596 0.857425
104728.959 6514 7597 0.857444
104737.012 6515 7598 0.857462
104745.061 6516 7599 0.857481
104753.152 6517 7600 0.857500
104761.459 6518 7601 0.857519
104769.388 6519 7602 0.857537
104777.174 6520 7603 0.857556
104785.338 6520 7604 0.857443
104839.588 6521 7605 0.857462
104847.780 6521 7606 0.857349
104902.005 6522 7607 0.857368
104909.672 6523 7608 0.857387
104937.563 6524 7609 0.857406
104945.401 6525 7610 0.857424
104953.384 6526 7611 0.857443
104961.590 6527 7612 0.857462
104969.932 6528 7613 0.857481
104978.236 6529 7614 0.857499
104986.510 6530 7615 0.857518
104994.263 6531 7616 0.857537
105002.198 6532 7617 0.857555
105010.551 6533 7618 0.857574
105018.732 6533 7619 0.857462
105073.149 6533 7620 0.857349
105127.852 6534 7621 0.857368
105139.539 6535 7622 0.857387
105147.877 6536 7623 0.857405
105155.731 6537 7624 0.857424
105164.082 6538 7625 0.857443
105171.797 6538 7626 0.857330
105226.950 6539 7627 0.857349
105234.808 6540 7628 0.857368
105242.769 6541 7629 0.857386
105260.831 6542 7630 0.857405
105279.056 6543 7631 0.857424
105287.115 6544 7632 0.857442
105316.915 6545 7633 0.857461
105325.282 6546 7634 0.857480
105333.117 6547 7635 0.857498
105341.050 6548 7636 0.857517
105349.585 6549 7637 0.857536
105357.532 6550 7638 0.857554
105365.418 6551 7639 0.857573
105373.283 6551 7640 0.857461
105427.298 6552 7641 0.857479
105434.860 6553 7642 0.857498
105443.128 6554 7643 0.857517
105451.529 6555 7644 0.857535
105459.221 6555 7645 0.857423
105512.491 6556 7646 0.857442
105520.512 6557 7647 0.857460
105529.183 6558 7648 0.857479
105537.235 6559 7649 0.857498
105545.197 6560 7650 0.857516
105553.159 6561 7651 0.857535
105561.412 6562 7652 0.857554
105569.717 6563 7653 0.857572
105577.940 6564 7654 0.857591
105586.150 6565 7655 0.857609
105594.029 6565 7656 0.857497
105647.656 6566 7657 0.857516
105655.744 6567 7658 0.857535
105663.705 6568 7659 0.857553
105672.173 6569 7660 0.857572
105679.995 6570 7661 0.857590
105688.178 6571 7662 0.857609
105696.730 6571 7663 0.857497
105751.151 6572 7664 0.857516
105768.415 6573 7665 0.857534
105776.608 6574 7666 0.857553
105784.784 6574 7667 0.857441
105838.830 6574 7668 0.857329
105892.544 6574 7669 0.857217
105948.309 6575 7670 0.857236
105956.642 6575 7671 0.857124
106010.752 6576 7672 0.857143
106026.025 6577 7673 0.857161
106034.281 6578 7674 0.857180
106042.601 6579 7675 0.857199
106050.986 6580 7676 0.857217
106094.088 6581 7677 0.857236
106102.321 6582 7678 0.857254
106110.446 6583 7679 0.857273
106118.352 6584 7680 0.857292
106126.422 6584 7681 0.857180
106134.190 6585 7682 0.857199
106154.614 6586 7683 0.857217
106162.918 6587 7684 0.857236
106170.740 6588 7685 0.857254
106178.889 6589 7686 0.857273
106186.734 6590 7687 0.857292
106195.732 6591 7688 0.857310
106203.492 6592 7689 0.857329
106211.506 6593 7690 0.857347
106219.661 6594 7691 0.857366
106227.662 6595 7692 0.857384
106235.714 6596 7693 0.857403
106243.878 6597 7694 0.857421
106252.894 6598 7695 0.857440
106261.037 6599 7696 0.857458
106290.338 6600 7697 0.857477
106298.649 6600 7698 0.857366
106351.905 6601 7699 0.857384
106359.962 6602 7700 0.857403
106368.113 6603 7701 0.857421
106375.976 6603 7702 0.857310
106429.954 6604 7703 0.857328
106438.044 6604 7704 0.857217
106491.954 6605 7705 0.857236
106507.393 6605 7706 0.857124
106561.244 6605 7707 0.857013
106615.741 6606 7708 0.857032
106624.027 6607 7709 0.857050
106632.275 6608 7710 0.857069
106640.282 6609 7711 0.857087
106648.621 6610 7712 0.857106
106657.322 6611 7713 0.857124
106665.586 6612 7714 0.857143
106673.447 6613 7715 0.857161
106681.893 6614 7716 0.857180
106689.818 6615 7717 0.857198
106698.048 6616 7718 0.857217
106707.891 6617 7719 0.857235
106716.495 6617 7720 0.857124
106772.311 6618 7721 0.857143
106786.002 6619 7722 0.857161
106794.674 6620 7723 0.857180
106802.900 6621 7724 0.857198
106811.330 6622 7725 0.857217
106819.573 6623 7726 0.857235
106827.811 6624 7727 0.857254
106836.062 6625 7728 0.857272
106844.224 6626 7729 0.857291
106852.187 6627 7730 0.857309
106860.143 6628 7731 0.857328
106868.660 6629 7732 0.857346
106876.617 6630 7733 0.857365
106884.741 6631 7734 0.857383
106892.608 6632 7735 0.857401
106900.997 6633 7736 0.857420
106908.881 6634 7737 0.857438
106917.174 6635 7738 0.857457
106925.274 6636 7739 0.857475
106933.701 6637 7740 0.857494
106941.832 6638 7741 0.857512
106949.752 6639 7742 0.857530
106957.804 6640 7743 0.857549
106965.922 6641 7744 0.857567
106973.562 6641 7745 0.857456
107027.286 6642 7746 0.857475
107035.912 6643 7747 0.857493
107044.433 6644 7748 0.857512
107052.948 6645 7749 0.857530
107061.796 6645 7750 0.857419
107115.244 6646 7751 0.857438
107123.141 6646 7752 0.857327
107178.390 6647 7753 0.857346
107227.987 6648 7754 0.857364
107236.048 6649 7755 0.857382
107244.123 6650 7756 0.857401
107252.538 6651 7757 0.857419
107260.679 6652 7758 0.857437
107268.754 6653 7759 0.857456
107277.004 6653 7760 0.857345
107332.188 6654 7761 0.857364
107340.744 6655 7762 0.857382
107349.278 6656 7763 0.857400
107357.400 6657 7764 0.857419
107365.709 6658 7765 0.857437
107373.599 6659 7766 0.857456
107381.754 6660 7767 0.857474
107389.822 6661 7768 0.857492
107398.121 6661 7769 0.857382
107452.415 6662 7770 0.857400
107460.621 6662 7771 0.857290
107514.931 6662 7772 0.857180
107569.318 6663 7773 0.857198
107577.514 6664 7774 0.857216
107585.375 6665 7775 0.857235
107593.300 6665 7776 0.857124
107648.542 6666 7777 0.857143
107656.649 6666 7778 0.857033
107710.928 6667 7779 0.857051
107719.102 6667 7780 0.856941
107773.563 6668 7781 0.856959
107813.492 6668 7782 0.856849
107867.196 6669 7783 0.856868
107875.287 6669 7784 0.856757
107929.079 6670 7785 0.856776
107975.826 6671 7786 0.856794
107984.018 6672 7787 0.856813
107992.450 6673 7788 0.856831
108000.596 6674 7789 0.856849
108008.432 6675 7790 0.856868
108016.526 6676 7791 0.856886
108026.752 6677 7792 0.856905
108035.420 6678 7793 0.856923
108043.681 6679 7794 0.856941
108066.781 6680 7795 0.856960
108075.006 6681 7796 0.856978
108083.519 6682 7797 0.856996
108091.785 6683 7798 0.857015
108100.208 6684 7799 0.857033
108108.540 6685 7800 0.857051
108116.692 6686 7801 0.857070
108124.643 6687 7802 0.857088
108132.684 6688 7803 0.857106
108140.891 6689 7804 0.857125
108149.017 6690 7805 0.857143
108157.533 6691 7806 0.857161
108166.102 6692 7807 0.857179
108174.220 6693 7808 0.857198
108182.414 6694 7809 0.857216
108190.726 6695 7810 0.857234
108199.106 6696 7811 0.857253
108207.312 6697 7812 0.857271
108220.599 6698 7813 0.857289
108228.852 6699 7814 0.857307
108236.970 6700 7815 0.857326
108244.723 6701 7816 0.857344
108253.038 6702 7817 0.857362
108261.204 6703 7818 0.857380
108269.519 6704 7819 0.857399
108277.694 6705 7820 0.857417
108286.169 6706 7821 0.857435
108294.024 6707 7822 0.857453
108301.908 6708 7823 0.857472
108310.305 6709 7824 0.857490
108318.579 6710 7825 0.857508
108326.737 6711 7826 0.857526
108335.238 6712 7827 0.857544
108343.315 6712 7828 0.857435
108398.332 6713 7829 0.857453
108406.721 6714 7830 0.857471
108414.720 6715 7831 0.857489
108422.888 6716 7832 0.857508
108440.276 6717 7833 0.857526
108448.301 6718 7834 0.857544
108455.977 6719 7835 0.857562
108464.383 6720 7836 0.857580
108472.662 6721 7837 0.857599
108480.694 6722 7838 0.857617
108489.198 6723 7839 0.857635
108497.412 6724 7840 0.857653
108505.619 6725 7841 0.857671
108514.586 6726 7842 0.857689
108522.398 6727 7843 0.857708
108530.585 6728 7844 0.857726
108539.011 6728 7845 0.857616
108593.560 6729 7846 0.857634
108601.430 6730 7847 0.857653
108609.789 6731 7848 0.857671
108618.061 6732 7849 0.857689
108626.238 6733 7850 0.857707
108634.250 6734 7851 0.857725
108666.493 6735 7852 0.857743
108674.814 6736 7853 0.857761
108682.921 6737 7854 0.857779
108691.141 6738 7855 0.857798
108699.331 6739 7856 0.857816
108707.166 6740 7857 0.857834
108715.377 6741 7858 0.857852
108723.246 6742 7859 0.857870
108731.041 6743 7860 0.857888
108739.458 6744 7861 0.857906
108747.684 6745 7862 0.857924
108758.436 6746 7863 0.857942
108766.733 6747 7864 0.857960
108774.862 6748 7865 0.857978
108790.920 6749 7866 0.857996
108813.451 6750 7867 0.858014
108821.459 6751 7868 0.858033
108829.389 6752 7869 0.858051
108837.627 6752 7870 0.857942
108891.398 6753 7871 0.857960
108900.050 6754 7872 0.857978
108908.205 6755 7873 0.857996
108916.126 6756 7874 0.858014
108928.007 6756 7875 0.857905
108982.009 6757 7876 0.857923
109022.348 6758 7877 0.857941
109030.890 6759 7878 0.857959
109039.302 6760 7879 0.857977
109047.511 6761 7880 0.857995
109055.688 6762 7881 0.858013
109064.071 6762 7882 0.857904
109118.657 6763 7883 0.857922
109127.276 6764 7884 0.857940
109135.355 6765 7885 0.857958
109143.628 6766 7886 0.857976
109151.522 6767 7887 0.857994
109160.140 6768 7888 0.858012
109169.066 6769 7889 0.858030
109177.216 6770 7890 0.858048
109185.561 6771 7891 0.858066
109193.938 6772 7892 0.858084
109206.414 6772 7893 0.857975
109261.006 6773 7894 0.857993
109269.344 6774 7895 0.858011
109277.677 6775 7896 0.858029
109286.007 6776 7897 0.858047
109294.041 6777 7898 0.858065
109302.161 6778 7899 0.858083
109310.192 6779 7900 0.858101
109318.607 6780 7901 0.858119
109326.980 6781 7902 0.858137
109335.546 6782 7903 0.858155
109343.700 6782 7904 0.858047
109397.820 6783 7905 0.858065
109405.820 6784 7906 0.858082
109413.983 6785 7907 0.858100
109422.287 6786 7908 0.858118
109442.451 6787 7909 0.858136
109450.818 6787 7910 0.858028
109506.288 6788 7911 0.858046
109514.490 6789 7912 0.858064
109522.788 6790 7913 0.858082
109530.616 6791 7914 0.858100
109538.524 6792 7915 0.858117
109547.593 6793 7916 0.858135
109555.889 6794 7917 0.858153
109564.407 6795 7918 0.858171
109572.323 6796 7919 0.858189
109580.916 6796 7920 0.858081
109635.507 6796 7921 0.857972
109689.265 6797 7922 0.857990
109697.191 6798 7923 0.858008
109705.678 6799 7924 0.858026
109713.792 6800 7925 0.858044
109722.469 6801 7926 0.858062
109730.641 6802 7927 0.858080
109738.403 6803 7928 0.858098
109746.298 6804 7929 0.858116
109754.629 6805 7930 0.858134
109762.691 6806 7931 0.858152
109771.142 6807 7932 0.858169
109780.069 6808 7933 0.858187
109788.426 6809 7934 0.858205
109796.807 6810 7935 0.858223
109804.945 6811 7936 0.858241
109813.164 6812 7937 0.858259
109821.469 6813 7938 0.858277
109829.550 6813 7939 0.858169
109884.106 6814 7940 0.858186
109892.663 6815 7941 0.858204
109901.093 6816 7942 0.858222
109909.339 6817 7943 0.858240
109918.060 6818 7944 0.858258
109926.234 6818 7945 0.858150
109981.657 6819 7946 0.858168
109990.273 6820 7947 0.858185
109998.482 6821 7948 0.858203
110006.572 6822 7949 0.858221
110014.861 6822 7950 0.858113
110068.800 6823 7951 0.858131
110077.375 6824 7952 0.858149
110085.823 6825 7953 0.858167
110094.178 6826 7954 0.858185
110102.209 6827 7955 0.858202
110110.185 6828 7956 0.858220
110118.691 6829 7957 0.858238
110127.245 6830 7958 0.858256
110136.291 6830 7959 0.858148
110189.828 6831 7960 0.858166
110197.814 6831 7961 0.858058
110252.538 6832 7962 0.858076
110260.905 6833 7963 0.858094
110269.393 6833 7964 0.857986
110324.449 6834 7965 0.858004
110336.781 6835 7966 0.858022
110345.172 6836 7967 0.858039
110352.853 6837 7968 0.858057
110360.743 6838 7969 0.858075
110368.903 6839 7970 0.858093
110376.918 6840 7971 0.858111
110385.727 6841 7972 0.858128
110394.097 6841 7973 0.858021
110448.927 6841 7974 0.857913
110503.367 6842 7975 0.857931
110511.837 6843 7976 0.857949
110520.156 6844 7977 0.857967
110528.370 6845 7978 0.857984
110536.069 6846 7979 0.858002
110544.617 6847 7980 0.858020
110553.081 6848 7981 0.858038
110561.570 6849 7982 0.858056
110569.340 6850 7983 0.858073
110577.997 6851 7984 0.858091
110585.921 6852 7985 0.858109
110594.050 6852 7986 0.858002
110648.907 6853 7987 0.858019
110657.274 6854 7988 0.858037
110665.803 6855 7989 0.858055
110673.466 6855 7990 0.857947
110727.921 6855 7991 0.857840
110781.770 6855 7992 0.857733
110837.585 6856 7993 0.857751
110845.820 6857 7994 0.857768
110854.223 6858 7995 0.857786
110862.760 6859 7996 0.857804
110870.895 6860 7997 0.857822
110879.123 6861 7998 0.857839
110888.013 6861 7999 0.857732
110943.212 6862 8000 0.857750
110951.559 6863 8001 0.857768
110959.517 6864 8002 0.857786
110967.759 6865 8003 0.857803
110976.375 6866 8004 0.857821
110984.769 6867 8005 0.857839
110992.773 6868 8006 0.857857
111001.040 6868 8007 0.857749
111055.285 6869 8008 0.857767
111063.464 6870 8009 0.857785
111072.114 6871 8010 0.857803
111080.533 6871 8011 0.857696
111135.349 6872 8012 0.857713
111143.956 6873 8013 0.857731
111151.801 6874 8014 0.857749
111159.818 6875 8015 0.857767
111168.115 6876 8016 0.857784
111179.310 6877 8017 0.857802
111187.632 6878 8018 0.857820
111195.672 6879 8019 0.857838
111204.099 6879 8020 0.857731
111260.050 6880 8021 0.857748
111267.834 6881 8022 0.857766
111276.700 6882 8023 0.857784
111285.413 6883 8024 0.857802
111294.007 6884 8025 0.857819
111302.518 6884 8026 0.857712
111356.721 6885 8027 0.857730
111364.690 6886 8028 0.857748
111373.181 6886 8029 0.857641
111427.452 6887 8030 0.857659
111435.749 6888 8031 0.857677
111443.966 6889 8032 0.857694
111451.767 6890 8033 0.857712
111459.795 6891 8034 0.857730
111467.660 6892 8035 0.857747
111475.236 6893 8036 0.857765
111483.287 6894 8037 0.857783
111491.653 6895 8038 0.857800
111499.905 6896 8039 0.857818
111508.289 6897 8040 0.857836
111516.649 6898 8041 0.857854
111525.197 6899 8042 0.857871
111533.588 6900 8043 0.857889
111545.081 6900 8044 0.857782
111599.506 6900 8045 0.857676
111656.477 6901 8046 0.857693
111664.437 6902 8047 0.857711
111672.870 6903 8048 0.857729
111681.332 6904 8049 0.857746
111690.418 6905 8050 0.857764
111701.029 6906 8051 0.857782
111710.054 6907 8052 0.857799
111718.583 6908 8053 0.857817
111726.917 6908 8054 0.857710
111781.664 6908 8055 0.857604
111835.689 6909 8056 0.857622
111843.534 6910 8057 0.857639
111851.730 6911 8058 0.857657
111860.121 6912 8059 0.857675
111868.770 6913 8060 0.857692
111877.153 6914 8061 0.857710
111885.634 6915 8062 0.857728
111893.917 6916 8063 0.857745
111902.047 6917 8064 0.857763
111909.739 6917 8065 0.857657
111963.426 6918 8066 0.857674
111971.730 6919 8067 0.857692
111979.960 6920 8068 0.857709
111987.795 6921 8069 0.857727
111995.493 6922 8070 0.857745
112017.162 6923 8071 0.857762
112025.786 6924 8072 0.857780
112034.174 6925 8073 0.857798
112042.125 6926 8074 0.857815
112051.058 6927 8075 0.857833
112059.710 6928 8076 0.857850
112068.223 6929 8077 0.857868
112076.204 6929 8078 0.857762
112130.961 6930 8079 0.857779
112139.321 6931 8080 0.857797
112147.640 6931 8081 0.857691
112202.207 6932 8082 0.857708
112210.643 6933 8083 0.857726
112218.801 6934 8084 0.857744
112227.230 6935 8085 0.857761
112235.021 6936 8086 0.857779
112243.180 6937 8087 0.857796
112250.984 6938 8088 0.857814
112259.170 6939 8089 0.857832
112267.849 6940 8090 0.857849
112276.014 6941 8091 0.857867
112284.034 6942 8092 0.857884
112292.467 6943 8093 0.857902
112300.874 6944 8094 0.857919
112319.425 6945 8095 0.857937
112327.897 6946 8096 0.857955
112335.441 6947 8097 0.857972
112343.664 6948 8098 0.857990
112351.925 6949 8099 0.858007
112360.266 6950 8100 0.858025
112368.127 6951 8101 0.858042
112376.535 6952 8102 0.858060
112384.152 6953 8103 0.858077
112392.077 6954 8104 0.858095
112400.626 6955 8105 0.858112
112408.972 6956 8106 0.858130
112417.143 6956 8107 0.858024
112471.898 6956 8108 0.857918
112526.435 6956 8109 0.857812
112581.502 6957 8110 0.857830
112589.835 6957 8111 0.857724
112644.089 6958 8112 0.857742
112652.427 6959 8113 0.857759
112660.771 6960 8114 0.857777
112669.226 6960 8115 0.857671
112723.799 6961 8116 0.857689
112732.305 6962 8117 0.857706
112740.886 6963 8118 0.857724
112748.866 6964 8119 0.857741
112756.768 6965 8120 0.857759
112765.508 6966 8121 0.857776
112773.881 6967 8122 0.857794
112782.178 6968 8123 0.857811
112790.180 6968 8124 0.857706
112848.163 6969 8125 0.857723
112856.561 6970 8126 0.857741
112865.132 6971 8127 0.857758
112873.055 6972 8128 0.857776
112881.421 6972 8129 0.857670
112935.342 6973 8130 0.857688
112944.460 6974 8131 0.857705
112952.520 6975 8132 0.857723
112960.973 6975 8133 0.857617
113014.888 6975 8134 0.857512
113067.904 6976 8135 0.857529
113076.051 6977 8136 0.857547
113083.988 6978 8137 0.857564
113092.124 6979 8138 0.857582
113100.210 6980 8139 0.857599
113108.521 6981 8140 0.857617
113116.397 6982 8141 0.857634
113125.195 6983 8142 0.857652
113133.054 6984 8143 0.857669
113141.361 6985 8144 0.857687
113149.814 6986 8145 0.857704
113158.161 6987 8146 0.857722
113166.371 6988 8147 0.857739
113175.417 6989 8148 0.857757
113183.822 6990 8149 0.857774
113192.371 6991 8150 0.857791
113200.860 6992 8151 0.857809
113209.443 6993 8152 0.857826
113218.006 6994 8153 0.857844
113226.312 6994 8154 0.857739
113281.086 6995 8155 0.857756
113289.432 6996 8156 0.857773
113298.400 6997 8157 0.857791
113307.233 6998 8158 0.857808
113315.766 6999 8159 0.857826
113323.546 7000 8160 0.857843
113333.515 7001 8161 0.857861
113341.942 7001 8162 0.857755
113396.757 7002 8163 0.857773
113405.220 7003 8164 0.857790
113418.762 7003 8165 0.857685
113472.172 7003 8166 0.857580
113526.162 7003 8167 0.857475
113580.462 7004 8168 0.857493
113588.984 7005 8169 0.857510
113598.652 7006 8170 0.857528
113607.036 7007 8171 0.857545
113615.134 7008 8172 0.857562
113623.974 7009 8173 0.857580
113632.326 7010 8174 0.857597
113640.648 7011 8175 0.857615
113648.681 7012 8176 0.857632
113657.965 7013 8177 0.857650
113666.227 7014 8178 0.857667
113674.609 7015 8179 0.857684
113682.935 7016 8180 0.857702
113691.515 7017 8181 0.857719
113699.768 7017 8182 0.857614
113753.502 7018 8183 0.857632
113761.855 7019 8184 0.857649
113770.166 7020 8185 0.857666
113778.048 7020 8186 0.857562
113833.124 7020 8187 0.857457
113889.704 7021 8188 0.857474
113898.012 7022 8189 0.857492
113906.706 7023 8190 0.857509
113914.905 7024 8191 0.857527
113923.861 7025 8192 0.857544
113931.841 7026 8193 0.857561
113939.631 7027 8194 0.857579
113947.912 7028 8195 0.857596
113956.284 7029 8196 0.857613
113964.343 7030 8197 0.857631
113972.370 7031 8198 0.857648
113995.437 7031 8199 0.857544
114049.831 7031 8200 0.857439
114103.953 7032 8201 0.857456
114111.793 7033 8202 0.857474
114120.140 7034 8203 0.857491
114128.542 7035 8204 0.857509
114136.455 7036 8205 0.857526
114145.012 7037 8206 0.857543
114153.933 7037 8207 0.857439
114208.246 7038 8208 0.857456
114216.008 7039 8209 0.857474
114224.441 7040 8210 0.857491
114232.796 7041 8211 0.857508
114240.784 7042 8212 0.857526
114248.803 7043 8213 0.857543
114256.927 7043 8214 0.857439
114310.916 7044 8215 0.857456
114327.927 7044 8216 0.857352
114381.068 7045 8217 0.857369
114389.610 7046 8218 0.857386
114406.812 7047 8219 0.857404
114414.936 7048 8220 0.857421
114423.304 7049 8221 0.857438
114431.305 7050 8222 0.857456
114439.235 7051 8223 0.857473
114447.731 7052 8224 0.857490
114456.295 7053 8225 0.857508
114464.689 7054 8226 0.857525
114472.602 7055 8227 0.857542
114480.642 7056 8228 0.857560
114489.291 7057 8229 0.857577
114497.188 7058 8230 0.857594
114505.021 7059 8231 0.857611
114513.204 7060 8232 0.857629
114521.076 7061 8233 0.857646
114529.958 7062 8234 0.857663
114537.861 7063 8235 0.857681
114546.277 7063 8236 0.857576
114600.091 7064 8237 0.857594
114607.999 7065 8238 0.857611
114616.463 7066 8239 0.857628
114624.977 7067 8240 0.857646
114632.965 7068 8241 0.857663
114641.817 7069 8242 0.857680
114650.269 7070 8243 0.857697
114658.845 7071 8244 0.857715
114667.283 7072 8245 0.857732
114675.696 7073 8246 0.857749
114684.172 7074 8247 0.857766
114692.514 7075 8248 0.857784
114715.224 7075 8249 0.857680
114769.643 7076 8250 0.857697
114784.291 7077 8251 0.857714
114793.852 7078 8252 0.857731
114802.120 7079 8253 0.857749
114810.307 7080 8254 0.857766
114818.758 7081 8255 0.857783
114827.170 7082 8256 0.857800
114835.526 7083 8257 0.857818
114843.997 7084 8258 0.857835
114852.369 7085 8259 0.857852
114861.307 7086 8260 0.857869
114869.667 7087 8261 0.857886
114877.990 7088 8262 0.857904
114886.566 7089 8263 0.857921
114894.668 7090 8264 0.857938
114902.542 7090 8265 0.857834
114957.493 7090 8266 0.857730
115010.482 7091 8267 0.857748
115018.173 7092 8268 0.857765
115026.071 7093 8269 0.857782
115034.522 7094 8270 0.857799
115042.912 7095 8271 0.857816
115051.505 7096 8272 0.857834
115059.712 7096 8273 0.857730
115115.600 7097 8274 0.857747
115124.446 7098 8275 0.857764
115132.345 7099 8276 0.857782
115140.852 7100 8277 0.857799
115149.104 7101 8278 0.857816
115157.917 7102 8279 0.857833
115165.802 7103 8280 0.857850
115173.722 7104 8281 0.857867
115181.724 7105 8282 0.857885
115190.104 7106 8283 0.857902
115198.349 7107 8284 0.857919
115207.350 7108 8285 0.857936
115216.150 7108 8286 0.857832
115269.959 7108 8287 0.857729
115324.796 7109 8288 0.857746
115357.251 7110 8289 0.857763
115365.527 7111 8290 0.857780
115373.405 7112 8291 0.857798
115381.375 7113 8292 0.857815
115389.726 7113 8293 0.857711
115445.295 7114 8294 0.857728
115453.581 7115 8295 0.857746
115461.901 7116 8296 0.857763
115470.378 7117 8297 0.857780
115478.714 7118 8298 0.857797
115487.058 7119 8299 0.857814
115494.866 7120 8300 0.857831
115503.117 7121 8301 0.857848
115511.875 7122 8302 0.857866
115520.385 7123 8303 0.857883
115528.695 7124 8304 0.857900
115537.426 7125 8305 0.857917
115545.660 7125 8306 0.857814
115599.967 7126 8307 0.857831
115607.991 7127 8308 0.857848
115617.106 7128 8309 0.857865
115625.313 7129 8310 0.857882
115634.209 7130 8311 0.857899
115642.199 7130 8312 0.857796
115696.693 7131 8313 0.857813
115704.898 7132 8314 0.857830
115713.748 7133 8315 0.857847
115721.692 7133 8316 0.857744
115775.665 7134 8317 0.857761
115784.457 7135 8318 0.857778
115793.360 7136 8319 0.857795
115801.657 7137 8320 0.857812
115809.516 7138 8321 0.857830
115818.324 7139 8322 0.857847
115826.516 7140 8323 0.857864
115834.827 7141 8324 0.857881
115842.685 7142 8325 0.857898
115850.570 7143 8326 0.857915
115859.157 7144 8327 0.857932
115867.398 7145 8328 0.857949
115875.955 7145 8329 0.857846
115929.405 7146 8330 0.857863
115937.815 7147 8331 0.857880
115946.400 7147 8332 0.857777
116000.664 7148 8333 0.857794
116008.761 7149 8334 0.857811
116017.449 7150 8335 0.857828
116026.270 7151 8336 0.857845
116037.359 7151 8337 0.857743
116091.993 7152 8338 0.857760
116100.027 7153 8339 0.857777
116108.016 7153 8340 0.857674
116161.921 7154 8341 0.857691
116170.452 7155 8342 0.857708
116179.197 7156 8343 0.857725
116187.362 7157 8344 0.857742
116195.624 7158 8345 0.857759
116204.268 7159 8346 0.857776
116212.967 7160 8347 0.857793
116221.526 7161 8348 0.857810
116230.057 7161 8349 0.857708
116284.604 7162 8350 0.857725
116292.661 7162 8351 0.857622
116347.612 7163 8352 0.857639
116356.314 7164 8353 0.857656
116365.079 7165 8354 0.857673
116374.136 7166 8355 0.857690
116383.045 7167 8356 0.857707
116391.522 7168 8357 0.857724
116400.369 7169 8358 0.857741
116408.744 7169 8359 0.857638
116462.879 7169 8360 0.857536
116518.162 7169 8361 0.857433
116572.318 7170 8362 0.857450
116580.412 7171 8363 0.857467
116589.483 7172 8364 0.857484
116598.048 7173 8365 0.857501
116606.745 7174 8366 0.857519
116615.577 7175 8367 0.857536
116624.179 7176 8368 0.857553
116633.108 7177 8369 0.857570
116641.926 7178 8370 0.857587
116659.354 7179 8371 0.857604
116668.233 7180 8372 0.857621
116695.651 7181 8373 0.857638
116708.027 7182 8374 0.857655
116716.331 7183 8375 0.857672
116725.592 7184 8376 0.857689
116733.792 7185 8377 0.857706
116742.875 7186 8378 0.857723
116752.039 7186 8379 0.857620
116806.820 7186 8380 0.857518
116860.787 7187 8381 0.857535
116869.957 7188 8382 0.857552
116878.616 7189 8383 0.857569
116887.432 7190 8384 0.857586
116896.293 7191 8385 0.857603
116913.186 7192 8386 0.857620
116921.415 7193 8387 0.857637
116929.828 7194 8388 0.857654
116938.789 7195 8389 0.857671
116947.491 7196 8390 0.857688
116956.707 7197 8391 0.857705
116965.162 7198 8392 0.857722
116973.351 7199 8393 0.857739
116981.461 7200 8394 0.857756
116990.300 7200 8395 0.857653
117045.394 7201 8396 0.857670
117055.672 7202 8397 0.857687
117063.712 7203 8398 0.857704
117072.458 7204 8399 0.857721
117081.569 7204 8400 0.857619
117135.388 7205 8401 0.857636
117146.524 7206 8402 0.857653
117154.683 7207 8403 0.857670
117163.322 7208 8404 0.857687
117171.638 7209 8405 0.857704
117180.546 7210 8406 0.857721
117189.426 7211 8407 0.857738
117198.241 7212 8408 0.857755
117207.981 7213 8409 0.857771
117216.117 7214 8410 0.857788
117224.755 7214 8411 0.857686
117233.018 7215 8412 0.857703
117241.468 7216 8413 0.857720
117250.745 7217 8414 0.857737
117259.630 7218 8415 0.857754
117268.805 7218 8416 0.857652
117323.300 7219 8417 0.857669
117331.305 7219 8418 0.857567
117385.226 7220 8419 0.857584
117393.983 7221 8420 0.857601
117402.247 7221 8421 0.857499
117455.521 7221 8422 0.857397
117510.920 7222 8423 0.857414
117519.485 7222 8424 0.857312
117574.174 7223 8425 0.857329
117582.889 7224 8426 0.857346
117591.586 7225 8427 0.857363
117599.939 7226 8428 0.857380
117608.755 7227 8429 0.857397
117617.710 7228 8430 0.857414
117626.345 7229 8431 0.857431
117634.791 7230 8432 0.857448
117643.617 7231 8433 0.857465
117652.463 7232 8434 0.857482
117661.607 7232 8435 0.857380
117716.123 7233 8436 0.857397
117725.392 7233 8437 0.857295
117778.954 7234 8438 0.857312
117787.961 7235 8439 0.857329
117796.810 7236 8440 0.857346
117805.674 7237 8441 0.857363
117814.387 7238 8442 0.857380
117822.944 7239 8443 0.857397
117831.647 7240 8444 0.857414
117840.210 7241 8445 0.857430
117848.311 7241 8446 0.857329
117902.341 7242 8447 0.857346
117911.172 7243 8448 0.857363
117919.653 7244 8449 0.857380
117928.148 7245 8450 0.857396
117937.255 7246 8451 0.857413
117945.981 7247 8452 0.857430
117954.356 7248 8453 0.857447
117962.644 7249 8454 0.857464
118000.850 7250 8455 0.857481
118008.776 7251 8456 0.857498
118016.881 7252 8457 0.857514
118042.443 7253 8458 0.857531
118050.829 7253 8459 0.857430
118105.556 7253 8460 0.857329
118158.893 7253 8461 0.857227
118216.058 7254 8462 0.857244
118224.120 7255 8463 0.857261
118232.572 7256 8464 0.857278
118240.968 7257 8465 0.857295
118249.499 7258 8466 0.857312
118258.132 7259 8467 0.857328
118266.281 7260 8468 0.857345
118274.860 7261 8469 0.857362
118283.493 7262 8470 0.857379
118292.042 7263 8471 0.857396
118312.702 7264 8472 0.857413
118321.280 7265 8473 0.857429
118329.807 7266 8474 0.857446
118338.270 7266 8475 0.857345
118393.223 7267 8476 0.857362
118401.625 7268 8477 0.857379
118410.064 7269 8478 0.857396
118418.515 7270 8479 0.857412
118426.502 7271 8480 0.857429
118434.804 7272 8481 0.857446
118443.569 7273 8482 0.857463
118452.259 7274 8483 0.857480
118460.411 7275 8484 0.857496
118469.135 7275 8485 0.857395
118524.206 7276 8486 0.857412
118533.064 7277 8487 0.857429
118541.877 7277 8488 0.857328
118596.968 7278 8489 0.857345
118605.765 7279 8490 0.857362
118614.369 7280 8491 0.857378
118622.881 7281 8492 0.857395
118630.913 7282 8493 0.857412
118639.290 7283 8494 0.857429
118647.617 7284 8495 0.857446
118656.439 7285 8496 0.857462
118664.837 7286 8497 0.857479
118673.410 7287 8498 0.857496
118681.920 7288 8499 0.857513
118690.295 7289 8500 0.857529
118698.074 7289 8501 0.857429
118751.784 7290 8502 0.857445
118760.239 7291 8503 0.857462
118768.257 7292 8504 0.857479
118776.644 7293 8505 0.857496
118785.060 7294 8506 0.857512
118793.532 7295 8507 0.857529
118801.523 7296 8508 0.857546
118809.931 7297 8509 0.857563
118817.875 7298 8510 0.857579
118826.443 7299 8511 0.857596
118834.818 7300 8512 0.857613
118843.400 7300 8513 0.857512
118898.846 7301 8514 0.857529
118907.269 7302 8515 0.857546
118915.295 7303 8516 0.857562
118924.691 7303 8517 0.857462
118978.850 7304 8518 0.857478
118987.157 7305 8519 0.857495
118995.753 7306 8520 0.857512
119004.216 7307 8521 0.857528
119012.527 7308 8522 0.857545
119021.193 7309 8523 0.857562
119029.187 7310 8524 0.857579
119037.338 7311 8525 0.857595
119045.916 7312 8526 0.857612
119054.342 7313 8527 0.857629
119062.960 7314 8528 0.857645
119071.834 7315 8529 0.857662
119080.223 7315 8530 0.857562
119135.248 7316 8531 0.857578
119143.775 7317 8532 0.857595
119152.313 7318 8533 0.857612
119160.109 7318 8534 0.857511
119214.495 7319 8535 0.857528
119222.833 7320 8536 0.857545
119231.672 7320 8537 0.857444
119286.475 7321 8538 0.857461
119295.272 7322 8539 0.857477
119303.370 7323 8540 0.857494
119311.445 7324 8541 0.857511
119320.127 7325 8542 0.857528
119328.651 7326 8543 0.857544
119337.550 7327 8544 0.857561
119345.925 7328 8545 0.857578
119353.869 7329 8546 0.857594
119363.077 7330 8547 0.857611
119371.944 7331 8548 0.857628
119379.966 7332 8549 0.857644
119390.638 7333 8550 0.857661
119402.745 7334 8551 0.857677
119410.821 7335 8552 0.857694
119419.321 7336 8553 0.857711
119427.510 7337 8554 0.857727
119436.178 7338 8555 0.857744
119444.893 7339 8556 0.857761
119453.588 7340 8557 0.857777
119498.819 7341 8558 0.857794
119507.119 7342 8559 0.857810
119515.579 7343 8560 0.857827
119523.835 7344 8561 0.857844
119533.079 7345 8562 0.857860
119541.884 7346 8563 0.857877
119550.354 7347 8564 0.857894
119558.817 7348 8565 0.857910
119566.743 7349 8566 0.857927
119575.166 7350 8567 0.857943
119583.698 7351 8568 0.857960
119597.800 7352 8569 0.857976
119606.566 7353 8570 0.857993
119614.593 7353 8571 0.857893
119669.254 7354 8572 0.857909
119677.750 7355 8573 0.857926
119685.658 7356 8574 0.857943
119693.709 7357 8575 0.857959
119701.746 7358 8576 0.857976
119710.749 7359 8577 0.857992
119719.505 7360 8578 0.858009
119728.112 7361 8579 0.858025
119747.317 7362 8580 0.858042
119755.433 7363 8581 0.858059
119763.783 7364 8582 0.858075
119772.080 7365 8583 0.858092
119780.418 7365 8584 0.857992
119788.568 7366 8585 0.858008
119797.258 7367 8586 0.858025
119805.859 7368 8587 0.858041
119813.916 7369 8588 0.858058
119822.471 7370 8589 0.858074
119831.283 7371 8590 0.858091
119839.884 7372 8591 0.858107
119848.313 7373 8592 0.858124
119856.367 7374 8593 0.858140
119864.456 7375 8594 0.858157
119872.802 7375 8595 0.858057
119927.439 7376 8596 0.858074
119942.194 7377 8597 0.858090
119951.036 7378 8598 0.858107
119959.080 7379 8599 0.858123
119967.199 7380 8600 0.858140
119975.514 7381 8601 0.858156
119984.154 7382 8602 0.858173
119992.322 7383 8603 0.858189
120015.492 7384 8604 0.858205
120034.631 7384 8605 0.858106
120090.100 7385 8606 0.858122
120098.784 7386 8607 0.858139
120107.135 7387 8608 0.858155
120115.852 7388 8609 0.858172
120124.409 7389 8610 0.858188
120132.515 7390 8611 0.858205
120141.057 7391 8612 0.858221
120149.143 7392 8613 0.858238
120157.747 7392 8614 0.858138
120212.759 7393 8615 0.858154
120221.227 7394 8616 0.858171
120229.257 7394 8617 0.858071
120285.120 7395 8618 0.858088
120293.093 7396 8619 0.858104
120301.264 7397 8620 0.858121
120310.141 7398 8621 0.858137
120318.960 7399 8622 0.858154
120327.187 7399 8623 0.858054
120381.278 7399 8624 0.857955
120435.776 7400 8625 0.857971
120444.283 7401 8626 0.857987
120452.995 7401 8627 0.857888
120508.673 7402 8628 0.857904
120517.321 7403 8629 0.857921
120525.741 7404 8630 0.857937
120534.391 7405 8631 0.857954
120542.536 7406 8632 0.857970
120550.528 7407 8633 0.857987
120558.637 7408 8634 0.858003
120567.384 7409 8635 0.858020
120576.617 7410 8636 0.858036
120589.110 7411 8637 0.858053
120597.156 7412 8638 0.858069
120605.726 7413 8639 0.858085
120614.449 7414 8640 0.858102
120626.103 7415 8641 0.858118
120635.204 7416 8642 0.858135
120643.979 7417 8643 0.858151
120653.537 7418 8644 0.858168
120662.358 7419 8645 0.858184
120670.615 7420 8646 0.858200
120679.425 7421 8647 0.858217
120687.734 7422 8648 0.858233
120696.510 7423 8649 0.858250
120705.198 7424 8650 0.858266
120713.898 7425 8651 0.858282
120722.207 7425 8652 0.858183
120781.689 7425 8653 0.858084
120836.028 7426 8654 0.858100
120844.601 7427 8655 0.858117
120853.056 7428 8656 0.858133
120861.264 7429 8657 0.858149
120869.267 7429 8658 0.858050
120924.114 7430 8659 0.858067
120936.438 7431 8660 0.858083
120945.207 7432 8661 0.858100
120953.872 7433 8662 0.858116
120962.099 7434 8663 0.858132
121015.563 7435 8664 0.858149
121023.549 7436 8665 0.858165
121031.641 7436 8666 0.858066
121087.281 7436 8667 0.857967
121141.404 7437 8668 0.857983
121149.908 7438 8669 0.858000
121158.471 7439 8670 0.858016
121166.675 7439 8671 0.857917
121223.393 7440 8672 0.857934
121231.456 7441 8673 0.857950
121240.571 7442 8674 0.857966
121249.202 7443 8675 0.857983
121258.056 7444 8676 0.857999
121266.618 7445 8677 0.858015
121275.319 7446 8678 0.858032
121283.439 7447 8679 0.858048
121292.123 7448 8680 0.858065
121300.139 7449 8681 0.858081
121308.264 7450 8682 0.858097
121316.898 7451 8683 0.858114
121324.881 7451 8684 0.858015
121379.126 7452 8685 0.858031
121387.759 7453 8686 0.858047
121396.819 7454 8687 0.858064
121404.968 7455 8688 0.858080
121413.808 7456 8689 0.858096
121421.912 7457 8690 0.858113
121430.592 7458 8691 0.858129
121439.331 7459 8692 0.858145
121447.864 7460 8693 0.858162
121455.980 7461 8694 0.858178
121464.799 7462 8695 0.858194
121473.093 7462 8696 0.858096
121528.873 7462 8697 0.857997
121583.932 7463 8698 0.858013
121592.536 7464 8699 0.858030
121601.109 7465 8700 0.858046
121609.160 7465 8701 0.857947
121663.285 7466 8702 0.857964
121672.177 7467 8703 0.857980
121680.780 7468 8704 0.857996
121693.342 7468 8705 0.857898
121748.610 7469 8706 0.857914
121757.405 7470 8707 0.857930
121765.484 7471 8708 0.857947
121773.931 7472 8709 0.857963
121782.896 7473 8710 0.857979
121791.615 7474 8711 0.857996
121800.181 7475 8712 0.858012
121809.033 7476 8713 0.858028
121817.659 7477 8714 0.858045
121826.360 7478 8715 0.858061
121835.205 7479 8716 0.858077
121843.393 7480 8717 0.858093
121852.142 7481 8718 0.858110
121883.723 7482 8719 0.858126
121892.518 7483 8720 0.858142
121900.989 7484 8721 0.858158
121914.588 7485 8722 0.858175
121923.574 7486 8723 0.858191
121931.622 7487 8724 0.858207
121940.344 7487 8725 0.858109
121995.631 7488 8726 0.858125
122008.374 7488 8727 0.858027
122062.114 7489 8728 0.858043
122070.367 7490 8729 0.858059
122079.002 7491 8730 0.858076
122088.845 7492 8731 0.858092
122096.930 7493 8732 0.858108
122105.501 7494 8733 0.858124
122114.319 7495 8734 0.858141
122123.222 7496 8735 0.858157
122131.903 7497 8736 0.858173
122140.282 7498 8737 0.858189
122149.092 7498 8738 0.858091
122203.000 7499 8739 0.858107
122215.353 7500 8740 0.858124
122224.211 7501 8741 0.858140
122233.153 7502 8742 0.858156
122241.276 7503 8743 0.858172
122249.365 7504 8744 0.858188
122258.411 7505 8745 0.858205
122266.513 7506 8746 0.858221
122275.023 7507 8747 0.858237
122283.441 7508 8748 0.858253
143635.628 7509 8749 0.858270
143640.504 7510 8750 0.858286
143646.152 7511 8751 0.858302
143651.421 7512 8752 0.858318
143655.797 7513 8753 0.858334
143656.704 7514 8754 0.858350
143661.244 7515 8755 0.858367
143661.569 7515 8756 0.858269
143666.262 7516 8757 0.858285
143667.691 7517 8758 0.858301
143671.706 7518 8759 0.858317
143672.888 7519 8760 0.858333
143676.735 7520 8761 0.858350
143678.385 7521 8762 0.858366
143680.886 7522 8763 0.858382
143682.855 7523 8764 0.858398
143684.046 7524 8765 0.858414
143686.064 7525 8766 0.858430
143687.964 7526 8767 0.858446
143689.862 7527 8768 0.858463
143691.705 7527 8769 0.858365
143693.403 7527 8770 0.858267
143695.965 7528 8771 0.858283
143701.411 7529 8772 0.858299
143706.831 7529 8773 0.858201
143716.713 7530 8774 0.858217
143721.436 7530 8775 0.858120
143743.292 7530 8776 0.858022
143747.617 7531 8777 0.858038
143753.145 7531 8778 0.857940
143758.340 7532 8779 0.857956
143763.571 7533 8780 0.857973
143769.381 7534 8781 0.857989
143772.697 7535 8782 0.858005
143774.628 7536 8783 0.858021
143777.655 7537 8784 0.858037
143780.283 7538 8785 0.858054
143783.130 7539 8786 0.858070
143785.890 7540 8787 0.858086
143788.855 7541 8788 0.858102
143791.561 7542 8789 0.858118
143794.188 7543 8790 0.858134
143795.045 7543 8791 0.858037
143796.757 7544 8792 0.858053
143800.238 7545 8793 0.858069
143801.802 7546 8794 0.858085
143803.636 7547 8795 0.858101
143806.153 7548 8796 0.858117
143807.517 7549 8797 0.858133
143809.157 7549 8798 0.858036
143811.897 7550 8799 0.858052
143813.249 7550 8800 0.857955
143817.658 7551 8801 0.857971
143823.147 7552 8802 0.857987
143828.744 7552 8803 0.857889
143845.895 7553 8804 0.857905
143851.551 7554 8805 0.857922
143860.632 7555 8806 0.857938
143861.885 7556 8807 0.857954
143864.996 7557 8808 0.857970
143866.362 7558 8809 0.857986
143867.343 7559 8810 0.858002
143870.915 7560 8811 0.858018
143871.588 7561 8812 0.858034
143872.901 7562 8813 0.858051
143876.234 7563 8814 0.858067
143876.611 7564 8815 0.858083
143878.223 7565 8816 0.858099
143879.458 7566 8817 0.858115
143881.544 7567 8818 0.858131
143881.866 7568 8819 0.858147
143883.735 7568 8820 0.858050
143884.617 7569 8821 0.858066
143886.616 7570 8822 0.858082
143887.603 7571 8823 0.858098
143890.369 7572 8824 0.858114
143892.810 7572 8825 0.858017
143895.948 7572 8826 0.857920
143897.976 7573 8827 0.857936
143903.651 7574 8828 0.857952
143908.568 7574 8829 0.857855
143939.059 7575 8830 0.857871
143944.006 7576 8831 0.857887
143945.135 7577 8832 0.857903
143946.053 7578 8833 0.857919
143949.854 7579 8834 0.857935
143951.176 7580 8835 0.857951
143952.246 7581 8836 0.857967
143955.017 7582 8837 0.857983
143956.532 7583 8838 0.858000
143958.535 7583 8839 0.857902
143959.826 7584 8840 0.857919
143960.764 7584 8841 0.857822
143962.254 7584 8842 0.857724
143965.594 7585 8843 0.857741
143971.481 7585 8844 0.857644
144010.276 7586 8845 0.857660
144012.884 7587 8846 0.857676
144014.258 7588 8847 0.857692
144015.665 7589 8848 0.857708
144018.091 7590 8849 0.857724
144020.918 7591 8850 0.857740
144020.921 7592 8851 0.857756
144022.928 7593 8852 0.857772
144023.370 7594 8853 0.857788
144026.602 7595 8854 0.857804
144026.770 7596 8855 0.857820
144028.569 7596 8856 0.857724
144032.755 7597 8857 0.857740
144033.158 7598 8858 0.857756
144038.275 7599 8859 0.857772
144038.809 7600 8860 0.857788
144043.790 7601 8861 0.857804
144044.039 7602 8862 0.857820
144045.746 7602 8863 0.857723
144049.200 7602 8864 0.857626
144049.362 7603 8865 0.857642
144055.035 7604 8866 0.857658
144060.339 7604 8867 0.857562
144079.978 7605 8868 0.857578
144085.039 7606 8869 0.857594
144090.304 7607 8870 0.857610
144095.408 7608 8871 0.857626
144097.486 7608 8872 0.857529
144100.579 7609 8873 0.857545
144101.636 7610 8874 0.857561
144106.296 7611 8875 0.857577
144107.477 7612 8876 0.857594
144111.892 7613 8877 0.857610
144111.932 7614 8878 0.857626
144112.939 7615 8879 0.857642
144117.559 7616 8880 0.857658
144117.645 7617 8881 0.857674
144118.678 7617 8882 0.857577
144122.685 7618 8883 0.857593
144123.767 7618 8884 0.857497
144127.980 7619 8885 0.857513
144133.051 7620 8886 0.857529
144138.767 7621 8887 0.857545
144143.823 7622 8888 0.857561
144149.234 7623 8889 0.857577
144149.521 7624 8890 0.857593
144154.607 7625 8891 0.857609
144159.645 7626 8892 0.857625
144165.417 7627 8893 0.857641
144170.858 7628 8894 0.857657
144172.344 7629 8895 0.857673
144175.052 7629 8896 0.857576
144176.104 7629 8897 0.857480
144184.425 7630 8898 0.857496
144184.942 7631 8899 0.857512
144189.400 7632 8900 0.857528
144190.781 7632 8901 0.857432
144194.817 7633 8902 0.857448
144200.516 7634 8903 0.857464
144205.369 7635 8904 0.857480
144211.278 7636 8905 0.857496
144216.740 7636 8906 0.857400
144226.026 7637 8907 0.857416
144226.623 7638 8908 0.857432
144232.265 7639 8909 0.857448
144233.209 7640 8910 0.857464
144237.498 7640 8911 0.857367
144238.475 7641 8912 0.857383
144242.066 7641 8913 0.857287
144243.948 7642 8914 0.857303
144250.730 7643 8915 0.857319
144256.370 7644 8916 0.857335
144263.558 7645 8917 0.857351
144267.763 7645 8918 0.857255
144268.856 7646 8919 0.857271
144274.573 7647 8920 0.857287
144279.711 7648 8921 0.857303
144285.933 7649 8922 0.857319
144288.866 7650 8923 0.857335
144291.620 7651 8924 0.857351
144292.360 7652 8925 0.857367
144294.649 7653 8926 0.857383
144297.071 7653 8927 0.857287
144297.599 7654 8928 0.857303
144300.310 7655 8929 0.857319
144303.443 7656 8930 0.857335
144306.518 7657 8931 0.857351
144308.641 7658 8932 0.857367
144312.126 7659 8933 0.857383
144314.285 7660 8934 0.857399
144317.783 7661 8935 0.857415
144319.493 7662 8936 0.857431
144319.566 7663 8937 0.857447
144323.426 7664 8938 0.857463
144325.172 7665 8939 0.857478
144325.446 7665 8940 0.857383
144330.442 7665 8941 0.857287
144331.068 7666 8942 0.857303
144336.603 7667 8943 0.857319
144341.709 7668 8944 0.857335
144347.249 7669 8945 0.857350
144348.258 7670 8946 0.857366
144352.946 7671 8947 0.857382
144353.444 7671 8948 0.857287
144358.565 7672 8949 0.857302
144363.768 7673 8950 0.857318
144369.473 7674 8951 0.857334
144374.983 7675 8952 0.857350
144376.690 7676 8953 0.857366
144380.546 7677 8954 0.857382
144382.406 7678 8955 0.857398
144383.203 7679 8956 0.857414
144386.723 7680 8957 0.857430
144387.488 7681 8958 0.857446
144388.501 7681 8959 0.857350
144392.404 7682 8960 0.857366
144393.088 7683 8961 0.857382
144398.099 7684 8962 0.857398
144398.260 7685 8963 0.857414
144403.289 7686 8964 0.857430
144403.511 7686 8965 0.857334
144404.497 7687 8966 0.857350
144408.532 7688 8967 0.857366
144410.208 7689 8968 0.857382
144414.319 7690 8969 0.857398
144415.878 7691 8970 0.857414
144419.578 7692 8971 0.857429
144421.065 7693 8972 0.857445
144424.760 7694 8973 0.857461
144426.763 7695 8974 0.857477
144430.550 7696 8975 0.857493
144432.461 7696 8976 0.857398
144436.383 7697 8977 0.857413
144439.445 7698 8978 0.857429
144442.051 7699 8979 0.857445
144444.690 7700 8980 0.857461
144449.963 7700 8981 0.857366
144454.065 7701 8982 0.857381
144454.268 7702 8983 0.857397
144459.140 7703 8984 0.857413
144459.635 7704 8985 0.857429
144463.995 7705 8986 0.857445
144464.460 7706 8987 0.857461
144468.890 7707 8988 0.857477
144469.428 7708 8989 0.857492
144474.958 7708 8990 0.857397
144475.651 7709 8991 0.857413
144480.591 7710 8992 0.857429
144484.124 7711 8993 0.857445
144487.217 7712 8994 0.857461
144489.378 7713 8995 0.857476
144492.793 7714 8996 0.857492
144494.982 7715 8997 0.857508
144498.368 7716 8998 0.857524
144500.621 7717 8999 0.857540
144501.105 7718 9000 0.857556
144504.683 7718 9001 0.857460
144506.482 7719 9002 0.857476
144506.519 7720 9003 0.857492
144512.209 7721 9004 0.857508
144512.407 7722 9005 0.857524
144517.631 7723 9006 0.857539
144518.066 7724 9007 0.857555
144523.957 7725 9008 0.857571
144524.195 7726 9009 0.857587
144526.574 7727 9010 0.857603
144529.293 7728 9011 0.857618
144530.016 7728 9012 0.857523
144531.349 7729 9013 0.857539
144535.232 7730 9014 0.857555
144536.359 7731 9015 0.857571
144541.239 7732 9016 0.857587
144547.119 7732 9017 0.857491
144557.291 7733 9018 0.857507
144563.112 7734 9019 0.857523
144570.985 7734 9020 0.857428
144579.877 7734 9021 0.857333
144582.350 7735 9022 0.857349
144588.083 7736 9023 0.857365
144593.176 7737 9024 0.857380
144599.090 7738 9025 0.857396
144599.750 7739 9026 0.857412
144604.772 7740 9027 0.857428
144605.305 7741 9028 0.857444
144609.890 7742 9029 0.857459
144611.406 7743 9030 0.857475
144615.539 7744 9031 0.857491
144617.025 7745 9032 0.857507
144621.161 7745 9033 0.857412
144622.079 7746 9034 0.857427
144622.589 7747 9035 0.857443
144627.757 7748 9036 0.857459
144627.925 7749 9037 0.857475
144632.404 7749 9038 0.857380
144633.506 7750 9039 0.857396
144633.528 7751 9040 0.857412
144638.356 7752 9041 0.857427
144639.900 7753 9042 0.857443
144643.938 7754 9043 0.857459
144645.196 7755 9044 0.857475
144649.260 7756 9045 0.857490
144650.834 7757 9046 0.857506
144654.588 7758 9047 0.857522
144656.157 7759 9048 0.857538
144659.826 7759 9049 0.857443
144661.465 7760 9050 0.857459
144671.786 7760 9051 0.857364
144672.711 7761 9052 0.857380
144678.860 7761 9053 0.857285
144685.506 7762 9054 0.857301
144691.183 7763 9055 0.857316
144696.933 7764 9056 0.857332
144702.971 7765 9057 0.857348
144708.602 7766 9058 0.857364
144716.432 7767 9059 0.857379
144722.347 7767 9060 0.857285
144722.976 7768 9061 0.857301
144724.236 7769 9062 0.857316
144728.562 7770 9063 0.857332
144729.626 7771 9064 0.857348
144730.728 7771 9065 0.857253
144734.487 7772 9066 0.857269
144734.864 7773 9067 0.857285
144740.095 7773 9068 0.857190
144740.256 7774 9069 0.857206
144746.114 7775 9070 0.857222
144751.536 7776 9071 0.857237
144757.124 7777 9072 0.857253
144762.654 7778 9073 0.857269
144768.141 7779 9074 0.857285
144773.453 7780 9075 0.857300
144773.802 7781 9076 0.857316
144778.862 7782 9077 0.857332
144779.070 7782 9078 0.857237
144782.734 7783 9079 0.857253
144783.999 7784 9080 0.857269
144788.016 7785 9081 0.857284
144789.864 7786 9082 0.857300
144791.683 7787 9083 0.857316
144795.467 7788 9084 0.857332
144800.668 7789 9085 0.857347
144800.992 7790 9086 0.857363
144805.908 7791 9087 0.857379
144806.367 7792 9088 0.857394
144806.873 7792 9089 0.857300
144811.825 7793 9090 0.857316
144812.233 7794 9091 0.857331
144817.960 7794 9092 0.857237
144818.256 7795 9093 0.857253
144823.992 7796 9094 0.857269
144829.711 7797 9095 0.857284
144830.372 7798 9096 0.857300
144835.507 7799 9097 0.857316
144835.526 7800 9098 0.857331
144840.965 7801 9099 0.857347
144841.100 7802 9100 0.857363
144846.400 7803 9101 0.857378
144846.890 7804 9102 0.857394
144851.994 7805 9103 0.857410
144852.734 7806 9104 0.857425
144857.175 7807 9105 0.857441
144858.696 7808 9106 0.857457
144859.267 7809 9107 0.857472
144862.709 7810 9108 0.857488
144864.599 7811 9109 0.857504
144864.928 7812 9110 0.857519
144868.907 7813 9111 0.857535
144869.108 7814 9112 0.857550
144870.532 7815 9113 0.857566
144870.553 7816 9114 0.857582
144874.614 7816 9115 0.857488
144875.032 7817 9116 0.857503
144875.568 7818 9117 0.857519
144876.696 7819 9118 0.857535
144881.146 7820 9119 0.857550
144881.383 7821 9120 0.857566
144882.469 7821 9121 0.857472
144886.850 7822 9122 0.857487
144887.731 7823 9123 0.857503
144892.787 7823 9124 0.857409
144893.080 7824 9125 0.857425
144898.309 7825 9126 0.857440
144903.530 7826 9127 0.857456
144908.649 7827 9128 0.857472
144914.573 7827 9129 0.857378
144927.687 7827 9130 0.857284
144935.306 7828 9131 0.857299
144941.048 7829 9132 0.857315
144944.279 7830 9133 0.857331
144947.071 7831 9134 0.857346
144949.732 7832 9135 0.857362
144952.731 7833 9136 0.857377
144954.813 7833 9137 0.857284
144958.453 7834 9138 0.857299
144964.014 7835 9139 0.857315
144964.804 7836 9140 0.857330
144969.545 7837 9141 0.857346
144969.830 7838 9142 0.857362
144975.044 7839 9143 0.857377
144975.341 7840 9144 0.857393
144978.846 7841 9145 0.857408
144980.399 7842 9146 0.857424
144980.900 7843 9147 0.857440
144985.077 7844 9148 0.857455
144986.713 7844 9149 0.857361
144990.668 7844 9150 0.857268
145005.322 7845 9151 0.857283
145010.873 7845 9152 0.857190
145019.934 7845 9153 0.857096
145038.245 7846 9154 0.857112
145041.536 7847 9155 0.857127
145043.591 7848 9156 0.857143
145048.835 7849 9157 0.857158
145053.993 7849 9158 0.857065
145061.021 7850 9159 0.857080
145061.339 7851 9160 0.857096
145066.710 7852 9161 0.857112
145066.824 7853 9162 0.857127
145071.579 7854 9163 0.857143
145071.857 7854 9164 0.857049
145072.286 7854 9165 0.856956
145076.743 7855 9166 0.856971
145082.476 7856 9167 0.856987
145088.575 7856 9168 0.856894
145104.676 7857 9169 0.856909
145110.303 7858 9170 0.856925
145115.576 7859 9171 0.856940
145120.658 7860 9172 0.856956
145124.461 7860 9173 0.856863
145124.912 7861 9174 0.856878
145125.902 7862 9175 0.856894
145129.894 7862 9176 0.856800
145131.158 7863 9177 0.856816
145136.750 7863 9178 0.856723
145139.657 7864 9179 0.856738
145145.044 7865 9180 0.856754
145150.536 7866 9181 0.856769
145155.539 7867 9182 0.856785
145160.976 7868 9183 0.856801
145166.497 7869 9184 0.856816
145171.882 7870 9185 0.856832
145176.204 7871 9186 0.856847
145177.351 7872 9187 0.856863
145181.870 7873 9188 0.856879
145182.013 7873 9189 0.856785
145182.767 7874 9190 0.856801
145187.109 7875 9191 0.856816
145188.664 7875 9192 0.856723
145190.403 7876 9193 0.856739
145192.886 7877 9194 0.856754
145195.888 7878 9195 0.856770
145198.917 7879 9196 0.856786
145201.108 7880 9197 0.856801
145204.867 7881 9198 0.856817
145206.265 7882 9199 0.856832
145210.347 7883 9200 0.856848
145211.692 7884 9201 0.856863
145216.728 7885 9202 0.856879
145218.941 7886 9203 0.856894
145221.804 7887 9204 0.856910
145224.222 7887 9205 0.856817
145227.491 7887 9206 0.856724
145233.660 7888 9207 0.856739
145239.344 7889 9208 0.856755
145239.836 7890 9209 0.856771
145245.528 7890 9210 0.856678
145249.153 7890 9211 0.856585
145277.616 7891 9212 0.856600
145278.916 7892 9213 0.856616
145282.983 7893 9214 0.856631
145285.289 7894 9215 0.856647
145288.470 7895 9216 0.856662
145290.443 7896 9217 0.856678
145294.359 7897 9218 0.856693
145295.882 7898 9219 0.856709
145299.814 7899 9220 0.856725
145300.579 7900 9221 0.856740
145301.585 7901 9222 0.856756
145302.437 7902 9223 0.856771
145305.155 7902 9224 0.856678
145306.471 7903 9225 0.856694
145307.257 7904 9226 0.856709
145308.261 7905 9227 0.856725
145312.402 7906 9228 0.856740
145312.430 7907 9229 0.856756
145314.085 7908 9230 0.856771
145318.149 7909 9231 0.856787
145318.172 7910 9232 0.856802
145319.889 7910 9233 0.856710
145323.676 7911 9234 0.856725
145324.128 7912 9235 0.856741
145329.466 7913 9236 0.856756
145329.523 7914 9237 0.856772
145334.861 7914 9238 0.856679
145334.914 7915 9239 0.856694
145340.227 7916 9240 0.856710
145345.943 7917 9241 0.856725
145351.545 7918 9242 0.856741
145356.909 7918 9243 0.856648
145357.321 7919 9244 0.856664
145363.292 7920 9245 0.856679
145368.180 7921 9246 0.856695
145372.909 7922 9247 0.856710
145373.633 7923 9248 0.856726
145378.690 7924 9249 0.856741
145379.062 7925 9250 0.856757
145384.093 7926 9251 0.856772
145384.351 7927 9252 0.856788
145386.128 7928 9253 0.856803
145389.611 7928 9254 0.856711
145389.637 7929 9255 0.856726
145391.868 7930 9256 0.856742
145395.391 7931 9257 0.856757
145397.603 7932 9258 0.856773
145400.652 7933 9259 0.856788
145403.372 7934 9260 0.856803
145407.706 7935 9261 0.856819
145409.120 7935 9262 0.856726
145410.562 7936 9263 0.856742
145412.939 7937 9264 0.856757
145414.275 7938 9265 0.856773
145415.769 7939 9266 0.856788
145418.696 7940 9267 0.856804
145419.474 7941 9268 0.856819
145421.555 7942 9269 0.856835
145423.952 7943 9270 0.856850
145424.756 7944 9271 0.856865
145426.818 7945 9272 0.856881
145429.311 7946 9273 0.856896
145430.055 7946 9274 0.856804
145432.535 7947 9275 0.856819
145435.420 7948 9276 0.856835
145438.339 7948 9277 0.856742
145440.982 7949 9278 0.856758
145441.123 7950 9279 0.856773
145446.086 7951 9280 0.856789
145446.737 7952 9281 0.856804
145453.019 7952 9282 0.856712
145455.522 7953 9283 0.856727
145461.272 7954 9284 0.856743
145466.788 7955 9285 0.856758
145472.033 7956 9286 0.856774
145477.328 7957 9287 0.856789
145482.879 7958 9288 0.856804
145482.972 7959 9289 0.856820
145488.081 7959 9290 0.856728
145488.619 7959 9291 0.856635
145489.094 7960 9292 0.856651
145493.272 7961 9293 0.856666
145494.612 7962 9294 0.856682
145500.269 7963 9295 0.856697
145504.999 7963 9296 0.856605
145506.472 7964 9297 0.856620
145512.186 7965 9298 0.856636
145512.242 7966 9299 0.856651
145517.932 7967 9300 0.856667
145517.998 7967 9301 0.856575
145523.588 7968 9302 0.856590
145529.667 7969 9303 0.856605
145534.902 7970 9304 0.856621
145540.410 7971 9305 0.856636
145540.728 7972 9306 0.856652
145546.522 7973 9307 0.856667
145546.527 7974 9308 0.856682
145551.854 7975 9309 0.856698
145552.555 7976 9310 0.856713
145555.399 7977 9311 0.856729
145557.658 7977 9312 0.856637
145558.286 7978 9313 0.856652
145560.845 7979 9314 0.856667
145564.136 7980 9315 0.856683
145566.350 7981 9316 0.856698
145570.116 7982 9317 0.856714
145570.273 7983 9318 0.856729
145572.118 7984 9319 0.856744
145575.958 7985 9320 0.856760
145576.143 7986 9321 0.856775
145581.181 7987 9322 0.856790
145582.297 7988 9323 0.856806
145586.995 7989 9324 0.856821
145587.952 7990 9325 0.856836
145592.670 7991 9326 0.856852
145593.158 7992 9327 0.856867
145593.597 7993 9328 0.856883
145598.509 7994 9329 0.856898
145598.713 7995 9330 0.856913
145599.397 7996 9331 0.856929
145604.206 7997 9332 0.856944
145604.234 7998 9333 0.856959
145604.659 7999 9334 0.856975
145609.582 7999 9335 0.856883
145609.877 8000 9336 0.856898
145610.069 8001 9337 0.856913
145610.477 8001 9338 0.856822
145615.406 8002 9339 0.856837
145615.980 8003 9340 0.856852
145620.453 8004 9341 0.856868
145621.823 8005 9342 0.856883
145626.118 8006 9343 0.856898
145627.702 8007 9344 0.856914
145633.486 8008 9345 0.856929
145634.000 8009 9346 0.856944
145638.799 8010 9347 0.856959
145639.020 8011 9348 0.856975
145644.591 8012 9349 0.856990
145644.689 8013 9350 0.857005
145649.723 8014 9351 0.857021
145650.005 8015 9352 0.857036
145654.949 8015 9353 0.856944
145656.231 8016 9354 0.856960
145661.441 8017 9355 0.856975
145661.526 8018 9356 0.856990
145662.461 8018 9357 0.856899
145667.088 8019 9358 0.856914
145672.668 8020 9359 0.856929
145677.821 8021 9360 0.856944
145680.560 8022 9361 0.856960
145683.416 8023 9362 0.856975
145686.372 8024 9363 0.856990
145689.111 8025 9364 0.857006
145692.371 8026 9365 0.857021
145695.155 8027 9366 0.857036
145697.779 8028 9367 0.857051
145700.401 8029 9368 0.857067
145704.072 8030 9369 0.857082
145705.610 8031 9370 0.857097
145706.798 8032 9371 0.857112
145710.429 8033 9372 0.857128
145711.012 8034 9373 0.857143
145711.993 8035 9374 0.857158
145713.460 8035 9375 0.857067
145715.593 8036 9376 0.857082
145716.836 8037 9377 0.857097
145718.113 8038 9378 0.857112
145723.411 8039 9379 0.857128
145729.145 8040 9380 0.857143
145735.332 8041 9381 0.857158
145739.422 8042 9382 0.857173
145739.558 8043 9383 0.857189
145741.123 8043 9384 0.857097
145744.908 8044 9385 0.857112
145745.025 8045 9386 0.857128
145750.064 8045 9387 0.857036
145750.690 8046 9388 0.857052
145756.909 8047 9389 0.857067
145762.312 8047 9390 0.856976
145765.379 8048 9391 0.856991
145770.504 8049 9392 0.857006
145775.915 8050 9393 0.857021
145781.313 8050 9394 0.856930
145791.521 8051 9395 0.856945
145796.817 8052 9396 0.856960
145801.816 8053 9397 0.856976
145802.051 8054 9398 0.856991
145807.028 8055 9399 0.857006
145807.415 8056 9400 0.857021
145812.175 8057 9401 0.857036
145813.057 8058 9402 0.857052
145813.934 8059 9403 0.857067
145817.339 8060 9404 0.857082
145818.720 8060 9405 0.856991
145819.758 8061 9406 0.857006
145822.770 8062 9407 0.857021
145824.819 8063 9408 0.857037
145828.050 8063 9409 0.856945
145830.920 8064 9410 0.856961
145832.411 8065 9411 0.856976
145836.506 8066 9412 0.856991
145837.917 8067 9413 0.857006
145842.389 8068 9414 0.857021
145842.978 8069 9415 0.857037
145848.080 8070 9416 0.857052
145853.388 8071 9417 0.857067
145859.000 8072 9418 0.857082
145864.610 8073 9419 0.857097
145869.352 8074 9420 0.857113
145869.622 8075 9421 0.857128
145873.095 8076 9422 0.857143
145874.514 8076 9423 0.857052
145875.675 8077 9424 0.857067
145878.673 8077 9425 0.856976
145879.595 8078 9426 0.856991
145880.797 8078 9427 0.856900
145885.331 8079 9428 0.856916
145891.425 8080 9429 0.856931
145897.026 8081 9430 0.856946
145902.603 8082 9431 0.856961
145908.254 8083 9432 0.856976
145913.441 8084 9433 0.856991
145919.088 8085 9434 0.857007
145924.658 8086 9435 0.857022
145926.521 8087 9436 0.857037
145930.080 8088 9437 0.857052
145931.576 8089 9438 0.857067
145932.189 8090 9439 0.857082
145935.564 8091 9440 0.857097
145935.956 8092 9441 0.857113
145936.960 8093 9442 0.857128
145937.654 8094 9443 0.857143
145940.841 8095 9444 0.857158
145941.548 8096 9445 0.857173
145942.704 8097 9446 0.857188
145946.143 8097 9447 0.857097
145946.588 8098 9448 0.857113
145947.945 8099 9449 0.857128
145948.643 8100 9450 0.857143
145952.146 8101 9451 0.857158
145954.312 8101 9452 0.857067
145954.653 8102 9453 0.857082
145958.098 8103 9454 0.857098
145959.768 8104 9455 0.857113
145963.666 8105 9456 0.857128
145965.890 8105 9457 0.857037
145969.214 8106 9458 0.857052
145974.381 8107 9459 0.857067
145979.310 8108 9460 0.857082
145992.048 8109 9461 0.857098
145997.435 8110 9462 0.857113
145998.135 8111 9463 0.857128
146003.013 8112 9464 0.857143
146003.454 8113 9465 0.857158
146005.920 8114 9466 0.857173
146008.115 8115 9467 0.857188
146009.347 8116 9468 0.857203
146011.085 8117 9469 0.857218
146013.287 8118 9470 0.857233
146017.474 8119 9471 0.857248
146018.490 8120 9472 0.857264
146019.035 8121 9473 0.857279
146023.038 8121 9474 0.857188
146024.238 8122 9475 0.857203
146024.700 8123 9476 0.857218
146029.764 8124 9477 0.857233
146035.198 8125 9478 0.857248
146035.479 8126 9479 0.857263
146040.593 8127 9480 0.857278
146040.909 8128 9481 0.857294
146046.089 8129 9482 0.857309
146046.191 8130 9483 0.857324
146051.300 8131 9484 0.857339
146051.807 8132 9485 0.857354
146056.854 8133 9486 0.857369
146057.529 8134 9487 0.857384
146061.563 8134 9488 0.857293
146062.322 8135 9489 0.857308
146063.721 8136 9490 0.857323
146067.601 8137 9491 0.857339
146069.625 8137 9492 0.857248
146073.257 8137 9493 0.857158
146073.468 8138 9494 0.857173
146079.246 8139 9495 0.857188
146085.011 8140 9496 0.857203
146090.707 8141 9497 0.857218
146096.381 8142 9498 0.857233
146102.028 8143 9499 0.857248
146107.937 8144 9500 0.857263
146113.937 8145 9501 0.857278
146115.408 8146 9502 0.857293
146119.723 8147 9503 0.857308
146121.199 8148 9504 0.857323
146123.304 8149 9505 0.857338
146125.090 8150 9506 0.857353
146125.128 8151 9507 0.857368
146126.405 8151 9508 0.857278
146130.859 8151 9509 0.857188
146130.868 8152 9510 0.857203
146131.505 8153 9511 0.857218
146136.454 8154 9512 0.857233
146137.351 8155 9513 0.857248
146142.331 8156 9514 0.857263
146143.575 8156 9515 0.857173
146148.240 8157 9516 0.857188
146153.750 8158 9517 0.857203
146158.824 8159 9518 0.857218
146164.604 8160 9519 0.857233
146169.802 8161 9520 0.857248
146178.029 8162 9521 0.857263
146183.082 8163 9522 0.857278
146184.297 8163 9523 0.857188
146184.651 8164 9524 0.857203
146188.139 8165 9525 0.857218
146190.378 8166 9526 0.857233
146193.706 8167 9527 0.857248
146195.530 8168 9528 0.857263
146195.986 8169 9529 0.857278
146198.640 8170 9530 0.857293
146201.066 8171 9531 0.857308
146201.243 8172 9532 0.857323
146204.590 8173 9533 0.857338
146206.484 8174 9534 0.857353
146206.661 8175 9535 0.857368
146209.695 8176 9536 0.857383
146211.909 8177 9537 0.857398
146212.148 8177 9538 0.857308
146214.895 8178 9539 0.857323
146217.574 8179 9540 0.857338
146220.451 8180 9541 0.857352
146223.077 8180 9542 0.857263
146225.450 8180 9543 0.857173
146234.744 8180 9544 0.857083
146262.781 8181 9545 0.857098
146268.424 8182 9546 0.857113
146273.975 8183 9547 0.857128
146274.384 8184 9548 0.857143
146278.673 8185 9549 0.857158
146279.705 8186 9550 0.857173
146280.036 8187 9551 0.857188
146285.360 8188 9552 0.857203
146285.642 8189 9553 0.857218
146286.224 8190 9554 0.857233
146287.608 8191 9555 0.857248
146290.976 8192 9556 0.857262
146291.002 8193 9557 0.857277
146291.354 8194 9558 0.857292
146293.241 8195 9559 0.857307
146296.482 8195 9560 0.857218
146296.642 8196 9561 0.857233
146297.110 8197 9562 0.857247
146298.830 8198 9563 0.857262
146302.300 8199 9564 0.857277
146303.542 8200 9565 0.857292
146304.432 8201 9566 0.857307
146307.999 8202 9567 0.857322
146309.302 8202 9568 0.857232
146310.030 8202 9569 0.857143
146313.683 8202 9570 0.857053
146348.044 8203 9571 0.857068
146353.793 8203 9572 0.856979
146360.700 8204 9573 0.856994
146361.111 8205 9574 0.857009
146365.628 8206 9575 0.857023
146366.801 8207 9576 0.857038
146367.224 8208 9577 0.857053
146370.778 8208 9578 0.856964
146372.529 8209 9579 0.856979
146372.932 8210 9580 0.856994
146378.077 8210 9581 0.856904
146378.263 8211 9582 0.856919
146383.971 8211 9583 0.856830
146405.344 8212 9584 0.856845
146410.521 8213 9585 0.856860
146416.241 8214 9586 0.856875
146422.036 8215 9587 0.856890
146422.640 8216 9588 0.856904
146427.294 8217 9589 0.856919
146427.648 8218 9590 0.856934
146430.455 8219 9591 0.856949
146432.989 8220 9592 0.856964
146433.244 8221 9593 0.856979
146435.736 8222 9594 0.856994
146436.792 8223 9595 0.857009
146439.568 8224 9596 0.857024
146439.639 8225 9597 0.857039
146441.077 8226 9598 0.857054
146442.600 8227 9599 0.857068
146444.935 8228 9600 0.857083
146445.352 8229 9601 0.857098
146446.788 8230 9602 0.857113
146448.493 8231 9603 0.857128
146450.706 8232 9604 0.857143
146450.817 8233 9605 0.857158
146452.621 8234 9606 0.857173
146454.306 8235 9607 0.857187
146456.078 8235 9608 0.857098
146456.936 8236 9609 0.857113
146458.343 8237 9610 0.857128
146459.422 8238 9611 0.857143
146462.005 8239 9612 0.857158
146463.545 8240 9613 0.857173
146464.522 8241 9614 0.857187
146467.217 8241 9615 0.857098
146468.944 8242 9616 0.857113
146470.308 8243 9617 0.857128
146474.279 8244 9618 0.857143
146475.488 8245 9619 0.857158
146479.830 8246 9620 0.857173
146481.511 8247 9621 0.857187
146485.565 8248 9622 0.857202
146486.745 8249 9623 0.857217
146491.940 8250 9624 0.857232
146492.066 8251 9625 0.857247
146497.324 8252 9626 0.857262
146502.625 8253 9627 0.857276
146508.341 8254 9628 0.857291
146508.350 8255 9629 0.857306
146513.750 8256 9630 0.857321
146514.109 8257 9631 0.857336
146519.119 8258 9632 0.857350
146519.884 8259 9633 0.857365
146519.974 8260 9634 0.857380
146523.697 8261 9635 0.857395
146524.745 8262 9636 0.857410
146525.045 8263 9637 0.857425
146526.288 8264 9638 0.857439
146529.873 8265 9639 0.857454
146530.038 8266 9640 0.857469
146531.147 8267 9641 0.857484
146532.244 8268 9642 0.857498
146535.941 8268 9643 0.857410
146536.399 8269 9644 0.857424
146538.080 8270 9645 0.857439
146541.988 8271 9646 0.857454
146544.027 8272 9647 0.857469
146548.340 8273 9648 0.857483
146549.329 8274 9649 0.857498
146554.385 8274 9650 0.857409
146555.212 8275 9651 0.857424
146560.701 8276 9652 0.857439
146561.679 8276 9653 0.857350
146566.602 8277 9654 0.857365
146572.753 8278 9655 0.857380
146578.416 8279 9656 0.857394
146584.032 8279 9657 0.857306
146587.543 8280 9658 0.857320
146601.157 8280 9659 0.857232
146606.882 8281 9660 0.857246
146611.913 8282 9661 0.857261
146613.002 8283 9662 0.857276
146619.107 8284 9663 0.857291
146624.961 8285 9664 0.857305
146625.240 8285 9665 0.857217
146630.833 8286 9666 0.857232
146635.565 8287 9667 0.857246
146635.768 8287 9668 0.857158
146641.252 8288 9669 0.857172
146646.442 8289 9670 0.857187
146651.596 8289 9671 0.857099
146653.800 8290 9672 0.857113
146659.473 8291 9673 0.857128
146664.680 8292 9674 0.857143
146670.436 8293 9675 0.857158
146675.687 8294 9676 0.857172
146676.473 8295 9677 0.857187
146680.918 8296 9678 0.857202
146683.134 8296 9679 0.857113
146686.316 8297 9680 0.857128
146687.801 8298 9681 0.857143
146692.556 8299 9682 0.857158
146693.519 8300 9683 0.857172
146698.640 8301 9684 0.857187
146698.940 8302 9685 0.857202
146704.253 8303 9686 0.857217
146704.429 8304 9687 0.857231
146707.537 8305 9688 0.857246
146709.459 8305 9689 0.857158
146710.025 8306 9690 0.857172
146712.807 8307 9691 0.857187
146715.638 8308 9692 0.857202
146718.631 8309 9693 0.857217
146721.109 8310 9694 0.857231
146724.414 8311 9695 0.857246
146726.778 8312 9696 0.857261
146729.648 8313 9697 0.857275
146732.429 8314 9698 0.857290
146734.882 8315 9699 0.857305
146736.806 8316 9700 0.857320
146738.195 8317 9701 0.857334
146742.515 8318 9702 0.857349
146743.365 8319 9703 0.857364
146749.010 8320 9704 0.857378
146750.297 8321 9705 0.857393
146754.540 8322 9706 0.857408
146755.375 8322 9707 0.857319
146760.411 8323 9708 0.857334
146762.197 8324 9709 0.857349
146766.141 8325 9710 0.857364
146767.391 8326 9711 0.857378
146767.993 8327 9712 0.857393
146772.221 8328 9713 0.857408
146772.881 8329 9714 0.857422
146774.532 8330 9715 0.857437
146778.001 8330 9716 0.857349
146778.929 8331 9717 0.857363
146780.230 8332 9718 0.857378
146783.738 8333 9719 0.857393
146784.152 8334 9720 0.857407
146786.012 8334 9721 0.857319
146788.716 8335 9722 0.857334
146789.382 8336 9723 0.857349
146793.989 8337 9724 0.857363
146794.821 8338 9725 0.857378
146799.697 8339 9726 0.857393
146800.569 8340 9727 0.857407
146805.317 8341 9728 0.857422
146805.906 8342 9729 0.857437
146806.687 8343 9730 0.857451
146811.683 8344 9731 0.857466
146811.702 8344 9732 0.857378
146817.385 8345 9733 0.857392
146823.175 8346 9734 0.857407
146828.938 8347 9735 0.857422
146834.764 8348 9736 0.857436
146836.798 8349 9737 0.857451
146840.514 8350 9738 0.857466
146842.698 8351 9739 0.857480
146846.342 8352 9740 0.857495
146848.613 8353 9741 0.857509
146852.001 8354 9742 0.857524
146853.830 8355 9743 0.857539
146854.796 8356 9744 0.857553
146857.625 8357 9745 0.857568
146859.132 8358 9746 0.857583
146860.528 8359 9747 0.857597
146863.127 8360 9748 0.857612
146863.298 8361 9749 0.857626
146864.789 8361 9750 0.857538
146865.992 8362 9751 0.857553
146868.735 8363 9752 0.857568
146870.321 8364 9753 0.857582
146871.719 8364 9754 0.857494
146874.168 8365 9755 0.857509
146876.074 8366 9756 0.857524
146879.392 8367 9757 0.857538
146882.301 8368 9758 0.857553
146885.045 8368 9759 0.857465
146888.087 8369 9760 0.857480
146893.825 8370 9761 0.857494
146899.030 8371 9762 0.857509
146904.369 8372 9763 0.857523
146909.958 8373 9764 0.857538
146916.462 8374 9765 0.857552
146916.516 8375 9766 0.857567
146922.237 8376 9767 0.857582
146922.334 8377 9768 0.857596
146925.650 8378 9769 0.857611
146927.488 8379 9770 0.857625
146927.906 8380 9771 0.857640
146932.712 8381 9772 0.857655
146933.572 8382 9773 0.857669
146937.575 8383 9774 0.857684
146939.052 8384 9775 0.857698
146939.402 8385 9776 0.857713
146942.909 8386 9777 0.857727
146944.482 8387 9778 0.857742
146945.253 8388 9779 0.857756
146948.265 8389 9780 0.857771
146949.895 8390 9781 0.857786
146951.023 8390 9782 0.857698
146953.923 8391 9783 0.857712
146959.348 8392 9784 0.857727
146959.435 8393 9785 0.857741
146966.000 8393 9786 0.857654
146966.668 8394 9787 0.857668
146967.898 8395 9788 0.857683
146972.407 8396 9789 0.857697
146973.718 8397 9790 0.857712
146978.296 8398 9791 0.857726
146979.513 8399 9792 0.857741
146983.638 8400 9793 0.857756
146985.583 8401 9794 0.857770
146989.606 8402 9795 0.857785
146995.193 8403 9796 0.857799
147001.153 8404 9797 0.857814
147004.623 8405 9798 0.857828
147007.054 8406 9799 0.857843
147011.023 8407 9800 0.857857
147013.393 8408 9801 0.857872
147016.571 8409 9802 0.857886
147017.193 8410 9803 0.857901
147019.264 8410 9804 0.857813
147021.912 8411 9805 0.857828
147022.906 8412 9806 0.857842
147027.687 8413 9807 0.857857
147028.575 8414 9808 0.857871
147034.263 8415 9809 0.857886
147035.931 8416 9810 0.857900
147038.908 8417 9811 0.857915
147040.359 8418 9812 0.857929
147041.546 8418 9813 0.857842
147044.905 8419 9814 0.857856
147046.019 8419 9815 0.857769
147050.191 8420 9816 0.857783
147055.513 8421 9817 0.857798
147061.550 8421 9818 0.857710
147071.447 8422 9819 0.857725
147076.573 8423 9820 0.857739
147082.765 8424 9821 0.857754
147088.463 8425 9822 0.857768
147093.643 8426 9823 0.857783
147093.949 8427 9824 0.857797
147097.308 8428 9825 0.857812
147099.324 8429 9826 0.857826
147099.688 8430 9827 0.857841
147103.022 8431 9828 0.857855
147104.614 8432 9829 0.857870
147105.321 8433 9830 0.857884
147109.661 8434 9831 0.857898
147110.340 8435 9832 0.857913
147111.566 8436 9833 0.857927
147111.890 8437 9834 0.857942
147115.938 8438 9835 0.857956
147116.081 8439 9836 0.857971
147116.738 8440 9837 0.857985
147117.050 8441 9838 0.858000
147121.293 8442 9839 0.858014
147121.800 8443 9840 0.858028
147122.875 8444 9841 0.858043
147122.907 8444 9842 0.857956
147127.019 8445 9843 0.857970
147127.127 8446 9844 0.857985
147128.578 8446 9845 0.857897
147132.427 8447 9846 0.857912
147132.560 8448 9847 0.857926
147137.671 8449 9848 0.857941
147138.230 8450 9849 0.857955
147143.488 8451 9850 0.857970
147143.597 8452 9851 0.857984
147148.634 8453 9852 0.857998
147149.289 8454 9853 0.858013
147153.670 8455 9854 0.858027
147155.010 8456 9855 0.858042
147158.844 8457 9856 0.858056
147160.734 8458 9857 0.858070
147163.977 8459 9858 0.858085
147166.471 8460 9859 0.858099
147169.493 8461 9860 0.858114
147171.778 8462 9861 0.858128
147174.120 8463 9862 0.858142
147174.492 8464 9863 0.858157
147177.693 8465 9864 0.858171
147179.659 8466 9865 0.858186
147180.010 8467 9866 0.858200
147180.171 8468 9867 0.858214
147182.944 8469 9868 0.858229
147185.221 8470 9869 0.858243
147185.823 8470 9870 0.858156
147185.971 8470 9871 0.858069
147188.685 8471 9872 0.858083
147190.975 8472 9873 0.858098
147194.484 8473 9874 0.858112
147196.621 8473 9875 0.858025
147199.640 8474 9876 0.858040
147205.977 8475 9877 0.858054
147211.421 8476 9878 0.858068
147217.132 8477 9879 0.858083
147223.097 8478 9880 0.858097
147229.117 8479 9881 0.858112
147234.836 8480 9882 0.858126
147237.689 8481 9883 0.858140
147237.841 8482 9884 0.858155
147240.569 8483 9885 0.858169
147242.852 8484 9886 0.858183
147243.301 8484 9887 0.858096
147246.903 8485 9888 0.858111
147248.391 8486 9889 0.858125
147248.560 8487 9890 0.858140
147252.639 8488 9891 0.858154
147254.172 8489 9892 0.858168
147254.735 8490 9893 0.858183
147258.518 8490 9894 0.858096
147259.810 8491 9895 0.858110
147260.080 8492 9896 0.858124
147264.365 8493 9897 0.858139
147265.364 8494 9898 0.858153
147266.540 8495 9899 0.858167
147270.493 8496 9900 0.858182
147271.072 8497 9901 0.858196
147271.708 8498 9902 0.858210
147275.651 8498 9903 0.858124
147276.787 8499 9904 0.858138
147277.427 8500 9905 0.858152
147282.657 8500 9906 0.858066
147283.375 8501 9907 0.858080
147289.846 8502 9908 0.858094
147294.220 8503 9909 0.858109
147295.721 8504 9910 0.858123
147299.715 8505 9911 0.858137
147300.913 8506 9912 0.858152
147305.370 8506 9913 0.858065
147306.665 8507 9914 0.858079
147312.461 8508 9915 0.858094
147318.209 8509 9916 0.858108
147324.043 8510 9917 0.858122
147327.909 8511 9918 0.858137
147329.724 8511 9919 0.858050
147333.355 8512 9920 0.858065
147333.841 8513 9921 0.858079
147339.258 8513 9922 0.857992
147339.724 8514 9923 0.858007
147344.934 8515 9924 0.858021
147350.187 8516 9925 0.858035
147355.854 8517 9926 0.858050
147357.542 8517 9927 0.857963
147361.139 8518 9928 0.857977
147367.086 8519 9929 0.857992
147372.378 8520 9930 0.858006
147378.088 8521 9931 0.858020
147381.535 8521 9932 0.857934
147385.611 8521 9933 0.857848
147389.811 8522 9934 0.857862
147395.525 8523 9935 0.857876
147401.343 8524 9936 0.857890
147406.621 8524 9937 0.857804
147409.897 8525 9938 0.857818
147415.538 8525 9939 0.857732
147433.017 8526 9940 0.857746
147436.783 8527 9941 0.857761
147438.853 8528 9942 0.857775
147442.385 8529 9943 0.857789
147444.672 8530 9944 0.857804
147448.518 8531 9945 0.857818
147450.486 8532 9946 0.857832
147454.186 8532 9947 0.857746
147456.323 8532 9948 0.857660
147458.611 8533 9949 0.857674
147464.072 8533 9950 0.857588
147469.080 8534 9951 0.857602
147474.600 8535 9952 0.857617
147479.687 8536 9953 0.857631
147484.966 8536 9954 0.857545
147506.835 8537 9955 0.857559
147507.743 8538 9956 0.857573
147511.902 8539 9957 0.857588
147513.018 8540 9958 0.857602
147516.476 8541 9959 0.857616
147517.178 8542 9960 0.857631
147518.306 8542 9961 0.857544
147522.119 8542 9962 0.857458
147522.918 8542 9963 0.857372
147536.392 8543 9964 0.857387
147541.904 8544 9965 0.857401
147547.653 8545 9966 0.857415
147552.844 8545 9967 0.857329
147568.806 8546 9968 0.857343
147573.581 8547 9969 0.857358
147573.982 8548 9970 0.857372
147576.609 8548 9971 0.857286
147579.288 8548 9972 0.857200
147581.957 8549 9973 0.857214
147587.310 8550 9974 0.857229
147593.431 8551 9975 0.857243
147604.841 8552 9976 0.857257
147609.978 8552 9977 0.857171
147620.969 8553 9978 0.857186
147626.083 8554 9979 0.857200
147628.699 8555 9980 0.857214
147631.224 8556 9981 0.857229
147631.513 8557 9982 0.857243
147634.481 8558 9983 0.857257
147636.606 8559 9984 0.857272
147637.259 8560 9985 0.857286
147640.148 8561 9986 0.857300
147642.963 8562 9987 0.857315
147645.947 8563 9988 0.857329
147648.714 8563 9989 0.857243
147651.544 8564 9990 0.857257
147657.118 8565 9991 0.857272
147663.030 8566 9992 0.857286
147663.112 8567 9993 0.857300
147668.555 8568 9994 0.857314
147668.716 8569 9995 0.857329
147673.625 8570 9996 0.857343
147674.655 8571 9997 0.857357
147679.302 8572 9998 0.857371
147680.356 8572 9999 0.857286
147684.533 8573 10000 0.857300
147693.213 8574 10001 0.857314
147696.015 8575 10002 0.857329
147698.543 8576 10003 0.857343
147701.036 8577 10004 0.857357
147701.121 8578 10005 0.857371
147704.618 8579 10006 0.857386
147706.668 8579 10007 0.857300
147707.504 8580 10008 0.857314
147713.170 8581 10009 0.857328
147718.370 8582 10010 0.857343
147718.756 8583 10011 0.857357
147723.540 8584 10012 0.857371
147724.335 8584 10013 0.857286
147729.116 8585 10014 0.857300
147733.470 8586 10015 0.857314
147734.898 8587 10016 0.857328
147739.078 8588 10017 0.857343
147740.137 8589 10018 0.857357
147744.770 8590 10019 0.857371
147745.812 8591 10020 0.857385
147749.968 8592 10021 0.857399
147753.989 8592 10022 0.857314
147755.738 8593 10023 0.857328
147758.916 8594 10024 0.857342
147761.612 8595 10025 0.857357
147764.460 8596 10026 0.857371
147767.116 8597 10027 0.857385
147770.068 8598 10028 0.857399
147773.027 8599 10029 0.857414
147775.884 8600 10030 0.857428
147776.665 8601 10031 0.857442
147779.488 8602 10032 0.857456
147781.714 8603 10033 0.857470
147782.400 8603 10034 0.857385
147784.701 8604 10035 0.857399
147786.986 8605 10036 0.857413
147790.538 8606 10037 0.857428
147792.836 8606 10038 0.857342
147796.299 8607 10039 0.857356
147802.398 8608 10040 0.857371
147806.006 8609 10041 0.857385
147808.197 8609 10042 0.857299
147812.057 8610 10043 0.857314
147817.380 8611 10044 0.857328
147823.099 8612 10045 0.857342
147828.384 8613 10046 0.857356
147834.266 8614 10047 0.857370
147834.747 8615 10048 0.857385
147839.513 8616 10049 0.857399
147840.769 8617 10050 0.857413
147844.440 8618 10051 0.857427
147844.898 8618 10052 0.857342
147846.596 8619 10053 0.857356
147849.833 8620 10054 0.857370
147852.971 8621 10055 0.857384
147855.713 8622 10056 0.857399
147858.226 8623 10057 0.857413
147859.488 8624 10058 0.857427
147861.628 8625 10059 0.857441
147865.303 8626 10060 0.857455
147867.896 8627 10061 0.857469
147868.017 8628 10062 0.857484
147870.703 8629 10063 0.857498
147873.664 8630 10064 0.857512
147873.812 8631 10065 0.857526
147876.476 8632 10066 0.857540
147878.878 8633 10067 0.857554
147878.909 8634 10068 0.857569
147882.188 8635 10069 0.857583
147884.492 8636 10070 0.857597
147884.862 8637 10071 0.857611
147887.971 8638 10072 0.857625
147889.609 8638 10073 0.857540
147890.562 8639 10074 0.857554
147893.267 8640 10075 0.857568
147896.101 8641 10076 0.857582
147896.731 8642 10077 0.857597
147898.497 8643 10078 0.857611
147901.617 8644 10079 0.857625
147902.115 8644 10080 0.857540
147904.356 8645 10081 0.857554
147909.672 8646 10082 0.857568
147909.726 8647 10083 0.857582
147915.321 8648 10084 0.857596
147921.050 8649 10085 0.857610
147926.732 8649 10086 0.857525
147928.242 8650 10087 0.857539
147933.602 8651 10088 0.857554
147939.094 8652 10089 0.857568
147940.839 8653 10090 0.857582
147945.197 8654 10091 0.857596
147946.064 8655 10092 0.857610
147950.739 8656 10093 0.857624
147952.590 8657 10094 0.857638
147954.596 8658 10095 0.857652
147960.420 8659 10096 0.857666
147963.032 8660 10097 0.857680
147965.624 8661 10098 0.857695
147968.185 8662 10099 0.857709
147971.383 8663 10100 0.857723
147972.288 8664 10101 0.857737
147973.947 8665 10102 0.857751
147978.467 8666 10103 0.857765
147979.530 8667 10104 0.857779
147983.792 8667 10105 0.857694
147984.632 8668 10106 0.857708
147984.660 8669 10107 0.857722
147985.057 8670 10108 0.857736
147990.565 8671 10109 0.857751
147990.773 8671 10110 0.857666
147996.372 8672 10111 0.857680
147998.644 8673 10112 0.857694
148002.164 8674 10113 0.857708
148004.518 8675 10114 0.857722
148007.883 8676 10115 0.857736
148009.647 8677 10116 0.857750
148013.672 8678 10117 0.857764
148015.446 8679 10118 0.857778
148019.544 8680 10119 0.857792
148021.148 8681 10120 0.857806
148025.791 8682 10121 0.857820
148026.359 8683 10122 0.857834
148031.019 8684 10123 0.857848
148031.983 8685 10124 0.857863
148035.511 8686 10125 0.857877
148036.127 8687 10126 0.857891
148037.647 8688 10127 0.857905
148040.582 8689 10128 0.857919
148042.247 8690 10129 0.857933
148042.519 8691 10130 0.857947
148043.985 8692 10131 0.857961
148046.301 8693 10132 0.857975
148048.056 8694 10133 0.857989
148048.192 8695 10134 0.858003
148049.698 8696 10135 0.858017
148051.525 8696 10136 0.857932
148054.004 8697 10137 0.857946
148054.060 8698 10138 0.857960
148054.801 8699 10139 0.857974
148059.431 8700 10140 0.857988
148059.451 8700 10141 0.857904
148060.357 8701 10142 0.857918
148064.698 8702 10143 0.857932
148066.012 8703 10144 0.857946
148070.818 8704 10145 0.857960
148071.757 8705 10146 0.857974
148076.065 8706 10147 0.857988
148077.008 8707 10148 0.858002
148081.524 8708 10149 0.858016
148083.077 8709 10150 0.858030
148087.188 8710 10151 0.858044
148088.148 8711 10152 0.858058
148092.910 8712 10153 0.858072
148093.690 8713 10154 0.858085
148098.292 8714 10155 0.858099
148103.036 8715 10156 0.858113
148104.012 8716 10157 0.858127
148108.750 8717 10158 0.858141
148109.562 8718 10159 0.858155
148112.269 8719 10160 0.858169
148114.534 8720 10161 0.858183
148117.534 8721 10162 0.858197
148118.094 8722 10163 0.858211
148120.185 8722 10164 0.858127
148123.489 8723 10165 0.858141
148123.889 8724 10166 0.858155
148128.713 8725 10167 0.858169
148129.082 8726 10168 0.858183
148134.346 8727 10169 0.858196
148134.432 8728 10170 0.858210
148139.477 8729 10171 0.858224
148139.750 8730 10172 0.858238
148144.564 8731 10173 0.858252
148145.589 8732 10174 0.858266
148146.213 8733 10175 0.858280
148150.272 8734 10176 0.858294
148151.607 8735 10177 0.858308
148152.208 8736 10178 0.858322
148155.982 8736 10179 0.858238
148157.348 8737 10180 0.858251
148157.563 8738 10181 0.858265
148163.384 8739 10182 0.858279
148163.386 8740 10183 0.858293
148169.548 8741 10184 0.858307
148172.980 8742 10185 0.858321
148175.252 8743 10186 0.858335
148178.277 8744 10187 0.858349
148179.706 8745 10188 0.858363
148181.120 8746 10189 0.858377
148183.597 8747 10190 0.858391
148185.487 8747 10191 0.858306
148187.053 8748 10192 0.858320
148189.273 8749 10193 0.858334
148192.406 8750 10194 0.858348
148195.016 8751 10195 0.858362
148198.095 8752 10196 0.858376
148201.157 8752 10197 0.858292
148203.761 8753 10198 0.858306
148208.347 8754 10199 0.858319
148209.580 8755 10200 0.858333
148214.070 8756 10201 0.858347
148214.961 8757 10202 0.858361
148219.864 8758 10203 0.858375
148220.370 8759 10204 0.858389
148225.795 8760 10205 0.858403
148226.154 8761 10206 0.858417
148231.594 8761 10207 0.858333
148232.008 8762 10208 0.858346
148236.987 8763 10209 0.858360
148239.303 8763 10210 0.858276
148242.954 8764 10211 0.858290
148249.170 8765 10212 0.858304
148254.032 8766 10213 0.858318
148255.502 8767 10214 0.858332
148259.386 8768 10215 0.858346
148261.308 8769 10216 0.858359
148267.217 8770 10217 0.858373
148267.758 8771 10218 0.858387
148273.160 8771 10219 0.858303
148273.493 8772 10220 0.858317
148279.013 8773 10221 0.858331
148284.292 8774 10222 0.858345
148285.471 8775 10223 0.858359
148290.187 8776 10224 0.858372
148291.230 8777 10225 0.858386
148291.679 8778 10226 0.858400
148295.309 8779 10227 0.858414
148299.950 8780 10228 0.858428
148300.759 8781 10229 0.858442
148304.889 8782 10230 0.858456
148307.670 8782 10231 0.858372
148310.362 8783 10232 0.858385
148318.708 8784 10233 0.858399
148323.831 8785 10234 0.858413
148325.213 8785 10235 0.858329
148329.383 8785 10236 0.858245
148342.963 8786 10237 0.858259
148348.787 8787 10238 0.858273
148354.639 8788 10239 0.858287
148358.555 8789 10240 0.858301
148360.507 8790 10241 0.858315
148364.150 8791 10242 0.858328
148366.398 8792 10243 0.858342
148370.090 8793 10244 0.858356
148371.710 8794 10245 0.858370
148377.128 8795 10246 0.858384
148377.243 8796 10247 0.858398
148382.573 8797 10248 0.858411
148382.661 8798 10249 0.858425
148382.844 8799 10250 0.858439
148385.186 8800 10251 0.858453
148388.557 8801 10252 0.858467
148388.565 8801 10253 0.858383
148389.003 8802 10254 0.858397
148390.677 8803 10255 0.858411
148394.389 8804 10256 0.858424
148394.582 8805 10257 0.858438
148395.904 8806 10258 0.858452
148399.651 8807 10259 0.858466
148400.537 8808 10260 0.858480
148401.451 8809 10261 0.858493
148405.249 8810 10262 0.858507
148406.302 8810 10263 0.858423
148406.917 8811 10264 0.858437
148410.966 8812 10265 0.858451
148416.770 8813 10266 0.858465
148417.584 8814 10267 0.858479
148421.860 8815 10268 0.858492
148423.150 8816 10269 0.858506
148430.457 8816 10270 0.858423
148443.858 8817 10271 0.858436
148449.714 8818 10272 0.858450
148455.091 8819 10273 0.858464
148455.356 8819 10274 0.858380
148458.269 8820 10275 0.858394
148461.177 8821 10276 0.858408
148463.971 8821 10277 0.858324
148466.447 8821 10278 0.858241
148481.838 8822 10279 0.858255
148487.024 8823 10280 0.858268
148492.299 8824 10281 0.858282
148497.865 8824 10282 0.858199
148506.960 8825 10283 0.858213
148513.117 8826 10284 0.858226
148515.505 8827 10285 0.858240
148517.444 8828 10286 0.858254
148519.012 8829 10287 0.858268
148520.937 8830 10288 0.858281
148523.288 8831 10289 0.858295
148524.754 8832 10290 0.858309
148526.795 8832 10291 0.858226
148529.029 8833 10292 0.858239
148530.642 8834 10293 0.858253
148534.390 8835 10294 0.858267
148541.805 8836 10295 0.858281
148546.810 8837 10296 0.858294
148547.313 8838 10297 0.858308
148549.421 8838 10298 0.858225
148552.414 8839 10299 0.858239
148553.205 8840 10300 0.858252
148558.139 8841 10301 0.858266
148559.057 8842 10302 0.858280
148563.161 8843 10303 0.858294
148565.037 8844 10304 0.858307
148570.288 8845 10305 0.858321
148575.489 8846 10306 0.858335
148579.134 8847 10307 0.858349
148584.918 8848 10308 0.858362
148600.813 8849 10309 0.858376
148606.527 8850 10310 0.858390
148612.885 8850 10311 0.858307
148615.077 8851 10312 0.858320
148616.872 8852 10313 0.858334
148620.395 8853 10314 0.858348
148621.550 8854 10315 0.858362
148622.606 8854 10316 0.858278
148625.722 8855 10317 0.858292
148627.348 8855 10318 0.858209
148631.523 8856 10319 0.858223
148636.874 8857 10320 0.858236
148642.613 8858 10321 0.858250
148648.433 8859 10322 0.858264
148653.703 8860 10323 0.858278
148659.680 8861 10324 0.858291
148663.310 8861 10325 0.858208
148664.978 8862 10326 0.858222
148670.717 8863 10327 0.858236
148674.039 8863 10328 0.858153
148676.487 8864 10329 0.858166
148683.051 8865 10330 0.858180
148707.986 8866 10331 0.858194
148713.316 8866 10332 0.858111
148713.394 8867 10333 0.858124
148714.991 8867 10334 0.858041
148719.412 8868 10335 0.858055
148724.944 8869 10336 0.858069
148725.348 8870 10337 0.858083
148730.354 8871 10338 0.858096
148731.708 8872 10339 0.858110
148736.169 8873 10340 0.858124
148737.246 8874 10341 0.858138
148741.707 8875 10342 0.858151
148743.153 8876 10343 0.858165
148747.528 8877 10344 0.858179
148749.037 8878 10345 0.858192
148753.278 8879 10346 0.858206
148754.506 8880 10347 0.858220
148758.434 8881 10348 0.858233
148760.184 8882 10349 0.858247
148764.170 8883 10350 0.858261
148764.284 8883 10351 0.858178
148765.421 8884 10352 0.858192
148768.175 8885 10353 0.858205
148769.470 8886 10354 0.858219
148770.660 8887 10355 0.858233
148773.837 8888 10356 0.858246
148775.285 8889 10357 0.858260
148775.933 8889 10358 0.858177
148779.595 8890 10359 0.858191
148781.447 8891 10360 0.858205
148784.853 8892 10361 0.858218
148787.373 8892 10362 0.858135
148790.434 8893 10363 0.858149
148796.129 8894 10364 0.858163
148801.301 8894 10365 0.858080
148818.113 8895 10366 0.858094
148823.373 8896 10367 0.858107
148828.390 8897 10368 0.858121
148828.597 8898 10369 0.858135
148834.279 8899 10370 0.858149
148834.434 8900 10371 0.858162
148839.421 8900 10372 0.858079
148840.233 8901 10373 0.858093
148844.757 8902 10374 0.858107
148845.833 8903 10375 0.858120
148850.541 8904 10376 0.858134
148851.707 8905 10377 0.858148
148852.131 8906 10378 0.858161
148856.176 8906 10379 0.858079
148857.530 8907 10380 0.858092
148857.792 8908 10381 0.858106
148863.016 8909 10382 0.858120
148863.217 8910 10383 0.858133
148868.226 8911 10384 0.858147
148868.480 8911 10385 0.858065
148873.954 8912 10386 0.858078
148878.981 8913 10387 0.858092
148884.317 8914 10388 0.858106
148889.699 8914 10389 0.858023
148891.053 8914 10390 0.857940
148915.237 8915 10391 0.857954
148919.877 8916 10392 0.857968
148921.131 8917 10393 0.857981
148926.252 8918 10394 0.857995
148931.649 8919 10395 0.858009
148937.781 8920 10396 0.858022
148942.286 8920 10397 0.857940
148942.908 8921 10398 0.857953
148943.927 8922 10399 0.857967
148948.406 8923 10400 0.857981
148949.799 8924 10401 0.857994
148953.688 8925 10402 0.858008
148955.833 8926 10403 0.858022
148958.161 8927 10404 0.858035
148958.809 8928 10405 0.858049
148962.081 8929 10406 0.858063
148964.002 8930 10407 0.858076
148964.063 8931 10408 0.858090
148967.799 8932 10409 0.858104
148969.575 8933 10410 0.858117
148969.814 8934 10411 0.858131
148973.087 8935 10412 0.858144
148975.396 8936 10413 0.858158
148975.828 8936 10414 0.858076
148978.837 8936 10415 0.857993
148981.069 8937 10416 0.858007
148986.260 8938 10417 0.858021
148992.224 8939 10418 0.858034
148992.632 8940 10419 0.858048
148997.634 8941 10420 0.858061
148998.489 8942 10421 0.858075
149004.173 8943 10422 0.858089
149009.923 8944 10423 0.858102
149014.887 8945 10424 0.858116
149015.773 8946 10425 0.858129
149020.046 8947 10426 0.858143
149021.452 8948 10427 0.858157
149026.105 8949 10428 0.858170
149026.956 8950 10429 0.858184
149028.338 8951 10430 0.858198
149029.981 8952 10431 0.858211
149031.344 8953 10432 0.858225
149033.059 8954 10433 0.858238
149033.698 8955 10434 0.858252
149035.318 8956 10435 0.858265
149038.857 8957 10436 0.858279
149039.571 8958 10437 0.858293
149040.945 8959 10438 0.858306
149044.752 8960 10439 0.858320
149044.987 8961 10440 0.858333
149046.314 8962 10441 0.858347
149048.974 8963 10442 0.858360
149050.342 8963 10443 0.858278
149050.787 8964 10444 0.858292
149051.572 8965 10445 0.858305
149054.327 8966 10446 0.858319
149056.206 8967 10447 0.858333
149057.396 8968 10448 0.858346
149060.211 8969 10449 0.858360
149061.650 8970 10450 0.858373
149066.109 8971 10451 0.858387
149067.176 8972 10452 0.858400
149072.041 8973 10453 0.858414
149072.146 8974 10454 0.858427
149072.968 8975 10455 0.858441
149077.831 8976 10456 0.858454
149078.051 8977 10457 0.858468
149078.849 8978 10458 0.858482
149083.519 8979 10459 0.858495
149083.877 8980 10460 0.858509
149084.273 8981 10461 0.858522
149089.834 8982 10462 0.858536
149090.203 8983 10463 0.858549
149090.485 8984 10464 0.858563
149095.460 8985 10465 0.858576
149096.043 8986 10466 0.858590
149096.269 8987 10467 0.858603
149101.343 8987 10468 0.858521
149101.426 8988 10469 0.858535
149102.045 8989 10470 0.858548
149102.230 8990 10471 0.858562
149107.182 8991 10472 0.858575
149107.647 8992 10473 0.858589
149107.880 8993 10474 0.858602
149112.497 8993 10475 0.858520
149113.086 8994 10476 0.858534
149113.112 8995 10477 0.858547
149118.414 8996 10478 0.858561
149119.130 8997 10479 0.858574
149124.259 8998 10480 0.858588
149125.049 8999 10481 0.858601
149129.679 9000 10482 0.858615
149135.000 9001 10483 0.858628
149138.051 9002 10484 0.858642
149140.785 9003 10485 0.858655
149143.462 9004 10486 0.858669
149149.349 9005 10487 0.858682
149154.563 9006 10488 0.858696
149155.070 9006 10489 0.858614
149160.153 9007 10490 0.858627
149160.391 9007 10491 0.858545
149165.803 9008 10492 0.858559
149166.722 9009 10493 0.858572
149171.562 9010 10494 0.858586
149172.506 9011 10495 0.858599
149177.816 9012 10496 0.858613
149178.248 9013 10497 0.858626
149183.605 9014 10498 0.858640
149184.594 9015 10499 0.858653
149189.998 9016 10500 0.858667
149190.282 9017 10501 0.858680
149195.883 9017 10502 0.858598
149196.093 9018 10503 0.858612
149201.914 9019 10504 0.858625
149207.151 9020 10505 0.858639
149207.994 9021 10506 0.858652
149211.855 9021 10507 0.858570
149212.366 9022 10508 0.858584
149213.466 9023 10509 0.858597
149217.946 9023 10510 0.858516
149219.037 9024 10511 0.858529
149224.742 9025 10512 0.858543
149230.326 9026 10513 0.858556
149235.392 9027 10514 0.858570
149240.904 9028 10515 0.858583
149246.038 9029 10516 0.858596
149247.943 9030 10517 0.858610
149251.163 9031 10518 0.858623
149253.231 9032 10519 0.858637
149257.005 9033 10520 0.858650
149258.764 9034 10521 0.858664
149263.147 9035 10522 0.858677
149263.754 9036 10523 0.858690
149264.589 9037 10524 0.858704
149268.295 9037 10525 0.858622
149269.072 9037 10526 0.858541
149269.891 9038 10527 0.858554
149270.527 9039 10528 0.858568
149275.264 9040 10529 0.858581
149276.449 9041 10530 0.858594
149280.902 9042 10531 0.858608
149281.664 9043 10532 0.858621
149286.629 9044 10533 0.858635
149287.064 9044 10534 0.858553
149292.355 9045 10535 0.858567
149292.982 9046 10536 0.858580
149297.685 9046 10537 0.858499
149298.686 9047 10538 0.858512
149304.526 9048 10539 0.858525
149310.249 9049 10540 0.858539
149315.567 9050 10541 0.858552
149319.338 9050 10542 0.858471
149321.459 9051 10543 0.858484
149321.703 9052 10544 0.858498
149327.022 9052 10545 0.858416
149327.664 9053 10546 0.858430
149334.937 9054 10547 0.858443
149340.652 9055 10548 0.858457
149345.926 9056 10549 0.858470
149350.722 9057 10550 0.858483
149352.208 9058 10551 0.858497
149356.435 9059 10552 0.858510
149357.511 9060 10553 0.858524
149361.685 9061 10554 0.858537
149363.392 9062 10555 0.858550
149366.907 9062 10556 0.858469
149368.629 9063 10557 0.858483
149371.107 9064 10558 0.858496
149374.379 9065 10559 0.858509
149376.320 9066 10560 0.858523
149378.956 9067 10561 0.858536
149379.711 9068 10562 0.858550
149382.512 9069 10563 0.858563
149385.525 9069 10564 0.858482
149388.238 9070 10565 0.858495
149389.284 9071 10566 0.858508
149393.978 9071 10567 0.858427
149395.772 9071 10568 0.858346
149419.229 9072 10569 0.858359
149424.402 9073 10570 0.858373
149429.613 9074 10571 0.858386
149437.893 9075 10572 0.858400
149438.199 9076 10573 0.858413
149443.070 9077 10574 0.858426
149443.876 9078 10575 0.858440
149445.255 9079 10576 0.858453
149446.833 9080 10577 0.858466
149448.981 9081 10578 0.858480
149449.106 9082 10579 0.858493
149450.882 9083 10580 0.858507
149452.233 9084 10581 0.858520
149454.956 9085 10582 0.858533
149456.056 9086 10583 0.858547
149457.262 9087 10584 0.858560
149460.724 9088 10585 0.858573
149462.080 9089 10586 0.858587
149462.867 9090 10587 0.858600
149466.736 9090 10588 0.858519
149468.503 9091 10589 0.858532
149473.662 9092 10590 0.858546
149473.802 9093 10591 0.858559
149475.400 9094 10592 0.858573
149479.043 9095 10593 0.858586
149481.401 9096 10594 0.858599
149482.945 9096 10595 0.858518
149485.491 9097 10596 0.858532
149489.298 9098 10597 0.858545
149491.059 9099 10598 0.858558
149494.990 9100 10599 0.858572
149497.070 9101 10600 0.858585
149501.334 9102 10601 0.858598
149502.355 9103 10602 0.858612
149506.711 9104 10603 0.858625
149508.259 9105 10604 0.858638
149512.031 9106 10605 0.858652
149514.091 9107 10606 0.858665
149517.339 9108 10607 0.858678
149519.459 9109 10608 0.858692
149519.946 9110 10609 0.858705
149522.761 9111 10610 0.858718
149525.686 9111 10611 0.858637
149526.991 9111 10612 0.858556
149528.710 9112 10613 0.858570
149534.491 9113 10614 0.858583
149534.886 9114 10615 0.858596
149540.148 9115 10616 0.858610
149540.903 9116 10617 0.858623
149545.906 9117 10618 0.858636
149546.993 9117 10619 0.858555
149551.186 9118 10620 0.858569
149557.511 9119 10621 0.858582
149562.974 9120 10622 0.858595
149568.669 9121 10623 0.858609
149573.915 9122 10624 0.858622
149577.393 9123 10625 0.858635
149578.673 9124 10626 0.858649
149579.887 9125 10627 0.858662
149583.179 9126 10628 0.858675
149584.265 9127 10629 0.858688
149585.658 9128 10630 0.858702
149588.987 9129 10631 0.858715
149589.964 9130 10632 0.858728
149591.347 9131 10633 0.858742
149594.944 9132 10634 0.858755
149596.571 9133 10635 0.858768
149598.500 9134 10636 0.858781
149599.481 9135 10637 0.858795
149600.982 9136 10638 0.858808
149602.721 9137 10639 0.858821
149603.839 9138 10640 0.858835
149605.282 9139 10641 0.858848
149606.385 9139 10642 0.858767
149608.417 9139 10643 0.858686
149609.679 9140 10644 0.858700
149611.186 9140 10645 0.858619
149615.644 9141 10646 0.858632
149621.493 9142 10647 0.858646
149627.424 9143 10648 0.858659
149633.460 9144 10649 0.858672
149638.883 9145 10650 0.858685
149644.680 9146 10651 0.858699
149650.609 9147 10652 0.858712
149656.573 9148 10653 0.858725
149657.534 9149 10654 0.858739
149659.726 9150 10655 0.858752
149662.447 9151 10656 0.858765
149662.942 9152 10657 0.858778
149663.436 9153 10658 0.858792
149665.337 9154 10659 0.858805
149668.190 9155 10660 0.858818
149668.293 9156 10661 0.858831
149669.530 9157 10662 0.858844
149670.612 9158 10663 0.858858
149673.566 9159 10664 0.858871
149673.595 9159 10665 0.858790
149675.127 9160 10666 0.858804
149676.463 9161 10667 0.858817
149679.450 9162 10668 0.858830
149680.815 9163 10669 0.858843
149682.205 9164 10670 0.858857
149685.213 9165 10671 0.858870
149686.359 9166 10672 0.858883
149688.193 9167 10673 0.858896
149690.683 9168 10674 0.858909
149691.472 9169 10675 0.858923
149693.784 9169 10676 0.858842
149696.711 9170 10677 0.858855
149697.263 9171 10678 0.858869
149702.784 9172 10679 0.858882
149703.455 9173 10680 0.858895
149708.229 9174 10681 0.858908
149709.029 9175 10682 0.858922
149713.668 9176 10683 0.858935
149714.090 9177 10684 0.858948
149719.177 9177 10685 0.858868
149724.114 9178 10686 0.858881
149729.859 9179 10687 0.858894
149735.621 9180 10688 0.858907
149740.911 9180 10689 0.858827
149743.957 9181 10690 0.858840
149749.119 9181 10691 0.858760
149763.960 9182 10692 0.858773
149769.268 9183 10693 0.858786
149772.055 9184 10694 0.858799
149774.620 9185 10695 0.858813
149777.422 9186 10696 0.858826
149780.930 9187 10697 0.858839
149783.191 9188 10698 0.858852
149787.121 9189 10699 0.858865
149788.510 9190 10700 0.858879
149792.746 9191 10701 0.858892
149793.002 9192 10702 0.858905
149795.599 9193 10703 0.858918
149798.749 9194 10704 0.858931
149799.362 9195 10705 0.858944
149801.331 9196 10706 0.858958
149803.082 9197 10707 0.858971
149804.114 9198 10708 0.858984
149804.648 9199 10709 0.858997
149807.065 9200 10710 0.859010
149808.851 9200 10711 0.858930
149809.501 9201 10712 0.858943
149810.085 9202 10713 0.858956
149812.264 9203 10714 0.858970
149815.702 9204 10715 0.858983
149815.862 9205 10716 0.858996
149818.084 9205 10717 0.858916
149821.746 9206 10718 0.858929
149821.753 9207 10719 0.858942
149827.592 9208 10720 0.858955
149827.760 9209 10721 0.858968
149833.105 9210 10722 0.858982
149833.458 9211 10723 0.858995
149838.308 9212 10724 0.859008
149839.628 9213 10725 0.859021
149844.291 9214 10726 0.859034
149845.342 9215 10727 0.859047
149850.105 9216 10728 0.859060
149851.552 9217 10729 0.859074
149855.370 9218 10730 0.859087
149857.334 9219 10731 0.859100
149859.344 9220 10732 0.859113
149861.667 9221 10733 0.859126
149862.641 9222 10734 0.859139
149864.823 9222 10735 0.859059
149867.399 9223 10736 0.859072
149868.554 9223 10737 0.858992
149869.436 9223 10738 0.858912
149886.970 9224 10739 0.858925
149893.321 9225 10740 0.858939
149899.674 9226 10741 0.858952
149905.134 9227 10742 0.858965
149911.062 9228 10743 0.858978
149916.616 9229 10744 0.858991
149916.625 9230 10745 0.859004
149920.494 9231 10746 0.859017
149922.426 9231 10747 0.858937
149922.642 9232 10748 0.858951
149926.574 9233 10749 0.858964
149928.471 9233 10750 0.858884
149930.768 9234 10751 0.858897
149935.481 9235 10752 0.858910
149936.271 9236 10753 0.858923
149941.575 9236 10754 0.858843
149941.682 9237 10755 0.858856
149974.222 9238 10756 0.858869
149980.218 9238 10757 0.858790
149980.453 9238 10758 0.858710
149988.510 9239 10759 0.858723
149994.006 9240 10760 0.858736
149994.394 9241 10761 0.858749
149999.343 9242 10762 0.858762
150000.185 9243 10763 0.858775
150005.118 9244 10764 0.858789
150005.850 9245 10765 0.858802
150011.225 9246 10766 0.858815
150011.420 9247 10767 0.858828
150016.763 9248 10768 0.858841
150017.072 9249 10769 0.858854
150022.332 9249 10770 0.858774
150022.834 9249 10771 0.858695
150031.006 9250 10772 0.858708
150031.669 9251 10773 0.858721
150036.621 9252 10774 0.858734
150036.918 9253 10775 0.858747
150041.856 9254 10776 0.858760
150042.550 9255 10777 0.858773
150047.537 9256 10778 0.858786
150048.348 9257 10779 0.858800
150053.222 9258 10780 0.858813
150053.453 9259 10781 0.858826
150058.875 9260 10782 0.858839
150059.238 9261 10783 0.858852
150064.595 9262 10784 0.858865
150064.909 9263 10785 0.858878
150069.756 9264 10786 0.858891
150070.509 9265 10787 0.858904
150074.435 9266 10788 0.858917
150074.878 9267 10789 0.858930
150075.227 9267 10790 0.858851
150076.113 9268 10791 0.858864
150080.638 9269 10792 0.858877
150081.519 9270 10793 0.858890
150082.250 9271 10794 0.858903
150085.891 9272 10795 0.858916
150087.377 9272 10796 0.858837
150087.433 9273 10797 0.858850
150091.514 9273 10798 0.858770
150092.561 9273 10799 0.858691
150126.670 9274 10800 0.858704
150132.439 9275 10801 0.858717
150138.473 9276 10802 0.858730
150138.658 9277 10803 0.858743
150142.295 9278 10804 0.858756
150144.051 9278 10805 0.858677
150144.114 9279 10806 0.858690
150144.831 9279 10807 0.858610
150147.684 9280 10808 0.858623
150150.046 9280 10809 0.858544
150152.908 9281 10810 0.858557
150158.670 9282 10811 0.858570
150163.769 9283 10812 0.858583
150168.789 9284 10813 0.858596
150174.338 9285 10814 0.858609
150179.543 9286 10815 0.858622
150185.192 9287 10816 0.858635
150190.784 9288 10817 0.858648
150196.042 9289 10818 0.858661
150196.510 9290 10819 0.858675
150196.833 9291 10820 0.858688
150201.494 9292 10821 0.858701
150201.990 9293 10822 0.858714
150202.012 9294 10823 0.858727
150202.152 9295 10824 0.858740
150207.438 9296 10825 0.858753
150207.732 9297 10826 0.858766
150208.005 9298 10827 0.858779
150212.879 9299 10828 0.858792
150213.222 9300 10829 0.858805
150213.713 9300 10830 0.858726
150217.043 9301 10831 0.858739
150218.061 9302 10832 0.858752
150218.947 9303 10833 0.858765
150222.959 9304 10834 0.858778
150223.477 9305 10835 0.858791
150224.704 9306 10836 0.858804
150229.536 9307 10837 0.858817
150230.497 9308 10838 0.858830
150235.295 9309 10839 0.858843
150236.084 9310 10840 0.858856
150240.343 9311 10841 0.858869
150241.458 9312 10842 0.858882
150242.102 9313 10843 0.858895
150246.071 9314 10844 0.858908
150247.544 9315 10845 0.858921
150248.120 9316 10846 0.858934
150251.251 9317 10847 0.858947
150253.669 9318 10848 0.858960
150253.772 9319 10849 0.858973
150256.380 9320 10850 0.858986
150259.222 9321 10851 0.858999
150259.887 9322 10852 0.859012
150262.671 9323 10853 0.859025
150264.520 9324 10854 0.859038
150265.291 9324 10855 0.858959
150265.758 9325 10856 0.858972
150268.483 9325 10857 0.858893
150269.865 9326 10858 0.858906
150271.122 9327 10859 0.858919
150275.234 9328 10860 0.858932
150277.167 9329 10861 0.858945
150280.461 9330 10862 0.858958
150283.245 9331 10863 0.858971
150286.365 9332 10864 0.858984
150289.020 9333 10865 0.858997
150292.031 9334 10866 0.859010
150294.354 9335 10867 0.859023
150297.199 9336 10868 0.859036
150300.215 9337 10869 0.859049
150303.118 9338 10870 0.859062
150305.875 9339 10871 0.859075
150309.207 9340 10872 0.859088
150311.557 9341 10873 0.859101
150314.751 9341 10874 0.859022
150317.275 9342 10875 0.859034
150317.282 9343 10876 0.859047
150321.186 9344 10877 0.859060
150323.046 9345 10878 0.859073
150323.054 9346 10879 0.859086
150326.496 9347 10880 0.859099
150328.924 9348 10881 0.859112
150329.032 9349 10882 0.859125
150332.607 9349 10883 0.859046
150334.561 9350 10884 0.859059
150334.916 9351 10885 0.859072
150339.900 9352 10886 0.859085
150340.826 9353 10887 0.859098
150345.705 9354 10888 0.859111
150346.775 9355 10889 0.859124
150351.913 9356 10890 0.859137
150352.605 9357 10891 0.859150
150357.875 9358 10892 0.859163
150358.226 9359 10893 0.859176
150363.818 9360 10894 0.859189
150364.265 9361 10895 0.859201
150366.126 9361 10896 0.859123
150369.296 9362 10897 0.859136
150370.170 9363 10898 0.859148
150375.344 9364 10899 0.859161
150376.180 9364 10900 0.859083
150381.185 9365 10901 0.859095
150384.441 9366 10902 0.859108
150387.203 9367 10903 0.859121
150390.425 9368 10904 0.859134
150393.584 9369 10905 0.859147
150396.387 9370 10906 0.859160
150399.505 9371 10907 0.859173
150402.266 9372 10908 0.859186
150405.601 9373 10909 0.859199
150408.317 9373 10910 0.859120
150411.079 9373 10911 0.859041
150417.295 9374 10912 0.859054
150423.610 9375 10913 0.859067
150427.809 9376 10914 0.859080
150428.831 9377 10915 0.859093
150433.724 9378 10916 0.859106
150434.636 9379 10917 0.859119
150439.267 9380 10918 0.859132
150439.909 9381 10919 0.859145
150445.524 9382 10920 0.859158
150446.149 9382 10921 0.859079
150451.523 9383 10922 0.859092
150456.959 9384 10923 0.859105
150460.152 9385 10924 0.859118
150462.852 9385 10925 0.859039
150464.221 9386 10926 0.859052
150465.778 9387 10927 0.859065
150469.638 9388 10928 0.859078
150471.130 9389 10929 0.859090
150475.093 9389 10930 0.859012
150476.844 9390 10931 0.859025
150482.778 9391 10932 0.859038
150498.122 9392 10933 0.859051
150502.934 9393 10934 0.859063
150503.876 9394 10935 0.859076
150508.684 9394 10936 0.858998
150509.556 9395 10937 0.859011
150514.676 9396 10938 0.859024
150515.237 9397 10939 0.859036
150520.333 9398 10940 0.859049
150520.653 9398 10941 0.858971
150525.892 9399 10942 0.858984
150527.677 9400 10943 0.858997
150531.323 9401 10944 0.859010
150533.706 9402 10945 0.859022
150536.860 9402 10946 0.858944
150539.803 9403 10947 0.858957
150545.709 9404 10948 0.858970
150552.234 9405 10949 0.858983
150558.021 9405 10950 0.858904
150559.765 9406 10951 0.858917
150565.617 9407 10952 0.858930
150571.408 9408 10953 0.858943
150572.432 9409 10954 0.858956
150576.518 9410 10955 0.858969
150578.357 9411 10956 0.858981
150582.404 9411 10957 0.858903
150584.157 9412 10958 0.858916
150589.479 9413 10959 0.858929
150589.983 9414 10960 0.858942
150595.270 9415 10961 0.858954
150599.861 9416 10962 0.858967
150601.162 9417 10963 0.858980
150607.640 9418 10964 0.858993
150610.214 9419 10965 0.859006
150613.499 9419 10966 0.858928
150615.133 9420 10967 0.858940
150616.041 9421 10968 0.858953
150621.016 9422 10969 0.858966
150621.393 9423 10970 0.858979
150627.171 9424 10971 0.858992
150627.220 9425 10972 0.859005
150632.584 9426 10973 0.859018
150633.144 9427 10974 0.859030
150634.037 9428 10975 0.859043
150638.464 9429 10976 0.859056
150638.504 9430 10977 0.859069
150639.911 9430 10978 0.858991
150644.324 9431 10979 0.859004
150644.374 9432 10980 0.859016
150650.153 9433 10981 0.859029
150655.530 9434 10982 0.859042
150661.133 9435 10983 0.859055
150665.095 9436 10984 0.859068
150671.128 9437 10985 0.859081
150676.945 9438 10986 0.859093
150677.033 9439 10987 0.859106
150682.481 9440 10988 0.859119
150683.989 9441 10989 0.859132
150685.548 9442 10990 0.859145
150687.725 9443 10991 0.859157
150689.791 9444 10992 0.859170
150690.789 9444 10993 0.859092
150691.946 9445 10994 0.859105
150692.900 9446 10995 0.859118
150695.738 9447 10996 0.859131
150697.286 9448 10997 0.859143
150698.191 9449 10998 0.859156
150702.395 9450 10999 0.859169
150703.041 9451 11000 0.859182
150708.393 9452 11001 0.859195
150709.053 9453 11002 0.859207
150713.621 9454 11003 0.859220
150714.811 9455 11004 0.859233
150721.176 9456 11005 0.859246
150726.518 9457 11006 0.859259
150731.812 9458 11007 0.859271
150737.702 9458 11008 0.859193
150743.442 9458 11009 0.859115
150754.013 9458 11010 0.859037
150763.437 9459 11011 0.859050
150769.246 9460 11012 0.859063
150775.033 9461 11013 0.859076
150790.067 9462 11014 0.859088
150790.613 9463 11015 0.859101
150794.620 9464 11016 0.859114
150796.034 9465 11017 0.859127
150796.449 9466 11018 0.859140
150800.492 9467 11019 0.859152
150802.070 9468 11020 0.859165
150802.294 9469 11021 0.859178
150805.249 9470 11022 0.859191
150807.236 9471 11023 0.859203
150807.671 9472 11024 0.859216
150808.006 9473 11025 0.859229
150810.736 9474 11026 0.859242
150812.695 9475 11027 0.859255
150813.026 9476 11028 0.859267
150814.058 9477 11029 0.859280
150816.580 9478 11030 0.859293
150818.705 9479 11031 0.859306
150819.099 9480 11032 0.859318
150820.014 9481 11033 0.859331
150822.449 9482 11034 0.859344
150824.512 9483 11035 0.859357
150824.680 9483 11036 0.859279
150826.200 9484 11037 0.859291
150828.281 9485 11038 0.859304
150830.289 9486 11039 0.859317
150832.320 9486 11040 0.859239
150833.750 9487 11041 0.859252
150836.523 9488 11042 0.859265
150841.800 9489 11043 0.859277
150847.624 9490 11044 0.859290
150853.494 9491 11045 0.859303
150859.439 9492 11046 0.859316
150865.136 9493 11047 0.859328
150870.867 9494 11048 0.859341
150876.195 9495 11049 0.859354
150878.553 9496 11050 0.859367
150879.167 9497 11051 0.859379
150881.349 9498 11052 0.859392
150884.065 9499 11053 0.859405
150884.553 9500 11054 0.859417
150884.885 9501 11055 0.859430
150887.150 9502 11056 0.859443
150889.723 9503 11057 0.859456
150889.975 9503 11058 0.859378
150890.100 9503 11059 0.859300
150892.876 9504 11060 0.859313
150895.462 9505 11061 0.859326
150898.628 9506 11062 0.859338
150903.919 9507 11063 0.859351
150909.857 9508 11064 0.859364
150915.155 9508 11065 0.859286
150928.600 9509 11066 0.859299
150933.826 9510 11067 0.859311
150939.547 9510 11068 0.859234
150942.039 9511 11069 0.859247
150942.316 9511 11070 0.859169
150948.462 9512 11071 0.859182
150953.834 9513 11072 0.859194
150959.690 9514 11073 0.859207
150964.963 9515 11074 0.859220
150966.864 9516 11075 0.859233
150970.395 9517 11076 0.859245
150972.742 9518 11077 0.859258
150975.832 9518 11078 0.859180
150977.995 9519 11079 0.859193
150983.867 9520 11080 0.859206
150989.170 9521 11081 0.859218
150991.163 9522 11082 0.859231
150994.646 9523 11083 0.859244
150994.872 9524 11084 0.859257
150996.945 9525 11085 0.859269
151000.094 9526 11086 0.859282
151000.829 9527 11087 0.859295
151002.893 9528 11088 0.859307
151006.079 9529 11089 0.859320
151006.627 9530 11090 0.859333
151008.678 9531 11091 0.859345
151011.826 9532 11092 0.859358
151012.066 9532 11093 0.859281
151014.355 9532 11094 0.859203
151017.189 9533 11095 0.859216
151022.890 9533 11096 0.859138
151028.737 9534 11097 0.859151
151034.720 9534 11098 0.859074
151063.878 9535 11099 0.859086
151065.862 9536 11100 0.859099
151069.947 9537 11101 0.859112
151071.142 9538 11102 0.859124
151074.360 9539 11103 0.859137
151075.263 9540 11104 0.859150
151076.571 9541 11105 0.859163
151079.398 9542 11106 0.859175
151080.906 9543 11107 0.859188
151082.395 9544 11108 0.859201
151085.129 9545 11109 0.859213
151086.119 9546 11110 0.859226
151086.594 9547 11111 0.859239
151087.776 9548 11112 0.859251
151091.419 9548 11113 0.859174
151092.105 9549 11114 0.859187
151092.514 9549 11115 0.859109
151093.238 9549 11116 0.859032
151097.461 9550 11117 0.859045
151103.362 9551 11118 0.859057
151108.924 9552 11119 0.859070
151115.033 9553 11120 0.859083
151120.796 9554 11121 0.859095
151126.129 9555 11122 0.859108
151131.920 9556 11123 0.859121
151137.918 9557 11124 0.859133
151143.738 9557 11125 0.859056
151143.927 9558 11126 0.859069
151144.004 9559 11127 0.859082
151144.052 9560 11128 0.859094
151149.532 9561 11129 0.859107
151149.749 9562 11130 0.859119
151150.125 9562 11131 0.859042
151154.884 9563 11132 0.859055
151155.610 9564 11133 0.859068
151160.669 9565 11134 0.859080
151162.419 9565 11135 0.859003
151166.554 9566 11136 0.859016
151172.341 9566 11137 0.858939
151194.790 9567 11138 0.858951
151200.047 9567 11139 0.858874
151202.523 9567 11140 0.858797
151214.600 9568 11141 0.858810
151221.101 9569 11142 0.858822
151223.099 9570 11143 0.858835
151226.996 9571 11144 0.858848
151228.912 9571 11145 0.858771
151233.332 9572 11146 0.858783
151239.378 9573 11147 0.858796
151251.474 9574 11148 0.858809
151254.115 9575 11149 0.858821
151257.191 9576 11150 0.858834
151260.088 9576 11151 0.858757
151262.561 9577 11152 0.858770
151269.139 9578 11153 0.858782
151275.702 9579 11154 0.858795
151281.206 9580 11155 0.858808
151281.401 9580 11156 0.858731
151281.518 9581 11157 0.858743
151286.410 9581 11158 0.858666
151287.756 9582 11159 0.858679
151293.662 9583 11160 0.858692
151312.509 9584 11161 0.858704
151312.621 9585 11162 0.858717
151318.010 9586 11163 0.858730
151318.570 9587 11164 0.858742
151323.811 9588 11165 0.858755
151324.250 9589 11166 0.858768
151329.643 9589 11167 0.858691
151330.027 9590 11168 0.858703
151332.556 9591 11169 0.858716
151335.373 9592 11170 0.858729
151338.326 9592 11171 0.858652
151338.534 9593 11172 0.858665
151341.439 9594 11173 0.858677
151343.670 9594 11174 0.858600
151347.296 9595 11175 0.858613
151352.687 9596 11176 0.858626
151358.491 9597 11177 0.858638
151364.391 9598 11178 0.858651
151370.222 9599 11179 0.858664
151375.495 9600 11180 0.858676
151381.248 9600 11181 0.858599
151381.328 9601 11182 0.858612
151386.521 9602 11183 0.858625
151390.036 9603 11184 0.858637
151392.352 9604 11185 0.858650
151395.709 9604 11186 0.858573
151395.912 9605 11187 0.858586
151397.717 9605 11188 0.858509
151401.928 9606 11189 0.858522
151407.780 9606 11190 0.858445
151433.388 9607 11191 0.858458
151439.263 9607 11192 0.858381
151447.173 9608 11193 0.858394
151449.441 9609 11194 0.858406
151452.814 9610 11195 0.858419
151454.961 9611 11196 0.858432
151459.006 9611 11197 0.858355
151459.321 9612 11198 0.858368
151460.938 9613 11199 0.858380
151465.278 9614 11200 0.858393
151467.036 9615 11201 0.858405
151470.534 9616 11202 0.858418
151473.084 9617 11203 0.858431
151476.207 9617 11204 0.858354
151478.978 9618 11205 0.858367
151484.329 9619 11206 0.858379
151489.763 9620 11207 0.858392
151490.061 9621 11208 0.858405
151495.532 9622 11209 0.858417
151495.924 9623 11210 0.858430
151501.857 9624 11211 0.858443
151504.267 9625 11212 0.858455
151507.147 9626 11213 0.858468
151510.014 9626 11214 0.858391
151512.897 9627 11215 0.858404
151512.986 9628 11216 0.858417
151518.246 9629 11217 0.858429
151519.208 9629 11218 0.858353
151523.803 9630 11219 0.858365
151527.385 9631 11220 0.858378
151529.514 9631 11221 0.858301
151532.906 9632 11222 0.858314
151538.855 9633 11223 0.858327
151544.668 9634 11224 0.858339
151550.477 9635 11225 0.858352
151558.160 9636 11226 0.858365
151562.430 9637 11227 0.858377
151563.932 9638 11228 0.858390
151568.352 9639 11229 0.858402
151569.751 9639 11230 0.858326
151570.413 9640 11231 0.858339
151574.377 9641 11232 0.858351
151575.749 9641 11233 0.858275
151579.793 9642 11234 0.858287
151580.301 9643 11235 0.858300
151585.554 9644 11236 0.858313
151585.969 9645 11237 0.858325
151590.924 9646 11238 0.858338
151592.275 9647 11239 0.858350
151598.391 9648 11240 0.858363
151602.151 9648 11241 0.858287
151604.230 9649 11242 0.858299
151609.753 9650 11243 0.858312
151615.676 9651 11244 0.858324
151621.738 9652 11245 0.858337
151622.498 9653 11246 0.858350
151627.682 9654 11247 0.858362
151628.411 9655 11248 0.858375
151629.183 9656 11249 0.858387
151633.780 9657 11250 0.858400
151634.243 9658 11251 0.858413
151635.013 9659 11252 0.858425
151639.932 9660 11253 0.858438
151640.025 9661 11254 0.858450
151641.680 9662 11255 0.858463
151645.455 9663 11256 0.858475
151645.936 9664 11257 0.858488
151647.609 9665 11258 0.858501
151651.586 9666 11259 0.858513
151651.737 9667 11260 0.858526
151653.510 9667 11261 0.858450
151655.010 9668 11262 0.858462
151657.131 9669 11263 0.858475
151657.348 9670 11264 0.858487
151660.496 9671 11265 0.858500
151663.211 9672 11266 0.858512
151667.275 9673 11267 0.858525
151668.521 9674 11268 0.858537
151673.078 9674 11269 0.858461
151674.720 9675 11270 0.858474
151680.665 9676 11271 0.858486
151680.807 9676 11272 0.858410
151686.370 9677 11273 0.858423
151691.979 9678 11274 0.858435
151697.571 9679 11275 0.858448
151703.316 9680 11276 0.858460
151704.666 9681 11277 0.858473
151708.555 9682 11278 0.858486
151714.597 9683 11279 0.858498
151720.586 9684 11280 0.858511
151724.206 9684 11281 0.858435
151732.504 9685 11282 0.858447
151737.908 9686 11283 0.858460
151743.451 9687 11284 0.858472
151752.810 9688 11285 0.858485
151755.259 9689 11286 0.858497
151758.688 9690 11287 0.858510
151764.637 9691 11288 0.858522
151769.950 9692 11289 0.858535
151775.743 9692 11290 0.858459
151775.761 9693 11291 0.858471
151781.470 9694 11292 0.858484
151783.332 9695 11293 0.858496
151787.079 9695 11294 0.858420
151788.837 9696 11295 0.858433
151793.029 9697 11296 0.858445
151797.249 9698 11297 0.858458
151798.509 9699 11298 0.858471
151805.306 9700 11299 0.858483
151811.255 9701 11300 0.858496
151816.663 9702 11301 0.858508
151816.849 9703 11302 0.858521
151822.219 9704 11303 0.858533
151822.725 9705 11304 0.858546
151827.311 9706 11305 0.858558
151827.555 9707 11306 0.858571
151828.909 9707 11307 0.858495
151832.709 9708 11308 0.858507
151833.411 9708 11309 0.858431
151838.163 9709 11310 0.858444
151838.526 9710 11311 0.858456
151843.454 9711 11312 0.858469
151844.410 9712 11313 0.858481
151849.534 9712 11314 0.858406
151850.353 9713 11315 0.858418
151856.321 9714 11316 0.858431
151861.620 9715 11317 0.858443
151867.381 9716 11318 0.858456
151873.562 9717 11319 0.858468
151879.167 9717 11320 0.858392
151881.091 9717 11321 0.858316
151885.549 9718 11322 0.858329
151891.541 9719 11323 0.858341
151896.738 9720 11324 0.858354
151902.275 9721 11325 0.858366
151902.567 9722 11326 0.858379
151908.175 9723 11327 0.858391
151908.220 9724 11328 0.858404
151913.335 9725 11329 0.858416
151913.783 9726 11330 0.858429
151918.562 9727 11331 0.858441
151919.462 9728 11332 0.858454
151923.722 9729 11333 0.858466
151924.967 9730 11334 0.858479
151929.438 9730 11335 0.858403
151930.623 9731 11336 0.858416
151931.113 9732 11337 0.858428
151933.027 9732 11338 0.858352
151936.373 9733 11339 0.858365
151937.122 9734 11340 0.858377
151942.301 9735 11341 0.858390
151943.133 9736 11342 0.858402
151948.084 9736 11343 0.858327
151948.580 9737 11344 0.858339
151954.572 9738 11345 0.858352
151960.704 9739 11346 0.858364
151966.613 9740 11347 0.858377
151972.049 9741 11348 0.858389
151978.078 9742 11349 0.858402
151982.087 9742 11350 0.858326
151983.962 9743 11351 0.858338
151985.495 9744 11352 0.858351
151989.948 9745 11353 0.858363
151991.439 9746 11354 0.858376
152000.168 9746 11355 0.858300
152004.874 9747 11356 0.858313
152010.831 9747 11357 0.858237
152024.755 9748 11358 0.858250
152030.764 9749 11359 0.858262
152033.938 9750 11360 0.858275
152036.650 9751 11361 0.858287
152040.032 9752 11362 0.858300
152042.595 9753 11363 0.858312
152047.983 9754 11364 0.858325
152048.232 9754 11365 0.858249
152051.068 9755 11366 0.858261
152054.060 9756 11367 0.858274
152057.071 9757 11368 0.858286
152060.104 9758 11369 0.858299
152061.919 9759 11370 0.858311
152062.440 9760 11371 0.858324
152067.395 9760 11372 0.858248
152068.254 9760 11373 0.858173
152071.697 9761 11374 0.858185
152072.842 9762 11375 0.858198
152077.970 9763 11376 0.858210
152078.775 9764 11377 0.858223
152083.879 9765 11378 0.858235
152084.588 9766 11379 0.858248
152089.650 9767 11380 0.858260
152090.581 9768 11381 0.858273
152095.549 9769 11382 0.858285
152095.936 9770 11383 0.858297
152100.725 9771 11384 0.858310
152101.574 9772 11385 0.858322
152102.158 9773 11386 0.858335
152106.257 9774 11387 0.858347
152107.664 9775 11388 0.858360
152107.958 9776 11389 0.858372
152112.129 9776 11390 0.858297
152113.731 9777 11391 0.858309
152114.398 9778 11392 0.858322
152119.231 9779 11393 0.858334
152119.605 9780 11394 0.858346
152120.636 9781 11395 0.858359
152125.021 9781 11396 0.858284
152125.125 9782 11397 0.858296
152126.645 9783 11398 0.858308
152133.336 9784 11399 0.858321
152139.216 9785 11400 0.858333
152144.647 9786 11401 0.858346
152146.026 9787 11402 0.858358
152150.484 9788 11403 0.858371
152151.828 9789 11404 0.858383
152156.365 9790 11405 0.858395
152157.540 9791 11406 0.858408
152162.184 9792 11407 0.858420
152163.445 9793 11408 0.858433
152164.095 9794 11409 0.858445
152168.025 9795 11410 0.858457
152168.821 9796 11411 0.858470
152173.479 9796 11412 0.858395
152174.619 9797 11413 0.858407
152174.801 9797 11414 0.858332
152176.184 9798 11415 0.858344
152180.588 9799 11416 0.858357
152181.980 9800 11417 0.858369
152186.614 9801 11418 0.858382
152187.675 9802 11419 0.858394
152192.550 9803 11420 0.858406
152193.436 9804 11421 0.858419
152198.470 9805 11422 0.858431
152199.274 9806 11423 0.858443
152204.513 9807 11424 0.858456
152205.265 9808 11425 0.858468
152210.462 9809 11426 0.858481
152211.089 9809 11427 0.858406
152216.898 9810 11428 0.858418
152222.366 9811 11429 0.858430
152224.251 9812 11430 0.858443
152226.901 9812 11431 0.858368
152227.729 9813 11432 0.858380
152230.079 9814 11433 0.858392
152233.594 9815 11434 0.858405
152235.909 9816 11435 0.858417
152241.902 9817 11436 0.858430
152247.632 9818 11437 0.858442
152252.928 9819 11438 0.858454
152258.562 9820 11439 0.858467
152260.292 9821 11440 0.858479
152262.048 9821 11441 0.858404
152264.423 9822 11442 0.858416
152266.393 9823 11443 0.858429
152269.572 9824 11444 0.858441
152272.398 9825 11445 0.858453
152275.492 9826 11446 0.858466
152278.187 9827 11447 0.858478
152278.298 9828 11448 0.858491
152280.787 9829 11449 0.858503
152283.582 9830 11450 0.858515
152283.939 9831 11451 0.858528
152286.828 9832 11452 0.858540
152289.718 9832 11453 0.858465
152290.123 9832 11454 0.858390
152292.586 9833 11455 0.858402
152295.230 9834 11456 0.858415
152298.297 9835 11457 0.858427
152300.700 9835 11458 0.858352
152303.957 9836 11459 0.858365
152309.683 9837 11460 0.858377
152312.624 9838 11461 0.858389
152315.599 9838 11462 0.858314
152318.306 9839 11463 0.858327
152323.485 9840 11464 0.858339
152329.083 9841 11465 0.858352
152334.236 9841 11466 0.858277
152343.206 9842 11467 0.858289
152349.128 9843 11468 0.858301
152352.379 9844 11469 0.858314
152354.437 9845 11470 0.858326
152358.203 9846 11471 0.858338
152360.420 9846 11472 0.858264
152363.945 9847 11473 0.858276
152368.289 9848 11474 0.858288
152369.768 9849 11475 0.858301
152373.649 9850 11476 0.858313
152375.527 9851 11477 0.858325
152379.541 9852 11478 0.858338
152381.211 9853 11479 0.858350
152385.596 9854 11480 0.858362
152386.147 9855 11481 0.858375
152386.802 9856 11482 0.858387
152390.982 9857 11483 0.858399
152391.529 9858 11484 0.858412
152392.569 9858 11485 0.858337
152396.945 9859 11486 0.858349
152398.825 9860 11487 0.858362
152402.706 9861 11488 0.858374
152404.489 9861 11489 0.858299
152407.960 9862 11490 0.858312
152413.838 9863 11491 0.858324
152419.581 9864 11492 0.858336
152420.290 9865 11493 0.858349
152426.188 9866 11494 0.858361
152427.786 9867 11495 0.858373
152431.588 9868 11496 0.858386
152433.511 9869 11497 0.858398
152436.961 9870 11498 0.858410
152439.411 9871 11499 0.858422
152442.830 9871 11500 0.858348
152444.423 9872 11501 0.858360
152445.486 9873 11502 0.858372
152450.569 9873 11503 0.858298
152451.955 9874 11504 0.858310
152457.228 9875 11505 0.858322
152457.764 9876 11506 0.858335
152462.532 9877 11507 0.858347
152466.083 9878 11508 0.858359
152468.486 9878 11509 0.858285
152471.992 9879 11510 0.858297
152477.804 9880 11511 0.858309
152483.603 9881 11512 0.858322
152493.325 9882 11513 0.858334
152494.705 9883 11514 0.858346
152499.245 9884 11515 0.858359
152500.480 9884 11516 0.858284
152501.471 9885 11517 0.858296
152504.604 9886 11518 0.858309
152507.007 9887 11519 0.858321
152509.983 9888 11520 0.858333
152512.520 9889 11521 0.858346
152515.952 9890 11522 0.858358
152518.574 9891 11523 0.858370
152518.879 9892 11524 0.858383
152524.221 9893 11525 0.858395
152524.727 9893 11526 0.858320
152530.106 9894 11527 0.858333
152535.853 9895 11528 0.858345
152541.158 9896 11529 0.858357
152546.880 9897 11530 0.858369
152551.731 9898 11531 0.858382
152552.697 9898 11532 0.858307
152553.246 9899 11533 0.858320
152556.998 9900 11534 0.858332
152559.367 9901 11535 0.858344
152562.867 9902 11536 0.858356
152565.208 9903 11537 0.858369
152568.067 9904 11538 0.858381
152570.683 9905 11539 0.858393
152573.716 9906 11540 0.858406
152576.187 9907 11541 0.858418
152576.641 9908 11542 0.858430
152579.622 9909 11543 0.858442
152581.582 9910 11544 0.858455
152581.907 9911 11545 0.858467
152585.543 9911 11546 0.858393
152586.878 9912 11547 0.858405
152587.664 9912 11548 0.858330
152592.320 9913 11549 0.858343
152598.172 9914 11550 0.858355
152603.960 9915 11551 0.858367
152604.821 9916 11552 0.858380
152609.399 9917 11553 0.858392
152610.578 9917 11554 0.858317
152615.603 9918 11555 0.858330
152621.600 9919 11556 0.858342
152627.485 9919 11557 0.858268
152638.907 9920 11558 0.858280
152639.050 9921 11559 0.858292
152644.478 9922 11560 0.858304
152644.851 9923 11561 0.858317
152649.869 9924 11562 0.858329
152650.273 9924 11563 0.858255
152656.204 9924 11564 0.858181
152661.901 9925 11565 0.858193
152667.731 9926 11566 0.858205
152673.419 9927 11567 0.858217
152679.178 9928 11568 0.858230
152679.207 9928 11569 0.858155
152685.104 9929 11570 0.858168
152691.075 9930 11571 0.858180
152696.951 9931 11572 0.858192
152702.899 9932 11573 0.858204
152703.437 9933 11574 0.858217
152707.851 9934 11575 0.858229
152708.621 9935 11576 0.858241
152709.291 9936 11577 0.858253
152713.185 9937 11578 0.858266
152714.698 9937 11579 0.858192
152715.215 9938 11580 0.858204
152719.000 9939 11581 0.858216
152721.165 9939 11582 0.858142
152724.854 9940 11583 0.858154
152729.598 9941 11584 0.858166
152731.387 9942 11585 0.858179
152735.078 9943 11586 0.858191
152737.132 9944 11587 0.858203
152741.171 9945 11588 0.858215
152742.860 9946 11589 0.858228
152746.949 9947 11590 0.858240
152752.229 9948 11591 0.858252
152752.881 9949 11592 0.858264
152758.793 9950 11593 0.858277
152764.583 9951 11594 0.858289
152766.984 9951 11595 0.858215
152770.592 9952 11596 0.858227
152771.182 9953 11597 0.858239
152772.060 9954 11598 0.858251
152776.092 9955 11599 0.858264
152776.533 9956 11600 0.858276
152777.839 9957 11601 0.858288
152781.795 9958 11602 0.858300
152782.022 9958 11603 0.858226
152783.682 9958 11604 0.858152
152787.773 9959 11605 0.858165
152792.904 9960 11606 0.858177
152798.077 9961 11607 0.858189
152804.016 9962 11608 0.858201
152810.054 9963 11609 0.858213
152815.879 9964 11610 0.858226
152818.649 9965 11611 0.858238
152823.829 9966 11612 0.858250
152829.657 9966 11613 0.858176
152832.636 9967 11614 0.858188
152833.046 9968 11615 0.858201
152834.255 9969 11616 0.858213
152838.331 9970 11617 0.858225
152839.103 9971 11618 0.858237
152840.063 9972 11619 0.858249
152844.066 9973 11620 0.858262
152844.617 9973 11621 0.858188
152845.751 9974 11622 0.858200
152849.274 9975 11623 0.858212
152851.026 9976 11624 0.858224
152855.076 9977 11625 0.858237
152857.183 9978 11626 0.858249
152860.616 9978 11627 0.858175
152863.061 9979 11628 0.858187
152869.263 9980 11629 0.858199
152875.323 9981 11630 0.858212
152882.697 9981 11631 0.858138
152896.993 9982 11632 0.858150
152897.330 9983 11633 0.858162
152902.655 9984 11634 0.858174
152902.942 9984 11635 0.858101
152908.804 9985 11636 0.858113
152911.977 9986 11637 0.858125
152914.752 9987 11638 0.858137
152917.402 9988 11639 0.858149
152920.599 9989 11640 0.858162
152923.279 9990 11641 0.858174
152926.507 9991 11642 0.858186
152928.527 9991 11643 0.858112
152932.255 9992 11644 0.858124
152934.126 9993 11645 0.858137
152937.587 9994 11646 0.858149
152940.258 9995 11647 0.858161
152943.485 9996 11648 0.858173
152946.090 9997 11649 0.858185
152949.419 9998 11650 0.858197
152952.015 9999 11651 0.858210
152955.070 9999 11652 0.858136
152955.333 9999 11653 0.858062
152957.850 10000 11654 0.858074
152963.725 10000 11655 0.858001
152980.312 10001 11656 0.858013
152986.055 10002 11657 0.858025
152991.405 10002 11658 0.857952
153006.692 10003 11659 0.857964
153007.153 10004 11660 0.857976
153012.550 10005 11661 0.857988
153014.158 10006 11662 0.858000
153016.414 10007 11663 0.858013
153018.587 10008 11664 0.858025
153019.442 10009 11665 0.858037
153022.305 10010 11666 0.858049
153024.709 10011 11667 0.858061
153025.306 10011 11668 0.857988
153027.841 10012 11669 0.858000
153030.718 10013 11670 0.858012
153033.242 10014 11671 0.858024
153036.237 10015 11672 0.858036
153039.072 10016 11673 0.858048
153042.302 10017 11674 0.858061
153042.764 10018 11675 0.858073
153044.638 10019 11676 0.858085
153048.817 10019 11677 0.858011
153050.556 10020 11678 0.858024
153055.863 10021 11679 0.858036
153062.252 10022 11680 0.858048
153067.033 10023 11681 0.858060
153068.062 10024 11682 0.858072
153072.384 10025 11683 0.858084
153073.479 10026 11684 0.858097
153076.789 10027 11685 0.858109
153078.197 10027 11686 0.858035
153079.444 10027 11687 0.857962
153082.535 10028 11688 0.857974
153087.890 10029 11689 0.857986
153093.252 10030 11690 0.857998
153099.057 10031 11691 0.858010
153101.401 10032 11692 0.858023
153104.843 10032 11693 0.857949
153107.333 10033 11694 0.857961
153113.192 10034 11695 0.857973
153119.085 10034 11696 0.857900
153130.477 10035 11697 0.857912
153132.025 10035 11698 0.857839
153136.291 10036 11699 0.857851
153141.599 10037 11700 0.857863
153147.343 10038 11701 0.857875
153152.780 10039 11702 0.857888
153156.915 10040 11703 0.857900
153159.105 10041 11704 0.857912
153162.808 10042 11705 0.857924
153164.936 10043 11706 0.857936
153168.956 10044 11707 0.857948
153170.812 10045 11708 0.857960
153171.548 10046 11709 0.857972
153174.913 10047 11710 0.857985
153176.658 10048 11711 0.857997
153176.955 10049 11712 0.858009
153181.065 10049 11713 0.857936
153182.353 10050 11714 0.857948
153182.438 10051 11715 0.857960
153183.537 10052 11716 0.857972
153188.167 10053 11717 0.857984
153188.329 10053 11718 0.857911
153189.645 10054 11719 0.857923
153194.435 10055 11720 0.857935
153195.670 10056 11721 0.857947
153200.782 10057 11722 0.857959
153201.515 10058 11723 0.857972
153206.222 10059 11724 0.857984
153207.414 10060 11725 0.857996
153212.449 10061 11726 0.858008
153213.285 10062 11727 0.858020
153217.810 10063 11728 0.858032
153218.638 10064 11729 0.858044
153223.733 10065 11730 0.858056
153225.345 10066 11731 0.858068
153229.837 10067 11732 0.858080
153231.199 10068 11733 0.858093
153232.969 10069 11734 0.858105
153235.439 10070 11735 0.858117
153237.241 10071 11736 0.858129
153238.762 10072 11737 0.858141
153239.889 10073 11738 0.858153
153244.320 10074 11739 0.858165
153246.380 10075 11740 0.858177
153250.159 10076 11741 0.858189
153252.097 10077 11742 0.858201
153253.191 10078 11743 0.858213
153256.391 10079 11744 0.858225
153257.930 10080 11745 0.858238
153259.313 10081 11746 0.858250
153261.332 10082 11747 0.858262
153262.159 10083 11748 0.858274
153263.709 10084 11749 0.858286
153267.539 10085 11750 0.858298
153267.745 10086 11751 0.858310
153270.167 10086 11752 0.858237
153273.440 10087 11753 0.858249
153274.837 10088 11754 0.858261
153277.219 10089 11755 0.858273
153279.382 10090 11756 0.858285
153280.362 10091 11757 0.858297
153282.739 10092 11758 0.858309
153285.661 10093 11759 0.858321
153287.149 10094 11760 0.858333
153288.917 10095 11761 0.858345
153291.195 10096 11762 0.858357
153293.265 10097 11763 0.858369
153295.060 10097 11764 0.858296
153296.614 10097 11765 0.858224
153298.879 10098 11766 0.858236
153304.518 10099 11767 0.858248
153310.601 10100 11768 0.858260
153316.190 10100 11769 0.858187
153322.432 10100 11770 0.858114
153346.953 10101 11771 0.858126
153347.040 10102 11772 0.858138
153353.005 10103 11773 0.858150
153353.352 10104 11774 0.858162
153359.182 10105 11775 0.858174
153359.756 10106 11776 0.858186
153364.606 10107 11777 0.858198
153365.815 10108 11778 0.858210
153369.209 10109 11779 0.858222
153370.546 10110 11780 0.858234
153371.583 10111 11781 0.858246
153375.396 10112 11782 0.858258
153376.201 10113 11783 0.858270
153376.465 10114 11784 0.858282
153378.088 10115 11785 0.858294
153381.442 10116 11786 0.858306
153382.146 10117 11787 0.858318
153382.726 10118 11788 0.858331
153383.741 10119 11789 0.858343
153386.931 10120 11790 0.858355
153387.566 10121 11791 0.858367
153388.930 10122 11792 0.858379
153389.250 10123 11793 0.858391
153393.160 10123 11794 0.858318
153393.247 10124 11795 0.858330
153399.818 10125 11796 0.858342
153399.833 10126 11797 0.858354
153399.954 10127 11798 0.858366
153405.286 10128 11799 0.858378
153405.389 10129 11800 0.858390
153405.782 10129 11801 0.858317
153410.971 10130 11802 0.858329
153411.723 10131 11803 0.858341
153416.879 10131 11804 0.858268
153417.191 10132 11805 0.858280
153422.490 10133 11806 0.858292
153428.694 10134 11807 0.858304
153446.314 10135 11808 0.858316
153449.688 10136 11809 0.858328
153451.931 10137 11810 0.858340
153455.554 10138 11811 0.858352
153457.130 10138 11812 0.858280
153457.573 10139 11813 0.858292
153461.166 10140 11814 0.858304
153463.700 10141 11815 0.858316
153466.638 10142 11816 0.858328
153469.133 10143 11817 0.858340
153469.702 10144 11818 0.858352
153474.480 10145 11819 0.858364
153475.343 10146 11820 0.858376
153479.784 10146 11821 0.858303
153481.288 10147 11822 0.858315
153490.625 10147 11823 0.858242
153492.878 10147 11824 0.858170
153509.072 10148 11825 0.858182
153530.402 10149 11826 0.858194
153530.577 10150 11827 0.858206
153536.317 10151 11828 0.858218
153536.392 10152 11829 0.858230
153541.699 10152 11830 0.858157
153542.162 10153 11831 0.858169
153544.303 10154 11832 0.858181
153544.487 10155 11833 0.858193
153548.039 10155 11834 0.858121
153550.039 10156 11835 0.858133
153550.528 10157 11836 0.858145
153555.779 10158 11837 0.858157
153556.044 10159 11838 0.858169
153561.168 10160 11839 0.858181
153561.633 10161 11840 0.858193
153567.140 10162 11841 0.858205
153567.195 10163 11842 0.858217
153572.459 10164 11843 0.858228
153573.119 10165 11844 0.858240
153578.341 10166 11845 0.858252
153578.500 10166 11846 0.858180
153583.766 10167 11847 0.858192
153589.626 10168 11848 0.858204
153594.249 10169 11849 0.858216
153595.861 10170 11850 0.858228
153600.104 10171 11851 0.858240
153600.139 10172 11852 0.858252
153601.386 10173 11853 0.858264
153605.550 10174 11854 0.858276
153606.046 10175 11855 0.858288
153607.140 10176 11856 0.858300
153610.832 10177 11857 0.858312
153612.177 10178 11858 0.858323
153612.914 10179 11859 0.858335
153616.105 10180 11860 0.858347
153618.095 10181 11861 0.858359
153618.179 10182 11862 0.858371
153622.238 10183 11863 0.858383
153623.497 10184 11864 0.858395
153624.098 10185 11865 0.858407
153627.531 10186 11866 0.858419
153629.217 10186 11867 0.858347
153629.468 10187 11868 0.858359
153629.499 10188 11869 0.858371
153632.932 10189 11870 0.858382
153635.152 10190 11871 0.858394
153635.469 10191 11872 0.858406
153638.814 10191 11873 0.858334
153641.332 10192 11874 0.858346
153641.701 10193 11875 0.858358
153647.591 10193 11876 0.858286
153648.034 10194 11877 0.858298
153653.985 10195 11878 0.858309
153659.851 10196 11879 0.858321
153665.831 10196 11880 0.858249
153681.535 10197 11881 0.858261
153687.180 10198 11882 0.858273
153692.356 10199 11883 0.858285
153692.478 10199 11884 0.858213
153697.462 10200 11885 0.858225
153698.665 10201 11886 0.858237
153703.452 10201 11887 0.858164
153705.159 10202 11888 0.858176
153711.109 10203 11889 0.858188
153716.601 10203 11890 0.858116
153717.726 10204 11891 0.858128
153723.688 10205 11892 0.858140
153729.469 10206 11893 0.858152
153734.903 10206 11894 0.858080
153746.134 10207 11895 0.858092
153752.023 10207 11896 0.858020
153755.916 10207 11897 0.857947
153767.546 10208 11898 0.857959
153778.250 10209 11899 0.857971
153784.179 10210 11900 0.857983
153786.489 10210 11901 0.857911
153790.103 10211 11902 0.857923
153796.100 10212 11903 0.857935
153801.763 10213 11904 0.857947
153804.320 10214 11905 0.857959
153807.232 10215 11906 0.857971
153808.372 10216 11907 0.857983
153810.454 10217 11908 0.857995
153813.371 10218 11909 0.858007
153813.868 10219 11910 0.858018
153816.282 10220 11911 0.858030
153818.901 10221 11912 0.858042
153819.709 10222 11913 0.858054
153821.546 10223 11914 0.858066
153824.383 10224 11915 0.858078
153825.548 10225 11916 0.858090
153827.427 10226 11917 0.858102
153830.300 10227 11918 0.858114
153831.543 10228 11919 0.858126
153832.834 10229 11920 0.858138
153836.328 10230 11921 0.858149
153837.481 10231 11922 0.858161
153837.738 10232 11923 0.858173
153838.541 10233 11924 0.858185
153842.288 10234 11925 0.858197
153842.988 10235 11926 0.858209
153843.653 10235 11927 0.858137
153844.415 10236 11928 0.858149
153847.796 10237 11929 0.858161
153848.839 10238 11930 0.858173
153850.141 10239 11931 0.858185
153853.898 10239 11932 0.858113
153854.884 10239 11933 0.858041
153856.268 10239 11934 0.857969
153860.412 10240 11935 0.857981
153865.901 10241 11936 0.857993
153871.380 10242 11937 0.858005
153876.716 10243 11938 0.858016
153882.432 10244 11939 0.858028
153888.296 10245 11940 0.858040
153893.834 10246 11941 0.858052
153894.245 10247 11942 0.858064
153899.205 10248 11943 0.858076
153904.930 10249 11944 0.858088
153906.162 10250 11945 0.858100
153907.463 10251 11946 0.858112
153910.925 10252 11947 0.858123
153911.981 10253 11948 0.858135
153912.680 10254 11949 0.858147
153913.346 10255 11950 0.858159
153916.380 10256 11951 0.858171
153917.924 10257 11952 0.858183
153918.014 10258 11953 0.858195
153919.096 10259 11954 0.858206
153923.839 10260 11955 0.858218
153923.856 10261 11956 0.858230
153924.934 10262 11957 0.858242
153929.189 10263 11958 0.858254
153929.392 10264 11959 0.858266
153930.343 10265 11960 0.858278
153934.922 10265 11961 0.858206
153934.944 10266 11962 0.858218
153936.094 10266 11963 0.858146
153940.511 10266 11964 0.858074
153942.098 10267 11965 0.858086
153948.674 10268 11966 0.858098
153955.116 10269 11967 0.858110
153961.150 10269 11968 0.858038
153987.512 10270 11969 0.858050
153990.714 10271 11970 0.858062
153992.922 10272 11971 0.858074
153993.269 10273 11972 0.858086
153996.483 10274 11973 0.858097
153998.512 10275 11974 0.858109
153998.551 10276 11975 0.858121
154001.746 10277 11976 0.858133
154004.026 10278 11977 0.858145
154007.013 10279 11978 0.858157
154010.034 10280 11979 0.858168
154012.495 10281 11980 0.858180
154012.999 10282 11981 0.858192
154015.420 10283 11982 0.858204
154018.383 10284 11983 0.858216
154018.678 10285 11984 0.858228
154021.264 10286 11985 0.858239
154024.122 10287 11986 0.858251
154024.728 10288 11987 0.858263
154027.229 10289 11988 0.858275
154030.044 10290 11989 0.858287
154030.569 10291 11990 0.858299
154032.927 10292 11991 0.858310
154035.712 10292 11992 0.858239
154036.584 10293 11993 0.858251
154039.274 10294 11994 0.858262
154042.500 10294 11995 0.858191
154043.355 10295 11996 0.858203
154045.706 10296 11997 0.858215
154048.919 10297 11998 0.858226
154051.272 10298 11999 0.858238
154055.189 10299 12000 0.858250
154057.408 10300 12001 0.858262
154060.819 10300 12002 0.858190
154063.410 10301 12003 0.858202
154069.510 10302 12004 0.858214
154075.565 10303 12005 0.858226
154081.218 10304 12006 0.858238
154086.771 10305 12007 0.858249
154088.581 10306 12008 0.858261
154092.783 10307 12009 0.858273
154094.437 10308 12010 0.858285
154094.738 10309 12011 0.858297
154098.927 10310 12012 0.858308
154100.269 10311 12013 0.858320
154100.763 10312 12014 0.858332
154105.005 10313 12015 0.858344
154106.216 10314 12016 0.858356
154106.314 10315 12017 0.858367
154110.927 10316 12018 0.858379
154111.688 10317 12019 0.858391
154111.735 10317 12020 0.858319
154112.014 10318 12021 0.858331
154117.083 10319 12022 0.858343
154117.167 10320 12023 0.858355
154117.247 10321 12024 0.858367
154123.106 10322 12025 0.858378
154123.211 10323 12026 0.858390
154123.281 10323 12027 0.858319
154128.698 10323 12028 0.858247
154129.196 10323 12029 0.858176
154164.185 10324 12030 0.858188
154169.544 10325 12031 0.858200
154175.845 10326 12032 0.858211
154175.913 10327 12033 0.858223
154180.226 10328 12034 0.858235
154181.424 10329 12035 0.858247
154181.658 10330 12036 0.858259
154182.052 10331 12037 0.858270
154185.883 10332 12038 0.858282
154186.942 10332 12039 0.858211
154187.134 10333 12040 0.858223
154188.292 10333 12041 0.858151
154192.318 10334 12042 0.858163
154192.391 10334 12043 0.858092
154198.167 10335 12044 0.858104
154203.469 10336 12045 0.858115
154209.228 10336 12046 0.858044
154240.308 10337 12047 0.858056
154240.680 10338 12048 0.858068
154243.115 10339 12049 0.858080
154246.183 10340 12050 0.858091
154246.350 10341 12051 0.858103
154249.056 10342 12052 0.858115
154252.114 10343 12053 0.858127
154252.458 10344 12054 0.858138
154255.096 10345 12055 0.858150
154257.748 10346 12056 0.858162
154257.964 10347 12057 0.858174
154261.531 10347 12058 0.858103
154262.873 10348 12059 0.858114
154263.626 10348 12060 0.858043
154264.053 10349 12061 0.858055
154268.349 10350 12062 0.858067
154270.187 10351 12063 0.858078
154274.214 10352 12064 0.858090
154275.774 10353 12065 0.858102
154279.545 10354 12066 0.858114
154283.086 10355 12067 0.858125
154285.158 10356 12068 0.858137
154289.125 10357 12069 0.858149
154290.662 10358 12070 0.858161
154295.192 10359 12071 0.858172
154296.555 10360 12072 0.858184
154300.653 10361 12073 0.858196
154302.873 10362 12074 0.858208
154306.177 10363 12075 0.858219
154309.077 10364 12076 0.858231
154313.192 10365 12077 0.858243
154314.950 10366 12078 0.858255
154315.130 10367 12079 0.858266
154319.001 10368 12080 0.858278
154320.341 10369 12081 0.858290
154321.148 10370 12082 0.858302
154324.291 10371 12083 0.858313
154324.848 10372 12084 0.858325
154326.166 10373 12085 0.858337
154326.650 10373 12086 0.858266
154329.903 10374 12087 0.858277
154330.747 10375 12088 0.858289
154331.573 10376 12089 0.858301
154335.387 10377 12090 0.858313
154336.072 10378 12091 0.858324
154337.482 10379 12092 0.858336
154341.454 10380 12093 0.858348
154341.860 10381 12094 0.858360
154343.263 10382 12095 0.858371
154347.578 10383 12096 0.858383
154347.696 10384 12097 0.858395
154348.781 10385 12098 0.858406
154353.500 10386 12099 0.858418
154353.698 10387 12100 0.858430
154354.407 10388 12101 0.858441
154359.259 10389 12102 0.858453
154359.725 10390 12103 0.858465
154360.286 10391 12104 0.858477
154364.625 10392 12105 0.858488
154365.255 10392 12106 0.858417
154366.203 10393 12107 0.858429
154370.517 10394 12108 0.858441
154376.405 10395 12109 0.858452
154378.576 10396 12110 0.858464
154382.159 10397 12111 0.858476
154384.018 10398 12112 0.858487
154387.865 10399 12113 0.858499
154389.522 10400 12114 0.858511
154393.704 10401 12115 0.858522
154398.978 10402 12116 0.858534
154402.980 10403 12117 0.858546
154403.839 10404 12118 0.858558
154404.485 10404 12119 0.858487
154409.181 10405 12120 0.858498
154409.209 10406 12121 0.858510
154414.612 10407 12122 0.858522
154415.073 10408 12123 0.858533
154416.746 10409 12124 0.858545
154421.061 10410 12125 0.858557
154421.174 10411 12126 0.858568
154422.676 10412 12127 0.858580
154426.667 10413 12128 0.858592
154427.079 10414 12129 0.858603
154428.104 10415 12130 0.858615
154432.128 10416 12131 0.858627
154433.967 10417 12132 0.858638
154437.493 10418 12133 0.858650
154439.472 10419 12134 0.858662
154442.837 10420 12135 0.858673
154448.747 10421 12136 0.858685
154448.912 10422 12137 0.858697
154449.075 10423 12138 0.858708
154454.411 10423 12139 0.858637
154454.830 10424 12140 0.858649
154455.136 10425 12141 0.858661
154455.866 10426 12142 0.858672
154460.399 10427 12143 0.858684
154460.831 10428 12144 0.858696
154461.366 10429 12145 0.858707
154466.125 10430 12146 0.858719
154466.285 10431 12147 0.858731
154466.723 10432 12148 0.858742
154472.021 10433 12149 0.858754
154472.527 10434 12150 0.858765
154472.774 10435 12151 0.858777
154477.710 10436 12152 0.858789
154478.190 10437 12153 0.858800
154478.460 10438 12154 0.858812
154483.884 10438 12155 0.858741
154484.678 10439 12156 0.858753
154490.828 10440 12157 0.858764
154494.772 10441 12158 0.858776
154500.098 10442 12159 0.858788
154505.392 10442 12160 0.858717
154506.270 10443 12161 0.858729
154511.957 10444 12162 0.858740
154512.425 10444 12163 0.858670
154517.870 10445 12164 0.858681
154523.793 10446 12165 0.858693
154529.643 10447 12166 0.858705
154535.589 10447 12167 0.858634
154536.471 10448 12168 0.858646
154541.817 10449 12169 0.858657
154547.451 10450 12170 0.858669
154553.193 10450 12171 0.858598
154557.369 10450 12172 0.858528
154563.629 10451 12173 0.858539
154569.702 10452 12174 0.858551
154575.186 10453 12175 0.858563
154581.802 10454 12176 0.858574
154587.936 10455 12177 0.858586
154588.736 10456 12178 0.858597
154595.007 10457 12179 0.858609
154598.069 10458 12180 0.858621
154600.736 10459 12181 0.858632
154603.955 10460 12182 0.858644
154604.649 10461 12183 0.858656
154606.826 10461 12184 0.858585
154609.883 10462 12185 0.858597
154610.005 10463 12186 0.858608
154610.676 10464 12187 0.858620
154615.419 10465 12188 0.858631
154615.525 10466 12189 0.858643
154616.169 10467 12190 0.858655
154621.279 10468 12191 0.858666
154622.111 10469 12192 0.858678
154626.829 10470 12193 0.858689
154628.308 10471 12194 0.858701
154632.832 10472 12195 0.858713
154633.828 10473 12196 0.858724
154638.515 10474 12197 0.858736
154639.719 10475 12198 0.858747
154644.082 10476 12199 0.858759
154645.714 10477 12200 0.858770
154650.597 10478 12201 0.858782
154651.752 10479 12202 0.858794
154656.384 10480 12203 0.858805
154657.319 10481 12204 0.858817
154658.382 10481 12205 0.858746
154660.401 10481 12206 0.858676
154662.032 10482 12207 0.858688
154663.467 10483 12208 0.858699
154665.849 10484 12209 0.858711
154668.069 10485 12210 0.858722
154669.742 10486 12211 0.858734
154673.580 10487 12212 0.858745
154675.983 10488 12213 0.858757
154678.997 10488 12214 0.858687
154681.881 10489 12215 0.858698
154687.213 10490 12216 0.858710
154692.543 10491 12217 0.858721
154698.325 10492 12218 0.858733
154703.444 10493 12219 0.858745
154709.169 10494 12220 0.858756
154709.705 10494 12221 0.858686
154711.350 10494 12222 0.858616
154715.174 10494 12223 0.858545
154731.882 10495 12224 0.858557
154737.334 10496 12225 0.858569
154743.237 10497 12226 0.858580
154749.229 10498 12227 0.858592
154754.751 10498 12228 0.858521
154762.280 10499 12229 0.858533
154762.365 10499 12230 0.858463
154768.945 10500 12231 0.858474
154774.770 10501 12232 0.858486
154776.729 10502 12233 0.858498
154780.500 10503 12234 0.858509
154782.989 10504 12235 0.858521
154786.659 10505 12236 0.858532
154789.187 10506 12237 0.858544
154792.543 10507 12238 0.858555
154795.117 10508 12239 0.858567
154798.243 10509 12240 0.858578
154801.325 10509 12241 0.858508
154804.049 10510 12242 0.858520
154805.973 10511 12243 0.858531
154809.505 10512 12244 0.858543
154812.171 10512 12245 0.858473
154814.970 10513 12246 0.858484
154815.427 10514 12247 0.858496
154821.085 10515 12248 0.858508
154821.215 10516 12249 0.858519
154826.965 10517 12250 0.858531
154827.330 10518 12251 0.858542
154833.099 10519 12252 0.858554
154833.289 10520 12253 0.858565
154839.039 10521 12254 0.858577
154839.250 10522 12255 0.858588
154844.866 10523 12256 0.858600
154845.324 10524 12257 0.858611
154851.346 10525 12258 0.858623
154853.329 10526 12259 0.858634
154857.451 10527 12260 0.858646
154859.378 10528 12261 0.858658
154863.611 10529 12262 0.858669
154863.617 10530 12263 0.858681
154865.360 10531 12264 0.858692
154867.795 10532 12265 0.858704
154869.450 10533 12266 0.858715
154869.967 10534 12267 0.858727
154871.277 10535 12268 0.858738
154873.220 10536 12269 0.858750
154874.902 10537 12270 0.858761
154875.317 10538 12271 0.858773
154877.125 10538 12272 0.858703
154879.052 10539 12273 0.858714
154880.732 10539 12274 0.858644
154881.313 10540 12275 0.858656
154884.430 10541 12276 0.858667
154886.796 10541 12277 0.858597
154890.368 10542 12278 0.858609
154896.849 10543 12279 0.858620
154902.357 10544 12280 0.858632
154908.257 10545 12281 0.858643
154914.117 10546 12282 0.858655
154920.368 10546 12283 0.858585
154928.995 10546 12284 0.858515
154933.424 10547 12285 0.858527
154939.197 10548 12286 0.858538
154939.484 10548 12287 0.858468
154945.159 10549 12288 0.858480
154951.320 10550 12289 0.858491
154957.252 10551 12290 0.858503
154963.013 10552 12291 0.858514
154968.915 10553 12292 0.858526
154971.947 10554 12293 0.858537
154974.380 10555 12294 0.858549
154977.812 10556 12295 0.858560
154980.348 10557 12296 0.858572
154981.478 10558 12297 0.858583
154983.656 10559 12298 0.858595
154986.678 10560 12299 0.858606
154987.649 10560 12300 0.858537
154989.100 10560 12301 0.858467
154992.083 10561 12302 0.858478
154992.223 10562 12303 0.858490
154997.688 10563 12304 0.858501
154998.734 10564 12305 0.858513
155004.095 10565 12306 0.858524
155006.903 10566 12307 0.858536
155009.644 10566 12308 0.858466
155012.530 10567 12309 0.858478
155018.029 10568 12310 0.858489
155024.104 10569 12311 0.858501
155030.235 10569 12312 0.858431
155039.017 10570 12313 0.858442
155042.672 10571 12314 0.858454
155045.093 10571 12315 0.858384
155048.544 10572 12316 0.858396
155053.901 10573 12317 0.858407
155059.416 10574 12318 0.858419
155061.544 10575 12319 0.858430
155065.690 10576 12320 0.858442
155067.719 10577 12321 0.858453
155071.896 10578 12322 0.858465
155073.080 10579 12323 0.858476
155077.455 10580 12324 0.858488
155078.837 10581 12325 0.858499
155081.951 10582 12326 0.858510
155083.792 10583 12327 0.858522
155084.907 10584 12328 0.858533
155088.051 10585 12329 0.858545
155089.293 10586 12330 0.858556
155090.544 10587 12331 0.858568
155094.304 10588 12332 0.858579
155095.305 10589 12333 0.858591
155096.709 10590 12334 0.858602
155097.509 10591 12335 0.858614
155100.443 10592 12336 0.858625
155101.367 10593 12337 0.858637
155102.806 10594 12338 0.858648
155106.377 10595 12339 0.858660
155106.728 10596 12340 0.858671
155108.819 10597 12341 0.858682
155112.391 10598 12342 0.858694
155112.907 10599 12343 0.858705
155114.865 10600 12344 0.858717
155117.966 10601 12345 0.858728
155118.872 10601 12346 0.858659
155120.766 10602 12347 0.858670
155123.911 10602 12348 0.858601
155126.731 10603 12349 0.858612
155132.219 10604 12350 0.858623
155138.127 10605 12351 0.858635
155143.945 10606 12352 0.858646
155145.286 10607 12353 0.858658
155149.839 10608 12354 0.858669
155150.770 10608 12355 0.858600
155155.745 10609 12356 0.858611
155161.207 10610 12357 0.858623
155166.703 10611 12358 0.858634
155169.819 10612 12359 0.858646
155173.090 10613 12360 0.858657
155175.658 10614 12361 0.858668
155179.521 10615 12362 0.858680
155181.188 10616 12363 0.858691
155185.614 10617 12364 0.858703
155187.043 10617 12365 0.858633
155188.506 10618 12366 0.858645
155191.582 10618 12367 0.858575
155194.511 10618 12368 0.858506
155201.308 10619 12369 0.858517
155207.562 10620 12370 0.858529
155212.832 10621 12371 0.858540
155218.713 10622 12372 0.858552
155224.464 10623 12373 0.858563
155229.597 10624 12374 0.858574
155235.352 10625 12375 0.858586
155240.152 10626 12376 0.858597
155244.010 10627 12377 0.858609
155245.506 10628 12378 0.858620
155246.605 10629 12379 0.858632
155249.923 10630 12380 0.858643
155251.617 10631 12381 0.858654
155252.128 10632 12382 0.858666
155256.084 10633 12383 0.858677
155257.095 10634 12384 0.858689
155257.973 10635 12385 0.858700
155263.964 10636 12386 0.858711
155268.906 10637 12387 0.858723
155269.620 10638 12388 0.858734
155269.860 10639 12389 0.858746
155274.240 10640 12390 0.858757
155274.769 10640 12391 0.858688
155275.166 10641 12392 0.858699
155275.180 10642 12393 0.858711
155279.685 10643 12394 0.858722
155280.595 10644 12395 0.858733
155280.698 10645 12396 0.858745
155285.871 10646 12397 0.858756
155286.401 10647 12398 0.858768
155286.602 10648 12399 0.858779
155291.311 10649 12400 0.858790
155292.405 10650 12401 0.858802
155292.606 10651 12402 0.858813
155297.874 10652 12403 0.858824
155298.657 10652 12404 0.858755
155303.790 10653 12405 0.858767
155309.675 10654 12406 0.858778
155315.558 10654 12407 0.858709
155321.762 10655 12408 0.858720
155326.742 10656 12409 0.858732
155328.572 10657 12410 0.858743
155332.622 10658 12411 0.858754
155334.806 10658 12412 0.858685
155338.642 10659 12413 0.858697
155343.984 10659 12414 0.858627
155349.858 10660 12415 0.858639
155355.940 10661 12416 0.858650
155361.970 10662 12417 0.858662
155367.283 10663 12418 0.858673
155368.028 10664 12419 0.858684
155373.271 10665 12420 0.858696
155374.069 10666 12421 0.858707
155378.865 10667 12422 0.858718
155380.414 10668 12423 0.858730
155384.871 10669 12424 0.858741
155385.459 10670 12425 0.858753
155386.457 10671 12426 0.858764
155390.587 10672 12427 0.858775
155391.679 10673 12428 0.858787
155392.689 10674 12429 0.858798
155396.669 10674 12430 0.858729
155397.073 10675 12431 0.858740
155397.761 10676 12432 0.858752
155398.202 10677 12433 0.858763
155402.396 10678 12434 0.858774
155403.825 10679 12435 0.858786
155404.309 10680 12436 0.858797
155408.320 10681 12437 0.858808
155409.998 10682 12438 0.858820
155410.369 10682 12439 0.858751
155413.764 10683 12440 0.858762
155415.641 10684 12441 0.858773
155419.694 10685 12442 0.858785
155421.225 10686 12443 0.858796
155426.036 10687 12444 0.858807
155426.844 10688 12445 0.858819
155431.547 10688 12446 0.858750
155432.989 10689 12447 0.858761
155439.573 10690 12448 0.858772
155445.674 10690 12449 0.858704
155449.494 10690 12450 0.858635
155462.795 10691 12451 0.858646
155468.355 10691 12452 0.858577
155482.775 10692 12453 0.858588
155488.205 10693 12454 0.858600
155494.613 10694 12455 0.858611
155497.337 10695 12456 0.858622
155499.896 10696 12457 0.858634
155501.699 10697 12458 0.858645
155503.242 10698 12459 0.858656
155505.199 10699 12460 0.858668
155507.757 10700 12461 0.858679
155513.352 10701 12462 0.858690
155513.960 10702 12463 0.858702
155518.653 10703 12464 0.858713
155519.269 10704 12465 0.858724
155520.678 10705 12466 0.858736
155524.123 10706 12467 0.858747
155524.992 10707 12468 0.858758
155525.173 10708 12469 0.858770
155526.886 10709 12470 0.858781
155531.096 10710 12471 0.858792
155531.903 10711 12472 0.858804
155533.026 10712 12473 0.858815
155536.623 10713 12474 0.858826
155537.312 10714 12475 0.858838
155538.014 10715 12476 0.858849
155539.015 10716 12477 0.858860
155542.422 10717 12478 0.858872
155543.675 10718 12479 0.858883
155544.663 10718 12480 0.858814
155547.748 10719 12481 0.858825
155549.747 10720 12482 0.858837
155553.415 10720 12483 0.858768
155555.176 10721 12484 0.858779
155581.680 10721 12485 0.858710
155586.567 10722 12486 0.858722
155592.057 10723 12487 0.858733
155596.154 10724 12488 0.858744
155597.568 10725 12489 0.858756
155601.997 10726 12490 0.858767
155603.510 10727 12491 0.858778
155604.419 10728 12492 0.858790
155607.968 10728 12493 0.858721
155608.973 10728 12494 0.858652
155610.320 10729 12495 0.858663
155615.752 10730 12496 0.858675
155625.573 10731 12497 0.858686
155630.800 10732 12498 0.858697
155633.719 10733 12499 0.858709
155636.644 10733 12500 0.858640
155639.336 10734 12501 0.858651
155645.203 10734 12502 0.858583
155659.871 10735 12503 0.858594
155662.107 10736 12504 0.858605
155665.749 10737 12505 0.858617
155667.964 10738 12506 0.858628
155674.997 10739 12507 0.858639
155675.701 10740 12508 0.858650
155681.057 10741 12509 0.858662
155682.301 10742 12510 0.858673
155687.416 10743 12511 0.858684
155687.791 10743 12512 0.858616
155688.575 10744 12513 0.858627
155693.424 10745 12514 0.858638
155694.082 10746 12515 0.858650
155697.025 10747 12516 0.858661
155699.439 10747 12517 0.858592
155699.632 10748 12518 0.858604
155702.462 10749 12519 0.858615
155705.669 10750 12520 0.858626
155708.511 10751 12521 0.858637
155711.563 10751 12522 0.858569
155714.167 10752 12523 0.858580
155720.334 10753 12524 0.858592
155725.710 10754 12525 0.858603
155730.991 10755 12526 0.858614
155736.408 10755 12527 0.858546
155738.521 10756 12528 0.858557
155744.448 10756 12529 0.858488
155751.061 10757 12530 0.858500
155756.959 10758 12531 0.858511
155762.494 10759 12532 0.858522
155763.059 10760 12533 0.858533
155768.481 10761 12534 0.858545
155768.834 10762 12535 0.858556
155775.374 10763 12536 0.858567
155776.210 10764 12537 0.858579
155780.802 10765 12538 0.858590
155781.820 10766 12539 0.858601
155786.288 10767 12540 0.858612
155787.815 10768 12541 0.858624
155788.278 10769 12542 0.858635
155792.247 10770 12543 0.858646
155793.731 10771 12544 0.858658
155794.521 10772 12545 0.858669
155797.238 10773 12546 0.858680
155797.642 10774 12547 0.858691
155799.375 10775 12548 0.858703
155800.323 10776 12549 0.858714
155803.250 10776 12550 0.858645
155803.536 10777 12551 0.858657
155805.403 10778 12552 0.858668
155806.229 10779 12553 0.858679
155808.876 10780 12554 0.858690
155811.579 10781 12555 0.858702
155811.703 10782 12556 0.858713
155815.046 10783 12557 0.858724
155816.846 10784 12558 0.858735
155818.649 10785 12559 0.858747
155820.970 10786 12560 0.858758
155822.680 10787 12561 0.858769
155824.152 10788 12562 0.858780
155827.194 10789 12563 0.858792
155828.103 10790 12564 0.858803
155830.304 10791 12565 0.858814
155832.662 10792 12566 0.858825
155833.512 10793 12567 0.858837
155835.847 10794 12568 0.858848
155838.465 10795 12569 0.858859
155838.921 10796 12570 0.858870
155841.360 10796 12571 0.858802
155844.483 10796 12572 0.858734
155844.963 10796 12573 0.858665
155854.754 10796 12574 0.858597
155893.321 10796 12575 0.858529
155897.247 10797 12576 0.858540
155898.103 10798 12577 0.858551
155902.690 10799 12578 0.858563
155904.000 10800 12579 0.858574
155907.488 10801 12580 0.858585
155909.212 10802 12581 0.858596
155909.314 10803 12582 0.858608
155913.644 10804 12583 0.858619
155915.324 10804 12584 0.858551
155915.465 10805 12585 0.858562
155919.755 10805 12586 0.858494
155921.273 10806 12587 0.858505
155928.470 10807 12588 0.858516
155933.917 10808 12589 0.858527
155939.904 10809 12590 0.858539
155945.328 10809 12591 0.858470
155945.478 10809 12592 0.858402
155967.121 10810 12593 0.858413
155971.048 10811 12594 0.858425
155972.796 10812 12595 0.858436
155977.053 10812 12596 0.858368
155978.920 10812 12597 0.858300
155996.345 10812 12598 0.858231
155997.599 10813 12599 0.858243
156004.600 10814 12600 0.858254
156010.570 10815 12601 0.858265
156016.458 10816 12602 0.858276
156022.224 10816 12603 0.858208
156028.820 10817 12604 0.858220
156029.487 10818 12605 0.858231
156034.290 10818 12606 0.858163
156035.300 10819 12607 0.858174
156040.696 10819 12608 0.858106
156049.017 10820 12609 0.858117
156054.546 10820 12610 0.858049
156072.850 10821 12611 0.858060
156078.220 10822 12612 0.858072
156084.631 10823 12613 0.858083
156085.998 10824 12614 0.858094
156090.688 10825 12615 0.858105
156091.487 10825 12616 0.858037
156091.492 10826 12617 0.858049
156096.100 10827 12618 0.858060
156098.191 10828 12619 0.858071
156101.936 10829 12620 0.858082
156104.333 10830 12621 0.858094
156105.210 10831 12622 0.858105
156107.742 10832 12623 0.858116
156109.782 10833 12624 0.858127
156110.690 10834 12625 0.858139
156113.223 10835 12626 0.858150
156115.283 10835 12627 0.858082
156116.619 10835 12628 0.858014
156119.156 10836 12629 0.858025
156125.337 10836 12630 0.857957
156143.160 10837 12631 0.857968
156148.948 10838 12632 0.857980
156154.865 10839 12633 0.857991
156160.197 10840 12634 0.858002
156167.040 10841 12635 0.858013
156169.754 10842 12636 0.858025
156173.077 10843 12637 0.858036
156175.218 10844 12638 0.858047
156176.748 10844 12639 0.857979
156179.124 10845 12640 0.857991
156181.127 10845 12641 0.857923
156182.177 10846 12642 0.857934
156185.104 10847 12643 0.857945
156188.096 10848 12644 0.857956
156191.059 10848 12645 0.857888
156194.135 10849 12646 0.857900
156199.895 10850 12647 0.857911
156205.399 10850 12648 0.857843
156230.131 10851 12649 0.857854
156232.007 10852 12650 0.857866
156235.974 10853 12651 0.857877
156238.077 10854 12652 0.857888
156242.763 10855 12653 0.857899
156243.584 10855 12654 0.857832
156247.904 10856 12655 0.857843
156248.768 10856 12656 0.857775
156253.725 10857 12657 0.857786
156257.191 10858 12658 0.857797
156259.202 10859 12659 0.857809
156262.587 10860 12660 0.857820
156265.121 10861 12661 0.857831
156268.562 10862 12662 0.857842
156274.271 10863 12663 0.857854
156274.807 10864 12664 0.857865
156280.188 10865 12665 0.857876
156280.365 10866 12666 0.857887
156285.943 10866 12667 0.857820
156286.274 10867 12668 0.857831
156292.904 10868 12669 0.857842
156295.258 10868 12670 0.857774
156298.575 10869 12671 0.857785
156300.406 10870 12672 0.857797
156304.791 10871 12673 0.857808
156306.024 10872 12674 0.857819
156310.985 10873 12675 0.857830
156311.496 10874 12676 0.857842
156317.611 10875 12677 0.857853
156317.984 10876 12678 0.857864
156330.360 10877 12679 0.857875
156336.372 10878 12680 0.857886
156337.320 10878 12681 0.857819
156342.214 10879 12682 0.857830
156347.547 10879 12683 0.857762
156347.710 10880 12684 0.857774
156348.255 10881 12685 0.857785
156353.570 10882 12686 0.857796
156353.640 10883 12687 0.857807
156353.809 10884 12688 0.857818
156359.260 10885 12689 0.857830
156359.573 10886 12690 0.857841
156359.727 10887 12691 0.857852
156364.699 10888 12692 0.857863
156365.979 10888 12693 0.857796
156370.277 10889 12694 0.857807
156374.360 10890 12695 0.857818
156376.201 10891 12696 0.857829
156380.384 10892 12697 0.857840
156382.382 10893 12698 0.857852
156385.794 10894 12699 0.857863
156388.281 10895 12700 0.857874
156389.262 10895 12701 0.857806
156391.287 10896 12702 0.857818
156394.210 10897 12703 0.857829
156398.201 10898 12704 0.857840
156400.355 10899 12705 0.857851
156404.403 10899 12706 0.857784
156405.869 10900 12707 0.857795
156411.994 10901 12708 0.857806
156417.491 10902 12709 0.857817
156418.132 10903 12710 0.857828
156423.209 10903 12711 0.857761
156423.978 10904 12712 0.857772
156429.320 10905 12713 0.857783
156435.253 10906 12714 0.857795
156441.010 10907 12715 0.857806
156441.864 10908 12716 0.857817
156446.936 10909 12717 0.857828
156447.105 10910 12718 0.857839
156452.879 10911 12719 0.857850
156456.202 10912 12720 0.857862
156458.106 10912 12721 0.857794
156464.485 10913 12722 0.857805
156464.556 10914 12723 0.857817
156469.924 10914 12724 0.857749
156469.936 10915 12725 0.857760
156475.127 10916 12726 0.857771
156476.207 10916 12727 0.857704
156481.225 10917 12728 0.857715
156487.351 10918 12729 0.857726
156493.380 10919 12730 0.857738
156498.818 10920 12731 0.857749
156504.888 10921 12732 0.857760
156510.643 10922 12733 0.857771
156510.844 10923 12734 0.857782
156515.955 10924 12735 0.857793
156517.340 10924 12736 0.857726
156521.835 10925 12737 0.857737
156523.036 10926 12738 0.857748
156528.484 10927 12739 0.857760
156528.608 10928 12740 0.857771
156533.774 10929 12741 0.857782
156534.486 10930 12742 0.857793
156534.542 10931 12743 0.857804
156539.253 10931 12744 0.857737
156540.408 10932 12745 0.857748
156541.881 10933 12746 0.857759
156546.028 10934 12747 0.857770
156547.788 10935 12748 0.857782
156552.332 10936 12749 0.857793
156553.120 10937 12750 0.857804
156559.035 10938 12751 0.857815
156560.791 10939 12752 0.857826
156564.451 10940 12753 0.857837
156566.785 10941 12754 0.857849
156568.377 10942 12755 0.857860
156570.547 10943 12756 0.857871
156572.790 10944 12757 0.857882
156574.545 10945 12758 0.857893
156577.658 10946 12759 0.857904
156579.701 10947 12760 0.857915
156580.508 10948 12761 0.857926
156583.150 10949 12762 0.857938
156585.793 10950 12763 0.857949
156586.037 10951 12764 0.857960
156588.520 10952 12765 0.857971
156591.362 10953 12766 0.857982
156591.503 10954 12767 0.857993
156591.813 10954 12768 0.857926
156594.616 10955 12769 0.857937
156598.084 10956 12770 0.857948
156600.647 10957 12771 0.857959
156603.515 10958 12772 0.857971
156606.545 10959 12773 0.857982
156612.437 10960 12774 0.857993
156617.667 10961 12775 0.858004
156618.773 10962 12776 0.858015
156623.084 10963 12777 0.858026
156624.587 10964 12778 0.858037
156625.745 10964 12779 0.857970
156629.072 10965 12780 0.857981
156631.247 10966 12781 0.857992
156634.633 10967 12782 0.858003
156637.627 10968 12783 0.858015
156640.668 10969 12784 0.858026
156643.896 10970 12785 0.858037
156643.980 10971 12786 0.858048
156647.152 10971 12787 0.857981
156649.558 10972 12788 0.857992
156650.170 10973 12789 0.858003
156655.625 10974 12790 0.858014
156656.295 10975 12791 0.858025
156661.117 10976 12792 0.858036
156662.233 10977 12793 0.858047
156667.120 10978 12794 0.858058
156668.228 10979 12795 0.858070
156673.034 10980 12796 0.858081
156673.742 10981 12797 0.858092
156678.216 10982 12798 0.858103
156678.471 10983 12799 0.858114
156679.149 10983 12800 0.858047
156683.764 10984 12801 0.858058
156683.835 10985 12802 0.858069
156689.686 10986 12803 0.858080
156689.700 10987 12804 0.858091
156695.157 10988 12805 0.858102
156695.543 10988 12806 0.858035
156697.768 10989 12807 0.858046
156701.095 10990 12808 0.858057
156703.874 10991 12809 0.858069
156706.444 10992 12810 0.858080
156710.086 10993 12811 0.858091
156712.284 10993 12812 0.858024
156715.496 10994 12813 0.858035
156721.627 10995 12814 0.858046
156727.712 10996 12815 0.858057
156730.042 10997 12816 0.858068
156732.987 10998 12817 0.858079
156736.524 10999 12818 0.858090
156739.034 11000 12819 0.858101
156744.946 11000 12820 0.858034
156747.164 11001 12821 0.858045
156752.892 11002 12822 0.858056
156758.793 11003 12823 0.858068
156764.581 11003 12824 0.858001
156764.972 11004 12825 0.858012
156771.102 11005 12826 0.858023
156777.172 11006 12827 0.858034
156777.621 11006 12828 0.857967
156784.883 11007 12829 0.857978
156791.109 11008 12830 0.857989
156796.581 11009 12831 0.858000
156797.122 11010 12832 0.858011
156802.162 11011 12833 0.858022
156802.746 11012 12834 0.858033
156808.216 11013 12835 0.858044
156810.506 11014 12836 0.858055
156814.268 11015 12837 0.858067
156817.094 11016 12838 0.858078
156817.223 11017 12839 0.858089
156819.712 11018 12840 0.858100
156823.052 11019 12841 0.858111
156823.505 11020 12842 0.858122
156825.367 11021 12843 0.858133
156828.859 11022 12844 0.858144
156829.234 11023 12845 0.858155
156829.459 11024 12846 0.858166
156830.936 11025 12847 0.858177
156834.947 11026 12848 0.858188
156835.002 11026 12849 0.858121
156835.077 11027 12850 0.858132
156836.862 11028 12851 0.858143
156840.511 11029 12852 0.858154
156841.210 11029 12853 0.858088
156842.766 11030 12854 0.858099
156846.698 11030 12855 0.858032
156848.667 11031 12856 0.858043
156854.636 11032 12857 0.858054
156866.725 11033 12858 0.858065
156872.498 11034 12859 0.858076
156877.838 11035 12860 0.858087
156883.423 11036 12861 0.858098
156887.357 11037 12862 0.858109
156889.679 11038 12863 0.858120
156893.311 11039 12864 0.858131
156893.471 11040 12865 0.858142
156895.289 11041 12866 0.858153
156898.931 11042 12867 0.858164
156899.422 11042 12868 0.858098
156899.630 11043 12869 0.858109
156900.657 11044 12870 0.858120
156905.585 11045 12871 0.858131
156905.752 11046 12872 0.858142
156907.224 11046 12873 0.858075
156911.119 11047 12874 0.858086
156911.942 11048 12875 0.858097
156918.072 11049 12876 0.858108
156919.170 11050 12877 0.858119
156924.155 11051 12878 0.858130
156924.938 11052 12879 0.858141
156929.575 11052 12880 0.858075
156930.854 11053 12881 0.858086
156936.304 11054 12882 0.858097
156942.387 11055 12883 0.858108
156950.078 11056 12884 0.858119
156955.392 11057 12885 0.858130
156959.381 11058 12886 0.858141
156961.219 11059 12887 0.858152
156964.691 11059 12888 0.858085
156969.800 11060 12889 0.858096
156973.274 11061 12890 0.858107
156975.360 11062 12891 0.858118
156978.683 11063 12892 0.858129
156981.364 11064 12893 0.858140
156982.444 11065 12894 0.858151
156984.696 11065 12895 0.858085
156987.386 11066 12896 0.858096
156988.518 11067 12897 0.858107
156994.521 11068 12898 0.858118
157001.255 11068 12899 0.858051
157018.879 11069 12900 0.858062
157021.625 11070 12901 0.858073
157025.040 11071 12902 0.858084
157027.159 11072 12903 0.858095
157031.191 11073 12904 0.858106
157033.358 11073 12905 0.858040
157035.433 11074 12906 0.858051
157037.284 11075 12907 0.858062
157041.435 11076 12908 0.858073
157043.183 11077 12909 0.858084
157047.398 11078 12910 0.858095
157048.536 11079 12911 0.858105
157052.909 11079 12912 0.858039
157053.788 11080 12913 0.858050
157054.455 11081 12914 0.858061
157060.738 11082 12915 0.858072
157065.922 11083 12916 0.858083
157066.132 11084 12917 0.858094
157071.451 11085 12918 0.858105
157071.505 11086 12919 0.858116
157077.389 11087 12920 0.858127
157077.433 11088 12921 0.858138
157082.649 11089 12922 0.858149
157083.355 11089 12923 0.858082
157085.730 11089 12924 0.858016
157088.538 11090 12925 0.858027
157094.592 11091 12926 0.858038
157100.599 11092 12927 0.858049
157104.303 11092 12928 0.857983
157106.531 11093 12929 0.857994
157111.930 11094 12930 0.858005
157117.873 11095 12931 0.858016
157123.647 11096 12932 0.858027
157135.164 11097 12933 0.858038
157138.572 11098 12934 0.858049
157140.474 11099 12935 0.858060
157144.246 11100 12936 0.858071
157145.836 11101 12937 0.858081
157150.434 11102 12938 0.858092
157152.135 11103 12939 0.858103
157156.010 11103 12940 0.858037
157156.549 11103 12941 0.857971
157157.708 11104 12942 0.857982
157159.331 11105 12943 0.857993
157162.238 11106 12944 0.858004
157164.190 11106 12945 0.857937
157165.121 11107 12946 0.857948
157167.818 11108 12947 0.857959
157171.252 11109 12948 0.857970
157174.250 11110 12949 0.857981
157177.426 11110 12950 0.857915
157180.486 11111 12951 0.857926
157186.466 11111 12952 0.857860
157208.594 11111 12953 0.857794
157216.245 11111 12954 0.857727
157228.840 11112 12955 0.857738
157234.964 11113 12956 0.857749
157238.793 11114 12957 0.857760
157241.085 11115 12958 0.857771
157244.935 11116 12959 0.857782
157246.717 11117 12960 0.857793
157251.186 11117 12961 0.857727
157253.535 11118 12962 0.857738
157259.519 11119 12963 0.857749
157260.695 11120 12964 0.857760
157265.788 11121 12965 0.857771
157266.823 11122 12966 0.857782
157267.932 11123 12967 0.857793
157272.338 11124 12968 0.857804
157272.993 11125 12969 0.857815
157274.426 11126 12970 0.857826
157278.013 11126 12971 0.857760
157279.199 11127 12972 0.857771
157280.129 11128 12973 0.857782
157285.069 11129 12974 0.857793
157286.136 11130 12975 0.857803
157290.549 11131 12976 0.857814
157292.547 11132 12977 0.857825
157296.519 11132 12978 0.857759
157298.429 11133 12979 0.857770
157304.030 11134 12980 0.857781
157304.391 11134 12981 0.857715
157309.972 11135 12982 0.857726
157315.548 11135 12983 0.857660
157321.684 11136 12984 0.857671
157327.596 11137 12985 0.857682
157329.490 11138 12986 0.857693
157333.480 11139 12987 0.857704
157335.047 11140 12988 0.857715
157338.910 11141 12989 0.857726
157340.735 11142 12990 0.857737
157344.466 11143 12991 0.857748
157346.142 11144 12992 0.857759
157348.738 11144 12993 0.857693
157350.618 11145 12994 0.857704
157352.276 11145 12995 0.857638
157356.394 11146 12996 0.857649
157356.938 11147 12997 0.857659
157362.729 11148 12998 0.857670
157362.922 11149 12999 0.857681
157368.932 11150 13000 0.857692
157373.557 11151 13001 0.857703
157375.264 11152 13002 0.857714
157381.147 11152 13003 0.857648
157381.423 11153 13004 0.857659
157393.098 11154 13005 0.857670
157399.358 11155 13006 0.857681
157401.365 11155 13007 0.857615
157403.016 11156 13008 0.857626
157405.420 11157 13009 0.857637
157408.892 11158 13010 0.857648
157412.042 11159 13011 0.857659
157414.435 11160 13012 0.857670
157418.211 11161 13013 0.857681
157420.339 11161 13014 0.857615
157424.330 11161 13015 0.857549
157429.887 11162 13016 0.857560
157432.384 11163 13017 0.857571
157435.397 11164 13018 0.857582
157438.212 11165 13019 0.857593
157441.241 11166 13020 0.857604
157444.060 11166 13021 0.857538
157446.834 11167 13022 0.857549
157452.898 11168 13023 0.857560
157453.038 11169 13024 0.857571
157459.087 11169 13025 0.857505
157459.106 11170 13026 0.857516
157465.287 11171 13027 0.857527
157471.411 11172 13028 0.857538
157472.374 11173 13029 0.857549
157477.036 11174 13030 0.857559
157478.232 11175 13031 0.857570
157484.961 11176 13032 0.857581
157485.884 11177 13033 0.857592
157490.561 11177 13034 0.857526
157491.843 11178 13035 0.857537
157496.610 11179 13036 0.857548
157497.793 11179 13037 0.857483
157502.398 11180 13038 0.857493
157507.769 11181 13039 0.857504
157510.492 11181 13040 0.857439
157513.221 11182 13041 0.857450
157519.255 11183 13042 0.857461
157525.100 11184 13043 0.857471
157530.988 11185 13044 0.857482
157536.749 11186 13045 0.857493
157542.784 11186 13046 0.857428
157543.349 11187 13047 0.857438
157548.716 11188 13048 0.857449
157549.552 11189 13049 0.857460
157554.518 11190 13050 0.857471
157555.177 11190 13051 0.857406
157560.527 11191 13052 0.857416
157561.589 11191 13053 0.857351
157567.391 11192 13054 0.857362
157574.482 11193 13055 0.857373
157580.569 11194 13056 0.857384
157587.208 11195 13057 0.857395
157592.647 11196 13058 0.857405
157596.284 11197 13059 0.857416
157599.664 11198 13060 0.857427
157602.277 11198 13061 0.857362
157605.374 11198 13062 0.857296
157607.394 11199 13063 0.857307
157613.223 11200 13064 0.857318
157613.279 11201 13065 0.857329
157619.527 11202 13066 0.857340
157619.564 11203 13067 0.857351
157625.184 11204 13068 0.857361
157625.257 11205 13069 0.857372
157630.987 11206 13070 0.857383
157631.211 11206 13071 0.857318
157638.252 11207 13072 0.857329
157644.465 11208 13073 0.857340
157650.206 11209 13074 0.857350
157653.267 11210 13075 0.857361
157656.872 11211 13076 0.857372
157658.323 11211 13077 0.857307
157659.269 11212 13078 0.857318
157662.630 11213 13079 0.857329
157665.846 11214 13080 0.857339
157668.830 11215 13081 0.857350
157671.612 11216 13082 0.857361
157675.060 11217 13083 0.857372
157678.564 11218 13084 0.857383
157680.844 11219 13085 0.857394
157683.305 11220 13086 0.857405
157684.907 11221 13087 0.857416
157687.110 11221 13088 0.857350
157689.362 11222 13089 0.857361
157690.966 11222 13090 0.857296
157695.592 11223 13091 0.857307
157701.659 11224 13092 0.857317
157707.621 11225 13093 0.857328
157711.177 11226 13094 0.857339
157713.563 11227 13095 0.857350
157716.647 11228 13096 0.857361
157719.731 11229 13097 0.857372
157722.573 11230 13098 0.857383
157725.887 11231 13099 0.857394
157728.067 11232 13100 0.857405
157732.743 11232 13101 0.857339
157733.636 11233 13102 0.857350
157739.772 11233 13103 0.857285
157739.805 11234 13104 0.857295
157744.078 11235 13105 0.857306
157745.530 11236 13106 0.857317
157749.870 11237 13107 0.857328
157751.208 11238 13108 0.857339
157755.089 11238 13109 0.857274
157761.007 11239 13110 0.857285
157766.612 11239 13111 0.857219
157784.633 11240 13112 0.857230
157790.692 11241 13113 0.857241
157792.264 11242 13114 0.857252
157796.823 11243 13115 0.857263
157797.597 11244 13116 0.857274
157802.899 11245 13117 0.857284
157805.100 11246 13118 0.857295
157806.607 11247 13119 0.857306
157810.638 11248 13120 0.857317
157811.998 11249 13121 0.857328
157812.844 11250 13122 0.857339
157816.500 11251 13123 0.857350
157817.741 11252 13124 0.857361
157819.166 11253 13125 0.857371
157819.532 11254 13126 0.857382
157822.341 11255 13127 0.857393
157823.781 11255 13128 0.857328
157825.406 11256 13129 0.857339
157825.830 11257 13130 0.857350
157827.898 11257 13131 0.857284
157831.566 11258 13132 0.857295
157832.000 11259 13133 0.857306
157837.628 11260 13134 0.857317
157838.107 11261 13135 0.857328
157843.646 11261 13136 0.857262
157844.230 11261 13137 0.857197
157876.144 11262 13138 0.857208
157882.618 11263 13139 0.857219
157882.756 11264 13140 0.857230
157887.901 11265 13141 0.857241
157888.185 11266 13142 0.857252
157893.232 11267 13143 0.857262
157894.084 11268 13144 0.857273
157896.032 11269 13145 0.857284
157897.210 11270 13146 0.857295
157899.034 11271 13147 0.857306
157899.437 11272 13148 0.857317
157903.492 11273 13149 0.857328
157904.904 11274 13150 0.857338
157904.919 11275 13151 0.857349
157905.229 11276 13152 0.857360
157909.024 11276 13153 0.857295
157910.660 11277 13154 0.857306
157910.777 11278 13155 0.857317
157910.992 11279 13156 0.857327
157916.270 11280 13157 0.857338
157916.478 11281 13158 0.857349
157917.044 11282 13159 0.857360
157922.397 11283 13160 0.857371
157922.638 11284 13161 0.857382
157928.453 11284 13162 0.857317
157928.745 11285 13163 0.857327
157930.994 11286 13164 0.857338
157935.141 11286 13165 0.857273
157936.931 11287 13166 0.857284
157942.422 11288 13167 0.857295
157948.438 11289 13168 0.857306
157953.818 11290 13169 0.857316
157959.906 11291 13170 0.857327
157960.775 11291 13171 0.857262
157966.136 11292 13172 0.857273
157972.308 11293 13173 0.857284
157978.540 11294 13174 0.857295
157980.032 11295 13175 0.857306
157984.460 11296 13176 0.857316
157985.847 11296 13177 0.857251
157987.094 11297 13178 0.857262
157990.422 11298 13179 0.857273
157993.357 11299 13180 0.857284
157996.006 11299 13181 0.857219
157999.695 11300 13182 0.857230
158006.118 11301 13183 0.857240
158012.119 11302 13184 0.857251
158012.537 11302 13185 0.857186
158017.819 11303 13186 0.857197
158023.423 11303 13187 0.857132
158039.110 11304 13188 0.857143
158044.734 11305 13189 0.857154
158048.116 11306 13190 0.857165
158050.595 11307 13191 0.857175
158056.679 11308 13192 0.857186
158062.072 11309 13193 0.857197
158063.992 11310 13194 0.857208
158064.311 11311 13195 0.857219
158067.668 11312 13196 0.857229
158069.469 11313 13197 0.857240
158073.104 11314 13198 0.857251
158075.003 11315 13199 0.857262
158075.590 11316 13200 0.857273
158079.041 11317 13201 0.857284
158080.549 11318 13202 0.857294
158082.107 11319 13203 0.857305
158084.609 11320 13204 0.857316
158085.520 11321 13205 0.857327
158086.324 11322 13206 0.857338
158088.573 11323 13207 0.857348
158090.889 11324 13208 0.857359
158091.710 11324 13209 0.857294
158092.532 11325 13210 0.857305
158094.732 11326 13211 0.857316
158096.547 11327 13212 0.857327
158098.975 11328 13213 0.857337
158101.291 11329 13214 0.857348
158102.063 11329 13215 0.857283
158105.076 11329 13216 0.857219
158106.804 11330 13217 0.857229
158112.266 11331 13218 0.857240
158118.178 11332 13219 0.857251
158124.078 11333 13220 0.857262
158129.529 11334 13221 0.857273
158134.970 11335 13222 0.857283
158140.832 11336 13223 0.857294
158143.443 11337 13224 0.857305
158146.811 11338 13225 0.857316
158149.634 11339 13226 0.857326
158152.759 11340 13227 0.857337
158153.055 11341 13228 0.857348
158155.188 11342 13229 0.857359
158157.399 11343 13230 0.857370
158158.771 11344 13231 0.857380
158159.008 11344 13232 0.857316
158160.783 11345 13233 0.857326
158163.394 11346 13234 0.857337
158164.943 11347 13235 0.857348
158166.380 11348 13236 0.857359
158169.389 11349 13237 0.857369
158170.935 11350 13238 0.857380
158171.906 11351 13239 0.857391
158175.431 11352 13240 0.857402
158177.729 11353 13241 0.857413
158177.780 11354 13242 0.857423
158181.586 11355 13243 0.857434
158183.837 11356 13244 0.857445
158184.077 11357 13245 0.857456
158188.186 11358 13246 0.857466
158189.318 11359 13247 0.857477
158189.592 11359 13248 0.857412
158194.180 11359 13249 0.857348
158196.425 11360 13250 0.857358
158202.492 11361 13251 0.857369
158210.648 11362 13252 0.857380
158210.693 11363 13253 0.857391
158216.516 11364 13254 0.857402
158216.731 11365 13255 0.857412
158222.388 11365 13256 0.857348
158222.798 11366 13257 0.857358
158228.365 11367 13258 0.857369
158234.350 11368 13259 0.857380
158240.591 11369 13260 0.857391
158242.102 11370 13261 0.857401
158246.377 11370 13262 0.857337
158247.146 11371 13263 0.857348
158247.990 11372 13264 0.857358
158253.311 11373 13265 0.857369
158259.552 11374 13266 0.857380
158264.340 11375 13267 0.857391
158265.556 11375 13268 0.857326
158270.867 11376 13269 0.857337
158274.375 11377 13270 0.857347
158276.979 11378 13271 0.857358
158279.736 11379 13272 0.857369
158283.015 11379 13273 0.857304
158285.242 11380 13274 0.857315
158291.096 11380 13275 0.857250
158298.578 11381 13276 0.857261
158304.599 11382 13277 0.857272
158310.010 11383 13278 0.857283
158315.910 11384 13279 0.857293
158319.068 11385 13280 0.857304
158321.300 11385 13281 0.857240
158325.309 11386 13282 0.857250
158331.000 11387 13283 0.857261
158335.698 11388 13284 0.857272
158337.110 11389 13285 0.857283
158342.084 11390 13286 0.857293
158343.182 11391 13287 0.857304
158343.775 11392 13288 0.857315
158347.725 11393 13289 0.857326
158348.797 11394 13290 0.857336
158349.780 11395 13291 0.857347
158353.740 11396 13292 0.857358
158354.939 11397 13293 0.857369
158355.341 11398 13294 0.857379
158359.324 11398 13295 0.857315
158360.514 11399 13296 0.857326
158361.901 11400 13297 0.857336
158366.539 11401 13298 0.857347
158367.951 11402 13299 0.857358
158372.923 11403 13300 0.857368
158372.964 11404 13301 0.857379
158373.415 11404 13302 0.857315
158378.538 11405 13303 0.857325
158379.081 11405 13304 0.857261
158384.537 11406 13305 0.857272
158390.604 11407 13306 0.857282
158396.158 11408 13307 0.857293
158402.079 11409 13308 0.857304
158407.970 11410 13309 0.857315
158411.401 11411 13310 0.857325
158414.003 11412 13311 0.857336
158417.948 11413 13312 0.857347
158419.533 11414 13313 0.857357
158424.305 11415 13314 0.857368
158424.958 11415 13315 0.857304
158425.203 11416 13316 0.857315
158430.804 11417 13317 0.857325
158431.175 11418 13318 0.857336
158431.357 11418 13319 0.857272
158437.034 11419 13320 0.857282
158437.391 11419 13321 0.857218
158442.835 11420 13322 0.857229
158449.069 11421 13323 0.857239
158455.475 11422 13324 0.857250
158461.762 11423 13325 0.857261
158476.571 11424 13326 0.857271
158483.716 11425 13327 0.857282
158487.753 11426 13328 0.857293
158489.550 11427 13329 0.857304
158490.474 11427 13330 0.857239
158493.694 11427 13331 0.857175
158493.795 11428 13332 0.857186
158495.609 11429 13333 0.857196
158501.544 11430 13334 0.857207
158501.687 11431 13335 0.857218
158507.464 11432 13336 0.857229
158508.074 11433 13337 0.857239
158512.941 11434 13338 0.857250
158514.093 11435 13339 0.857261
158518.833 11436 13340 0.857271
158519.549 11437 13341 0.857282
158525.109 11438 13342 0.857293
158525.714 11439 13343 0.857303
158530.971 11440 13344 0.857314
158531.083 11440 13345 0.857250
158537.139 11440 13346 0.857186
158545.063 11441 13347 0.857196
158546.581 11442 13348 0.857207
158551.214 11443 13349 0.857218
158552.216 11444 13350 0.857228
158557.323 11445 13351 0.857239
158558.624 11445 13352 0.857175
158563.509 11446 13353 0.857186
158570.260 11447 13354 0.857196
158575.968 11448 13355 0.857207
158582.784 11449 13356 0.857218
158584.811 11450 13357 0.857228
158587.729 11451 13358 0.857239
158588.834 11452 13359 0.857250
158590.817 11452 13360 0.857186
158593.782 11453 13361 0.857196
158594.990 11454 13362 0.857207
158596.302 11455 13363 0.857218
158600.654 11456 13364 0.857228
158600.758 11457 13365 0.857239
158601.750 11458 13366 0.857250
158605.927 11459 13367 0.857260
158606.440 11460 13368 0.857271
158607.823 11461 13369 0.857282
158611.331 11462 13370 0.857292
158612.992 11463 13371 0.857303
158615.098 11464 13372 0.857314
158617.491 11465 13373 0.857324
158617.713 11466 13374 0.857335
158619.198 11467 13375 0.857346
158621.839 11468 13376 0.857356
158623.035 11469 13377 0.857367
158623.882 11470 13378 0.857378
158625.353 11471 13379 0.857388
158627.453 11472 13380 0.857399
158629.091 11473 13381 0.857410
158629.917 11474 13382 0.857420
158631.076 11475 13383 0.857431
158633.184 11476 13384 0.857442
158634.437 11477 13385 0.857452
158635.375 11478 13386 0.857463
158637.230 11479 13387 0.857474
158638.758 11480 13388 0.857484
158640.289 11480 13389 0.857420
158641.309 11481 13390 0.857431
158643.514 11482 13391 0.857442
158645.233 11483 13392 0.857452
158647.427 11484 13393 0.857463
158649.937 11485 13394 0.857473
158650.765 11486 13395 0.857484
158653.720 11486 13396 0.857420
158656.540 11487 13397 0.857431
158657.506 11487 13398 0.857367
158662.593 11488 13399 0.857377
158668.971 11489 13400 0.857388
158675.503 11490 13401 0.857399
158681.560 11491 13402 0.857409
158687.380 11491 13403 0.857345
158692.745 11492 13404 0.857356
158698.698 11493 13405 0.857367
158704.527 11494 13406 0.857377
158706.882 11495 13407 0.857388
158709.317 11496 13408 0.857399
158710.398 11497 13409 0.857409
158712.275 11498 13410 0.857420
158715.059 11498 13411 0.857356
158715.803 11499 13412 0.857367
158720.872 11500 13413 0.857377
158721.293 11501 13414 0.857388
158726.790 11502 13415 0.857398
158727.017 11503 13416 0.857409
158732.707 11503 13417 0.857345
158733.009 11504 13418 0.857356
158738.944 11505 13419 0.857366
158738.955 11506 13420 0.857377
158744.622 11506 13421 0.857313
158744.802 11507 13422 0.857324
158750.843 11508 13423 0.857334
158767.036 11508 13424 0.857271
158768.660 11509 13425 0.857281
158774.773 11510 13426 0.857292
158781.080 11511 13427 0.857302
158785.075 11512 13428 0.857313
158787.248 11513 13429 0.857324
158791.142 11514 13430 0.857334
158793.326 11515 13431 0.857345
158795.895 11516 13432 0.857356
158797.289 11517 13433 0.857366
158799.877 11518 13434 0.857377
158801.936 11519 13435 0.857387
158803.278 11519 13436 0.857324
158805.989 11520 13437 0.857334
158810.933 11521 13438 0.857345
158812.002 11522 13439 0.857355
158816.749 11523 13440 0.857366
158817.652 11524 13441 0.857377
158818.908 11524 13442 0.857313
158822.280 11525 13443 0.857324
158823.669 11526 13444 0.857334
158827.937 11527 13445 0.857345
158829.248 11528 13446 0.857355
158834.408 11529 13447 0.857366
158835.439 11530 13448 0.857377
158840.571 11530 13449 0.857313
158841.294 11531 13450 0.857323
158854.623 11532 13451 0.857334
158870.093 11533 13452 0.857345
158871.024 11534 13453 0.857355
158876.430 11535 13454 0.857366
158877.171 11535 13455 0.857302
158879.260 11536 13456 0.857313
158882.150 11537 13457 0.857323
158885.571 11538 13458 0.857334
158888.274 11538 13459 0.857270
158891.512 11539 13460 0.857281
158893.072 11540 13461 0.857291
158898.688 11541 13462 0.857302
158899.509 11542 13463 0.857313
158905.005 11543 13464 0.857323
158905.204 11544 13465 0.857334
158910.380 11544 13466 0.857270
158911.466 11545 13467 0.857281
158917.048 11546 13468 0.857291
158923.201 11546 13469 0.857228
158928.046 11547 13470 0.857238
158934.373 11548 13471 0.857249
158939.960 11549 13472 0.857260
158941.061 11550 13473 0.857270
158945.955 11551 13474 0.857281
158946.924 11552 13475 0.857291
158951.998 11553 13476 0.857302
158953.138 11554 13477 0.857312
158957.910 11554 13478 0.857249
158958.743 11555 13479 0.857259
158962.503 11555 13480 0.857196
158964.497 11556 13481 0.857206
158970.679 11557 13482 0.857217
158975.863 11558 13483 0.857228
158976.252 11558 13484 0.857164
158981.810 11559 13485 0.857175
158987.858 11560 13486 0.857185
158993.824 11561 13487 0.857196
159000.139 11562 13488 0.857206
159006.226 11563 13489 0.857217
159010.116 11564 13490 0.857228
159012.243 11565 13491 0.857238
159014.474 11565 13492 0.857175
159016.079 11566 13493 0.857185
159017.615 11567 13494 0.857196
159021.828 11568 13495 0.857206
159023.685 11569 13496 0.857217
159027.591 11570 13497 0.857228
159029.600 11571 13498 0.857238
159030.228 11572 13499 0.857249
159033.850 11573 13500 0.857259
159035.666 11573 13501 0.857196
159036.663 11574 13502 0.857206
159040.096 11575 13503 0.857217
159042.329 11576 13504 0.857227
159045.654 11577 13505 0.857238
159048.448 11578 13506 0.857249
159051.510 11579 13507 0.857259
159054.570 11580 13508 0.857270
159056.883 11581 13509 0.857280
159061.256 11582 13510 0.857291
159063.195 11582 13511 0.857227
159065.573 11583 13512 0.857238
159067.555 11583 13513 0.857175
159071.666 11584 13514 0.857185
159077.735 11584 13515 0.857122
159090.300 11585 13516 0.857132
159098.234 11586 13517 0.857143
159104.441 11587 13518 0.857153
159110.766 11588 13519 0.857164
159115.677 11588 13520 0.857101
159116.181 11589 13521 0.857111
159119.572 11590 13522 0.857122
159122.001 11591 13523 0.857132
159125.366 11592 13524 0.857143
159127.947 11593 13525 0.857153
159129.545 11594 13526 0.857164
159131.674 11595 13527 0.857175
159133.807 11596 13528 0.857185
159135.697 11596 13529 0.857122
159137.351 11597 13530 0.857132
159139.941 11598 13531 0.857143
159143.385 11598 13532 0.857080
159145.406 11599 13533 0.857090
159151.259 11599 13534 0.857027
159168.135 11600 13535 0.857037
159174.166 11601 13536 0.857048
159180.006 11602 13537 0.857058
159186.253 11603 13538 0.857069
159187.018 11604 13539 0.857080
159191.781 11605 13540 0.857090
159193.096 11606 13541 0.857101
159195.124 11607 13542 0.857111
159197.305 11608 13543 0.857122
159199.267 11609 13544 0.857132
159200.877 11610 13545 0.857143
159203.653 11611 13546 0.857153
159204.241 11612 13547 0.857164
159204.798 11613 13548 0.857174
159206.946 11614 13549 0.857185
159209.149 11615 13550 0.857196
159211.076 11616 13551 0.857206
159211.436 11617 13552 0.857217
159213.165 11618 13553 0.857227
159215.242 11619 13554 0.857238
159217.239 11620 13555 0.857248
159217.894 11621 13556 0.857259
159219.305 11622 13557 0.857269
159221.374 11623 13558 0.857280
159223.241 11624 13559 0.857290
159223.436 11625 13560 0.857301
159224.955 11626 13561 0.857311
159226.788 11627 13562 0.857322
159228.931 11627 13563 0.857259
159230.253 11628 13564 0.857269
159231.147 11628 13565 0.857206
159232.219 11629 13566 0.857217
159236.490 11630 13567 0.857227
159238.010 11631 13568 0.857238
159243.119 11632 13569 0.857248
159243.652 11633 13570 0.857259
159249.199 11633 13571 0.857195
159249.675 11634 13572 0.857206
159255.605 11634 13573 0.857143
159280.231 11635 13574 0.857153
159285.769 11636 13575 0.857164
159286.738 11637 13576 0.857174
159291.698 11637 13577 0.857111
159293.093 11638 13578 0.857122
159299.366 11638 13579 0.857059
159301.294 11639 13580 0.857069
159307.033 11640 13581 0.857080
159308.899 11641 13582 0.857090
159313.345 11642 13583 0.857101
159314.633 11643 13584 0.857111
159319.519 11644 13585 0.857122
159321.225 11645 13586 0.857132
159325.193 11646 13587 0.857143
159329.890 11647 13588 0.857153
159330.772 11648 13589 0.857164
159335.604 11649 13590 0.857174
159337.053 11650 13591 0.857185
159341.253 11651 13592 0.857195
159343.210 11652 13593 0.857206
159343.847 11653 13594 0.857216
159347.668 11653 13595 0.857153
159348.969 11654 13596 0.857164
159350.002 11654 13597 0.857101
159350.984 11655 13598 0.857111
159354.604 11655 13599 0.857048
159357.218 11656 13600 0.857059
159363.395 11657 13601 0.857069
159369.515 11658 13602 0.857080
159375.486 11659 13603 0.857090
159381.467 11660 13604 0.857101
159387.450 11661 13605 0.857111
159392.920 11662 13606 0.857122
159398.256 11663 13607 0.857132
159400.368 11664 13608 0.857143
159402.118 11665 13609 0.857153
159404.524 11666 13610 0.857164
159405.970 11667 13611 0.857174
159406.249 11668 13612 0.857185
159408.220 11669 13613 0.857195
159410.589 11670 13614 0.857206
159411.863 11671 13615 0.857216
159412.003 11672 13616 0.857227
159414.161 11673 13617 0.857237
159416.154 11674 13618 0.857248
159417.423 11675 13619 0.857258
159418.045 11676 13620 0.857269
159420.208 11677 13621 0.857279
159422.531 11678 13622 0.857290
159423.266 11678 13623 0.857227
159424.166 11679 13624 0.857237
159425.848 11680 13625 0.857248
159428.049 11681 13626 0.857258
159428.916 11682 13627 0.857269
159430.177 11683 13628 0.857279
159431.858 11684 13629 0.857290
159433.646 11685 13630 0.857300
159434.524 11686 13631 0.857311
159435.761 11686 13632 0.857248
159437.850 11687 13633 0.857258
159439.241 11688 13634 0.857269
159440.044 11689 13635 0.857279
159443.967 11690 13636 0.857290
159445.219 11690 13637 0.857227
159445.795 11690 13638 0.857164
159450.844 11691 13639 0.857174
159456.954 11692 13640 0.857185
159462.530 11693 13641 0.857195
159468.069 11694 13642 0.857206
159474.024 11695 13643 0.857216
159480.075 11695 13644 0.857153
159489.126 11696 13645 0.857164
159495.252 11697 13646 0.857174
159496.423 11698 13647 0.857185
159497.675 11699 13648 0.857195
159500.895 11700 13649 0.857206
159502.402 11700 13650 0.857143
159503.786 11701 13651 0.857153
159507.614 11702 13652 0.857164
159509.786 11703 13653 0.857174
159513.315 11703 13654 0.857111
159515.332 11704 13655 0.857122
159521.348 11705 13656 0.857132
159527.404 11706 13657 0.857143
159532.566 11707 13658 0.857153
159533.349 11708 13659 0.857164
159538.954 11709 13660 0.857174
159539.125 11710 13661 0.857185
159544.947 11711 13662 0.857195
159545.317 11712 13663 0.857206
159551.255 11713 13664 0.857216
159554.327 11714 13665 0.857226
159555.646 11715 13666 0.857237
159556.661 11716 13667 0.857247
159559.907 11717 13668 0.857258
159561.771 11718 13669 0.857268
159562.733 11719 13670 0.857279
159565.231 11720 13671 0.857289
159565.791 11721 13672 0.857300
159568.014 11722 13673 0.857310
159568.231 11723 13674 0.857320
159570.678 11724 13675 0.857331
159571.472 11724 13676 0.857268
159574.256 11725 13677 0.857279
159577.445 11726 13678 0.857289
159580.053 11727 13679 0.857300
159582.037 11728 13680 0.857310
159583.485 11729 13681 0.857320
159586.208 11730 13682 0.857331
159588.628 11731 13683 0.857341
159589.489 11731 13684 0.857279
159591.782 11732 13685 0.857289
159594.833 11733 13686 0.857299
159597.868 11734 13687 0.857310
159600.473 11735 13688 0.857320
159603.685 11735 13689 0.857258
159606.185 11736 13690 0.857268
159612.451 11737 13691 0.857279
159618.547 11738 13692 0.857289
159624.124 11739 13693 0.857299
159624.207 11740 13694 0.857310
159630.119 11741 13695 0.857320
159630.598 11742 13696 0.857331
159636.135 11743 13697 0.857341
159636.643 11743 13698 0.857278
159640.854 11744 13699 0.857289
159642.637 11744 13700 0.857226
159655.887 11745 13701 0.857237
159661.342 11746 13702 0.857247
159667.362 11746 13703 0.857185
159671.723 11746 13704 0.857122
159690.499 11747 13705 0.857132
159694.326 11748 13706 0.857143
159697.048 11749 13707 0.857153
159700.419 11750 13708 0.857164
159703.156 11751 13709 0.857174
159706.364 11752 13710 0.857185
159709.145 11753 13711 0.857195
159712.055 11754 13712 0.857205
159714.872 11755 13713 0.857216
159718.319 11756 13714 0.857226
159718.983 11757 13715 0.857237
159721.349 11758 13716 0.857247
159723.200 11759 13717 0.857257
159724.608 11759 13718 0.857195
159724.951 11760 13719 0.857205
159727.532 11760 13720 0.857143
159729.361 11761 13721 0.857153
159731.624 11762 13722 0.857164
159735.797 11763 13723 0.857174
159737.249 11764 13724 0.857184
159742.077 11764 13725 0.857122
159742.853 11765 13726 0.857132
159749.176 11766 13727 0.857143
159755.701 11766 13728 0.857080
159777.817 11767 13729 0.857091
159780.061 11768 13730 0.857101
159784.094 11768 13731 0.857039
159786.330 11769 13732 0.857049
159792.614 11770 13733 0.857060
159794.734 11771 13734 0.857070
159798.761 11772 13735 0.857080
159800.778 11773 13736 0.857091
159805.099 11774 13737 0.857101
159806.478 11775 13738 0.857112
159808.220 11776 13739 0.857122
159811.235 11777 13740 0.857132
159812.111 11778 13741 0.857143
159813.822 11779 13742 0.857153
159816.802 11779 13743 0.857091
159817.664 11780 13744 0.857101
159819.854 11781 13745 0.857112
159823.738 11782 13746 0.857122
159825.969 11783 13747 0.857132
159829.913 11783 13748 0.857070
159832.143 11784 13749 0.857081
159836.345 11785 13750 0.857091
159838.191 11785 13751 0.857029
159841.910 11786 13752 0.857039
159848.132 11787 13753 0.857049
159854.007 11788 13754 0.857060
159859.889 11789 13755 0.857070
159867.995 11789 13756 0.857008
159873.270 11790 13757 0.857018
159879.064 11791 13758 0.857029
159882.138 11792 13759 0.857039
159888.147 11793 13760 0.857049
159889.371 11794 13761 0.857060
159890.434 11795 13762 0.857070
159893.466 11796 13763 0.857081
159896.112 11797 13764 0.857091
159896.714 11798 13765 0.857101
159898.949 11798 13766 0.857039
159903.070 11799 13767 0.857049
159905.082 11800 13768 0.857060
159908.606 11801 13769 0.857070
159910.569 11802 13770 0.857081
159914.769 11803 13771 0.857091
159917.228 11804 13772 0.857101
159920.450 11805 13773 0.857112
159920.846 11806 13774 0.857122
159920.910 11807 13775 0.857132
159923.301 11808 13776 0.857143
159926.404 11809 13777 0.857153
159926.530 11810 13778 0.857164
159926.665 11811 13779 0.857174
159928.822 11812 13780 0.857184
159932.409 11813 13781 0.857195
159932.681 11813 13782 0.857132
159932.985 11814 13783 0.857143
159935.095 11815 13784 0.857153
159938.188 11816 13785 0.857164
159939.259 11816 13786 0.857101
159941.162 11817 13787 0.857112
159944.199 11818 13788 0.857122
159947.232 11819 13789 0.857132
159950.288 11820 13790 0.857143
159953.225 11820 13791 0.857081
159956.246 11821 13792 0.857091
159962.425 11822 13793 0.857101
159967.905 11823 13794 0.857112
159973.461 11824 13795 0.857122
159979.593 11825 13796 0.857133
159984.938 11826 13797 0.857143
159985.636 11826 13798 0.857081
159990.468 11827 13799 0.857091
159991.412 11828 13800 0.857101
159996.281 11829 13801 0.857112
159997.003 11830 13802 0.857122
160001.760 11831 13803 0.857133
160003.205 11832 13804 0.857143
160007.717 11832 13805 0.857081
160009.337 11833 13806 0.857091
160010.216 11834 13807 0.857101
160014.995 11835 13808 0.857112
160015.714 11836 13809 0.857122
160021.035 11836 13810 0.857060
160021.259 11837 13811 0.857070
160027.351 11838 13812 0.857081
160033.491 11839 13813 0.857091
160037.964 11840 13814 0.857101
160040.019 11841 13815 0.857112
160043.973 11842 13816 0.857122
160045.441 11843 13817 0.857133
160050.739 11844 13818 0.857143
160051.185 11845 13819 0.857153
160057.043 11846 13820 0.857164
160057.207 11847 13821 0.857174
160059.929 11848 13822 0.857184
160063.157 11849 13823 0.857195
160063.262 11850 13824 0.857205
160068.622 11851 13825 0.857215
160069.383 11852 13826 0.857226
160072.765 11853 13827 0.857236
160074.794 11854 13828 0.857246
160075.047 11855 13829 0.857256
160078.909 11856 13830 0.857267
160080.321 11857 13831 0.857277
160080.561 11858 13832 0.857287
160082.706 11859 13833 0.857298
160084.593 11859 13834 0.857236
160086.292 11860 13835 0.857246
160087.381 11861 13836 0.857256
160088.138 11862 13837 0.857267
160094.033 11863 13838 0.857277
160094.298 11864 13839 0.857287
160095.131 11865 13840 0.857298
160099.856 11866 13841 0.857308
160099.897 11866 13842 0.857246
160101.170 11867 13843 0.857256
160105.576 11868 13844 0.857267
160107.018 11869 13845 0.857277
160111.695 11870 13846 0.857287
160112.545 11871 13847 0.857298
160118.403 11872 13848 0.857308
160118.616 11873 13849 0.857318
160123.968 11874 13850 0.857329
160124.065 11875 13851 0.857339
160130.197 11876 13852 0.857349
160130.284 11877 13853 0.857359
160135.938 11878 13854 0.857370
160136.229 11879 13855 0.857380
160136.314 11879 13856 0.857318
160142.720 11880 13857 0.857328
160143.178 11881 13858 0.857339
160148.631 11882 13859 0.857349
160148.757 11883 13860 0.857359
160152.501 11884 13861 0.857370
160154.829 11885 13862 0.857380
160155.779 11885 13863 0.857318
160161.502 11886 13864 0.857328
160167.550 11887 13865 0.857339
160173.019 11888 13866 0.857349
160178.495 11889 13867 0.857359
160184.023 11890 13868 0.857369
160189.622 11891 13869 0.857380
160192.272 11892 13870 0.857390
160195.785 11893 13871 0.857400
160197.174 11894 13872 0.857411
160198.511 11895 13873 0.857421
160201.861 11896 13874 0.857431
160203.101 11897 13875 0.857441
160204.026 11898 13876 0.857452
160207.357 11899 13877 0.857462
160208.469 11900 13878 0.857472
160209.068 11901 13879 0.857483
160209.652 11901 13880 0.857421
160213.839 11902 13881 0.857431
160214.686 11903 13882 0.857441
160215.146 11904 13883 0.857452
160219.452 11905 13884 0.857462
160221.296 11906 13885 0.857472
160222.160 11907 13886 0.857482
160225.541 11907 13887 0.857421
160227.435 11908 13888 0.857431
160227.799 11908 13889 0.857369
160233.426 11909 13890 0.857379
160239.681 11909 13891 0.857318
160262.760 11910 13892 0.857328
160268.181 11911 13893 0.857338
160274.038 11912 13894 0.857348
160277.719 11912 13895 0.857287
160279.435 11913 13896 0.857297
160279.659 11914 13897 0.857307
160285.999 11915 13898 0.857318
160286.019 11915 13899 0.857256
160290.712 11916 13900 0.857266
160292.618 11917 13901 0.857276
160296.861 11918 13902 0.857287
160298.699 11919 13903 0.857297
160302.924 11920 13904 0.857307
160304.544 11921 13905 0.857318
160308.984 11922 13906 0.857328
160310.783 11923 13907 0.857338
160314.562 11924 13908 0.857348
160316.892 11925 13909 0.857359
160320.980 11926 13910 0.857369
160323.304 11927 13911 0.857379
160327.246 11927 13912 0.857317
160328.893 11928 13913 0.857328
160329.159 11929 13914 0.857338
160334.543 11930 13915 0.857348
160335.475 11931 13916 0.857358
160338.902 11932 13917 0.857369
160340.266 11932 13918 0.857307
160341.569 11932 13919 0.857245
160344.454 11933 13920 0.857256
160350.508 11933 13921 0.857194
160379.402 11934 13922 0.857204
160385.356 11935 13923 0.857215
160391.432 11936 13924 0.857225
160392.505 11937 13925 0.857235
160392.692 11937 13926 0.857174
160397.597 11938 13927 0.857184
160397.848 11939 13928 0.857194
160402.927 11940 13929 0.857204
160403.717 11941 13930 0.857215
160404.108 11942 13931 0.857225
160409.106 11943 13932 0.857235
160409.706 11944 13933 0.857245
160409.981 11945 13934 0.857256
160415.120 11946 13935 0.857266
160415.246 11947 13936 0.857276
160415.727 11948 13937 0.857286
160421.213 11949 13938 0.857297
160421.332 11950 13939 0.857307
160421.520 11951 13940 0.857317
160426.747 11951 13941 0.857256
160427.232 11952 13942 0.857266
160427.284 11953 13943 0.857276
160432.865 11954 13944 0.857286
160433.471 11954 13945 0.857225
160438.813 11955 13946 0.857235
160444.986 11956 13947 0.857245
160445.227 11957 13948 0.857256
160451.480 11958 13949 0.857266
160461.093 11959 13950 0.857276
160466.696 11960 13951 0.857286
160472.406 11961 13952 0.857296
160477.113 11962 13953 0.857307
160478.102 11963 13954 0.857317
160478.329 11963 13955 0.857255
160483.274 11964 13956 0.857266
160484.227 11965 13957 0.857276
160486.251 11966 13958 0.857286
160489.450 11967 13959 0.857296
160490.435 11968 13960 0.857307
160492.205 11968 13961 0.857245
160495.585 11969 13962 0.857255
160497.345 11970 13963 0.857266
160501.886 11971 13964 0.857276
160503.820 11972 13965 0.857286
160509.124 11973 13966 0.857296
160509.422 11974 13967 0.857307
160515.530 11975 13968 0.857317
160516.326 11976 13969 0.857327
160521.187 11977 13970 0.857337
160522.414 11978 13971 0.857347
160527.452 11979 13972 0.857358
160528.075 11980 13973 0.857368
160529.248 11981 13974 0.857378
160534.739 11982 13975 0.857388
160535.385 11983 13976 0.857398
160540.398 11984 13977 0.857409
160541.591 11985 13978 0.857419
160545.233 11986 13979 0.857429
160546.014 11987 13980 0.857439
160547.279 11988 13981 0.857449
160551.672 11989 13982 0.857460
160552.339 11990 13983 0.857470
160552.956 11991 13984 0.857480
160557.708 11992 13985 0.857490
160558.200 11993 13986 0.857500
160558.507 11994 13987 0.857511
160561.651 11995 13988 0.857521
160563.310 11996 13989 0.857531
160563.978 11997 13990 0.857541
160564.605 11998 13991 0.857551
160568.087 11999 13992 0.857561
160568.831 12000 13993 0.857572
160570.833 12001 13994 0.857582
160574.382 12002 13995 0.857592
160574.412 12003 13996 0.857602
160576.905 12004 13997 0.857612
160579.093 12005 13998 0.857623
160580.472 12006 13999 0.857633
160581.669 12007 14000 0.857643
160582.643 12008 14001 0.857653
160585.542 12009 14002 0.857663
160586.845 12010 14003 0.857673
160587.986 12011 14004 0.857684
160588.641 12012 14005 0.857694
160591.763 12012 14006 0.857632
160593.079 12013 14007 0.857643
160594.161 12014 14008 0.857653
160595.248 12015 14009 0.857663
160599.357 12016 14010 0.857673
160599.821 12017 14011 0.857683
160601.502 12018 14012 0.857693
160605.037 12019 14013 0.857704
160606.484 12019 14014 0.857642
160607.181 12020 14015 0.857653
160610.680 12021 14016 0.857663
160612.824 12022 14017 0.857673
160616.904 12023 14018 0.857683
160618.481 12024 14019 0.857693
160624.715 12025 14020 0.857703
160630.259 12026 14021 0.857713
160631.057 12027 14022 0.857724
160636.683 12028 14023 0.857734
160636.826 12029 14024 0.857744
160642.526 12030 14025 0.857754
160642.862 12031 14026 0.857764
160643.544 12032 14027 0.857774
160648.439 12033 14028 0.857784
160648.641 12034 14029 0.857795
160649.838 12035 14030 0.857805
160653.851 12036 14031 0.857815
160654.635 12036 14032 0.857754
160656.273 12037 14033 0.857764
160659.846 12038 14034 0.857774
160659.869 12038 14035 0.857713
160665.989 12039 14036 0.857723
160667.849 12040 14037 0.857733
160672.529 12041 14038 0.857743
160673.445 12041 14039 0.857682
160678.588 12042 14040 0.857692
160684.864 12043 14041 0.857702
160691.126 12044 14042 0.857713
160696.650 12045 14043 0.857723
160702.339 12046 14044 0.857733
160705.394 12047 14045 0.857743
160708.471 12048 14046 0.857753
160711.345 12049 14047 0.857763
160711.952 12050 14048 0.857773
160714.602 12051 14049 0.857783
160717.394 12052 14050 0.857794
160717.467 12052 14051 0.857733
160720.691 12053 14052 0.857743
160723.471 12054 14053 0.857753
160726.529 12054 14054 0.857692
160726.839 12055 14055 0.857702
160729.208 12056 14056 0.857712
160732.935 12057 14057 0.857722
160735.468 12058 14058 0.857732
160739.067 12059 14059 0.857742
160741.148 12060 14060 0.857752
160744.648 12060 14061 0.857691
160747.262 12061 14062 0.857702
160753.257 12062 14063 0.857712
160759.275 12063 14064 0.857722
160764.622 12064 14065 0.857732
160770.575 12065 14066 0.857742
160772.120 12066 14067 0.857752
160776.752 12066 14068 0.857691
160777.713 12066 14069 0.857630
160781.036 12067 14070 0.857640
160787.269 12068 14071 0.857650
160797.239 12069 14072 0.857661
160797.430 12069 14073 0.857600
160803.339 12070 14074 0.857610
160809.272 12071 14075 0.857620
160815.103 12072 14076 0.857630
160821.202 12073 14077 0.857640
160827.342 12074 14078 0.857650
160828.369 12075 14079 0.857660
160829.462 12076 14080 0.857670
160833.734 12076 14081 0.857610
160834.426 12077 14082 0.857620
160835.422 12078 14083 0.857630
160840.735 12079 14084 0.857640
160841.417 12080 14085 0.857650
160846.235 12081 14086 0.857660
160847.316 12081 14087 0.857599
160848.995 12082 14088 0.857609
160852.227 12082 14089 0.857548
160855.330 12082 14090 0.857488
160885.512 12083 14091 0.857498
160891.308 12083 14092 0.857437
160898.525 12084 14093 0.857447
160904.328 12085 14094 0.857457
160904.682 12085 14095 0.857396
160907.378 12086 14096 0.857406
160910.307 12087 14097 0.857416
160913.087 12088 14098 0.857427
160916.263 12089 14099 0.857437
160918.791 12090 14100 0.857447
160922.569 12091 14101 0.857457
160924.527 12092 14102 0.857467
160928.420 12093 14103 0.857477
160930.160 12094 14104 0.857487
160934.472 12095 14105 0.857497
160936.300 12096 14106 0.857507
160939.920 12097 14107 0.857518
160942.079 12097 14108 0.857457
160942.716 12098 14109 0.857467
160945.877 12099 14110 0.857477
160948.838 12100 14111 0.857487
160951.811 12101 14112 0.857497
160954.929 12101 14113 0.857436
160957.548 12102 14114 0.857447
160957.772 12103 14115 0.857457
160963.551 12104 14116 0.857467
160963.681 12105 14117 0.857477
160969.249 12106 14118 0.857487
160969.734 12107 14119 0.857497
160975.326 12108 14120 0.857507
160975.903 12109 14121 0.857517
160981.455 12110 14122 0.857527
160982.092 12111 14123 0.857537
160988.278 12111 14124 0.857477
160988.385 12112 14125 0.857487
160993.432 12113 14126 0.857497
160994.758 12114 14127 0.857507
161001.154 12115 14128 0.857517
161003.807 12116 14129 0.857527
161006.889 12116 14130 0.857466
161007.080 12116 14131 0.857406
161009.741 12117 14132 0.857416
161015.932 12118 14133 0.857426
161022.162 12119 14134 0.857436
161028.347 12120 14135 0.857446
161035.546 12121 14136 0.857456
161040.186 12122 14137 0.857466
161045.808 12123 14138 0.857476
161051.425 12124 14139 0.857486
161057.000 12124 14140 0.857426
161058.863 12125 14141 0.857436
161060.096 12126 14142 0.857446
161061.545 12127 14143 0.857456
161064.661 12128 14144 0.857466
161066.676 12129 14145 0.857476
161067.975 12130 14146 0.857486
161071.094 12130 14147 0.857426
161072.798 12131 14148 0.857436
161074.433 12131 14149 0.857375
161079.083 12132 14150 0.857385
161085.330 12133 14151 0.857395
161091.400 12134 14152 0.857405
161096.925 12135 14153 0.857415
161102.972 12136 14154 0.857425
161108.717 12137 14155 0.857436
161109.062 12138 14156 0.857446
161114.534 12139 14157 0.857456
161114.904 12140 14158 0.857466
161119.979 12141 14159 0.857476
161121.574 12141 14160 0.857415
161123.283 12142 14161 0.857425
161126.735 12143 14162 0.857435
161129.593 12144 14163 0.857445
161133.314 12145 14164 0.857456
161133.684 12146 14165 0.857466
161135.779 12147 14166 0.857476
161138.984 12148 14167 0.857486
161139.287 12149 14168 0.857496
161145.140 12150 14169 0.857506
161145.515 12150 14170 0.857445
161150.091 12151 14171 0.857455
161150.767 12152 14172 0.857465
161155.594 12153 14173 0.857475
161156.799 12153 14174 0.857415
161161.713 12154 14175 0.857425
161167.902 12155 14176 0.857435
161174.185 12156 14177 0.857445
161174.539 12157 14178 0.857455
161179.866 12158 14179 0.857465
161180.142 12159 14180 0.857475
161186.206 12160 14181 0.857485
161189.365 12161 14182 0.857495
161192.357 12162 14183 0.857505
161195.563 12163 14184 0.857516
161196.738 12164 14185 0.857526
161199.334 12165 14186 0.857536
161201.767 12166 14187 0.857546
161202.539 12167 14188 0.857556
161204.899 12168 14189 0.857566
161208.496 12169 14190 0.857576
161208.673 12170 14191 0.857586
161209.012 12171 14192 0.857596
161210.439 12172 14193 0.857606
161214.621 12172 14194 0.857545
161214.714 12173 14195 0.857555
161215.076 12174 14196 0.857566
161216.037 12175 14197 0.857576
161220.520 12176 14198 0.857586
161220.864 12177 14199 0.857596
161221.910 12178 14200 0.857606
161226.578 12178 14201 0.857545
161226.602 12178 14202 0.857485
161227.360 12179 14203 0.857495
161233.272 12180 14204 0.857505
161238.736 12181 14205 0.857515
161244.323 12182 14206 0.857525
161250.156 12182 14207 0.857465
161267.150 12183 14208 0.857475
161273.412 12184 14209 0.857485
161278.062 12185 14210 0.857495
161278.444 12186 14211 0.857505
161279.075 12187 14212 0.857515
161284.238 12188 14213 0.857525
161284.300 12189 14214 0.857535
161285.520 12190 14215 0.857545
161290.143 12191 14216 0.857555
161290.572 12192 14217 0.857565
161292.186 12192 14218 0.857505
161295.749 12192 14219 0.857444
161296.454 12193 14220 0.857454
161301.995 12194 14221 0.857464
161302.351 12195 14222 0.857474
161308.498 12196 14223 0.857484
161308.565 12197 14224 0.857494
161315.439 12198 14225 0.857504
161315.441 12199 14226 0.857514
161321.307 12200 14227 0.857524
161321.367 12201 14228 0.857534
161326.743 12202 14229 0.857544
161327.448 12202 14230 0.857484
161332.734 12203 14231 0.857494
161339.050 12204 14232 0.857504
161344.813 12205 14233 0.857514
161345.405 12205 14234 0.857454
161348.495 12205 14235 0.857394
161351.012 12205 14236 0.857334
161379.495 12206 14237 0.857344
161385.600 12207 14238 0.857354
161391.799 12208 14239 0.857364
161397.784 12209 14240 0.857374
161398.215 12210 14241 0.857384
161401.052 12210 14242 0.857323
161403.443 12211 14243 0.857333
161403.754 12212 14244 0.857343
161404.200 12213 14245 0.857353
161408.902 12214 14246 0.857363
161410.194 12214 14247 0.857303
161410.453 12215 14248 0.857313
161414.970 12215 14249 0.857253
161416.994 12216 14250 0.857263
161423.370 12217 14251 0.857273
161429.190 12218 14252 0.857283
161436.001 12218 14253 0.857223
161453.081 12219 14254 0.857233
161458.897 12220 14255 0.857243
161462.896 12221 14256 0.857253
161465.322 12222 14257 0.857263
161466.700 12223 14258 0.857273
161468.874 12224 14259 0.857283
161472.106 12225 14260 0.857293
161472.817 12226 14261 0.857303
161474.812 12226 14262 0.857243
161478.762 12227 14263 0.857253
161479.879 12228 14264 0.857263
161484.798 12229 14265 0.857273
161486.738 12230 14266 0.857283
161487.783 12231 14267 0.857293
161493.031 12232 14268 0.857303
161494.317 12233 14269 0.857313
161498.703 12234 14270 0.857323
161500.426 12235 14271 0.857333
161504.395 12236 14272 0.857343
161506.018 12237 14273 0.857353
161509.965 12237 14274 0.857293
161510.878 12238 14275 0.857303
161512.316 12239 14276 0.857313
161516.987 12240 14277 0.857323
161517.980 12241 14278 0.857333
161523.059 12241 14279 0.857273
161524.110 12241 14280 0.857213
161528.018 12241 14281 0.857153
161565.298 12241 14282 0.857093
161576.382 12242 14283 0.857103
161577.507 12242 14284 0.857043
161579.988 12243 14285 0.857053
161582.576 12244 14286 0.857063
161585.554 12245 14287 0.857073
161588.458 12245 14288 0.857013
161591.188 12246 14289 0.857023
161597.245 12247 14290 0.857033
161603.224 12248 14291 0.857043
161608.832 12249 14292 0.857053
161614.373 12250 14293 0.857063
161618.581 12251 14294 0.857073
161620.340 12252 14295 0.857083
161624.515 12253 14296 0.857093
161625.742 12254 14297 0.857103
161629.382 12255 14298 0.857113
161630.544 12256 14299 0.857123
161631.882 12256 14300 0.857063
161635.536 12257 14301 0.857073
161636.278 12258 14302 0.857083
161639.317 12259 14303 0.857093
161641.191 12260 14304 0.857103
161642.325 12261 14305 0.857113
161645.581 12262 14306 0.857123
161647.231 12263 14307 0.857133
161648.211 12264 14308 0.857143
161651.791 12265 14309 0.857153
161653.248 12266 14310 0.857163
161654.235 12267 14311 0.857173
161657.494 12268 14312 0.857183
161658.891 12269 14313 0.857193
161659.906 12270 14314 0.857203
161663.708 12270 14315 0.857143
161665.137 12271 14316 0.857153
161666.159 12272 14317 0.857163
161670.819 12273 14318 0.857173
161672.564 12274 14319 0.857183
161678.139 12274 14320 0.857123
161678.375 12275 14321 0.857133
161683.434 12276 14322 0.857143
161684.655 12277 14323 0.857153
161689.522 12278 14324 0.857163
161690.315 12279 14325 0.857173
161695.040 12280 14326 0.857183
161696.776 12281 14327 0.857193
161700.763 12282 14328 0.857203
161706.341 12283 14329 0.857213
161712.556 12284 14330 0.857223
161716.924 12284 14331 0.857163
161718.010 12285 14332 0.857173
161725.631 12285 14333 0.857113
161729.682 12286 14334 0.857123
161731.364 12287 14335 0.857133
161735.880 12288 14336 0.857143
161736.860 12288 14337 0.857083
161743.140 12289 14338 0.857093
161749.387 12290 14339 0.857103
161755.237 12291 14340 0.857113
161763.842 12292 14341 0.857123
161770.064 12293 14342 0.857133
161770.260 12294 14343 0.857143
161776.172 12295 14344 0.857153
161776.445 12296 14345 0.857163
161777.995 12297 14346 0.857173
161782.490 12298 14347 0.857183
161782.986 12299 14348 0.857193
161784.237 12300 14349 0.857203
161788.503 12301 14350 0.857213
161788.579 12302 14351 0.857222
161789.116 12303 14352 0.857232
161790.329 12304 14353 0.857242
161794.162 12305 14354 0.857252
161794.787 12306 14355 0.857262
161795.382 12307 14356 0.857272
161796.548 12307 14357 0.857213
161800.371 12308 14358 0.857222
161801.712 12309 14359 0.857232
161802.793 12310 14360 0.857242
161806.438 12311 14361 0.857252
161807.531 12312 14362 0.857262
161809.272 12313 14363 0.857272
161812.147 12314 14364 0.857282
161813.732 12315 14365 0.857292
161814.937 12316 14366 0.857302
161817.744 12317 14367 0.857312
161820.160 12318 14368 0.857322
161823.540 12319 14369 0.857332
161825.909 12320 14370 0.857342
161829.397 12321 14371 0.857352
161831.555 12322 14372 0.857362
161835.876 12323 14373 0.857371
161837.643 12324 14374 0.857381
161837.844 12325 14375 0.857391
161842.266 12326 14376 0.857401
161844.047 12327 14377 0.857411
161844.082 12328 14378 0.857421
161848.768 12329 14379 0.857431
161849.794 12330 14380 0.857441
161850.461 12331 14381 0.857451
161851.003 12332 14382 0.857461
161855.084 12333 14383 0.857471
161855.574 12334 14384 0.857481
161856.712 12335 14385 0.857490
161856.917 12336 14386 0.857500
161861.172 12337 14387 0.857510
161861.894 12338 14388 0.857520
161863.071 12339 14389 0.857530
161863.223 12339 14390 0.857470
161866.915 12340 14391 0.857480
161868.262 12341 14392 0.857490
161869.338 12342 14393 0.857500
161873.158 12343 14394 0.857510
161874.063 12344 14395 0.857520
161875.396 12345 14396 0.857530
161879.406 12345 14397 0.857470
161879.792 12346 14398 0.857480
161881.127 12347 14399 0.857490
161885.678 12348 14400 0.857500
161886.822 12348 14401 0.857440
161891.945 12349 14402 0.857450
161898.131 12350 14403 0.857460
161904.381 12351 14404 0.857470
161910.147 12352 14405 0.857480
161915.796 12353 14406 0.857490
161916.593 12354 14407 0.857500
161921.904 12355 14408 0.857510
161927.473 12356 14409 0.857520
161930.245 12357 14410 0.857529
161933.056 12357 14411 0.857470
161936.227 12358 14412 0.857480
161940.711 12359 14413 0.857490
161942.360 12360 14414 0.857500
161946.893 12361 14415 0.857510
161947.436 12362 14416 0.857519
161947.989 12363 14417 0.857529
161953.755 12364 14418 0.857539
161953.767 12364 14419 0.857480
161954.100 12365 14420 0.857490
161959.394 12365 14421 0.857430
161960.335 12366 14422 0.857440
161966.021 12367 14423 0.857450
161978.390 12368 14424 0.857460
161984.419 12369 14425 0.857470
161984.625 12370 14426 0.857480
161990.296 12371 14427 0.857489
161990.625 12372 14428 0.857499
161996.627 12372 14429 0.857440
162005.233 12373 14430 0.857450
162009.688 12374 14431 0.857460
162011.491 12375 14432 0.857470
162011.629 12376 14433 0.857479
162015.216 12377 14434 0.857489
162017.204 12378 14435 0.857499
162017.928 12379 14436 0.857509
162021.485 12380 14437 0.857519
162023.522 12381 14438 0.857529
162024.123 12382 14439 0.857539
162027.700 12382 14440 0.857479
162029.175 12383 14441 0.857489
162030.066 12384 14442 0.857499
162035.353 12385 14443 0.857509
162036.292 12385 14444 0.857449
162040.941 12385 14445 0.857390
162048.163 12386 14446 0.857400
162054.447 12387 14447 0.857410
162060.084 12388 14448 0.857420
162066.213 12389 14449 0.857430
162072.671 12390 14450 0.857439
162078.738 12391 14451 0.857449
162080.760 12392 14452 0.857459
162084.146 12393 14453 0.857469
162086.800 12394 14454 0.857479
162088.449 12395 14455 0.857489
162091.781 12396 14456 0.857499
162092.921 12397 14457 0.857508
162094.638 12398 14458 0.857518
162099.052 12399 14459 0.857528
162100.908 12400 14460 0.857538
162105.203 12401 14461 0.857548
162107.253 12402 14462 0.857558
162109.342 12403 14463 0.857568
162109.531 12404 14464 0.857577
162111.453 12405 14465 0.857587
162112.873 12406 14466 0.857597
162115.076 12407 14467 0.857607
162115.084 12407 14468 0.857548
162117.772 12408 14469 0.857558
162121.328 12409 14470 0.857567
162121.673 12410 14471 0.857577
162124.606 12411 14472 0.857587
162127.530 12412 14473 0.857597
162127.850 12413 14474 0.857607
162130.802 12414 14475 0.857617
162133.757 12415 14476 0.857626
162134.012 12416 14477 0.857636
162136.377 12417 14478 0.857646
162139.570 12418 14479 0.857656
162139.779 12418 14480 0.857597
162142.426 12419 14481 0.857607
162145.871 12419 14482 0.857547
162149.040 12420 14483 0.857557
162167.758 12421 14484 0.857567
162173.942 12421 14485 0.857508
162177.333 12422 14486 0.857518
162183.015 12423 14487 0.857527
162189.025 12424 14488 0.857537
162190.826 12425 14489 0.857547
162195.231 12426 14490 0.857557
162196.861 12427 14491 0.857567
162198.046 12428 14492 0.857577
162201.455 12429 14493 0.857586
162202.777 12430 14494 0.857596
162204.213 12431 14495 0.857606
162207.173 12432 14496 0.857616
162209.073 12433 14497 0.857626
162209.921 12434 14498 0.857636
162212.781 12434 14499 0.857576
162214.868 12435 14500 0.857586
162216.516 12436 14501 0.857596
162220.729 12436 14502 0.857537
162222.984 12437 14503 0.857547
162225.644 12438 14504 0.857557
162228.716 12439 14505 0.857566
162232.212 12440 14506 0.857576
162234.457 12440 14507 0.857517
162238.400 12441 14508 0.857527
162261.819 12442 14509 0.857537
162264.457 12442 14510 0.857478
162267.688 12443 14511 0.857487
162273.569 12444 14512 0.857497
162278.398 12445 14513 0.857507
162279.420 12446 14514 0.857517
162284.551 12447 14515 0.857527
162285.462 12448 14516 0.857537
162286.216 12449 14517 0.857546
162290.728 12450 14518 0.857556
162292.018 12451 14519 0.857566
162292.026 12452 14520 0.857576
162296.923 12453 14521 0.857586
162298.333 12454 14522 0.857595
162298.443 12455 14523 0.857605
162302.569 12456 14524 0.857615
162304.697 12457 14525 0.857625
162308.874 12458 14526 0.857635
162309.422 12458 14527 0.857576
162311.232 12459 14528 0.857585
162314.727 12459 14529 0.857526
162317.103 12460 14530 0.857536
162317.175 12461 14531 0.857546
162322.905 12462 14532 0.857556
162323.550 12463 14533 0.857566
162328.614 12463 14534 0.857507
162329.906 12464 14535 0.857516
162336.474 12464 14536 0.857457
162362.554 12465 14537 0.857467
162367.293 12466 14538 0.857477
162369.004 12467 14539 0.857487
162372.987 12468 14540 0.857497
162375.056 12469 14541 0.857506
162381.231 12470 14542 0.857516
162382.241 12471 14543 0.857526
162387.261 12472 14544 0.857536
162387.278 12473 14545 0.857546
162387.707 12474 14546 0.857555
162388.401 12475 14547 0.857565
162393.024 12476 14548 0.857575
162393.761 12477 14549 0.857585
162393.950 12478 14550 0.857595
162394.869 12479 14551 0.857604
162398.860 12480 14552 0.857614
162399.283 12481 14553 0.857624
162399.681 12482 14554 0.857634
162401.082 12483 14555 0.857643
162404.578 12484 14556 0.857653
162404.997 12485 14557 0.857663
162406.010 12486 14558 0.857673
162407.265 12487 14559 0.857683
162410.896 12488 14560 0.857692
162411.111 12488 14561 0.857633
162413.194 12488 14562 0.857575
162416.803 12489 14563 0.857584
162418.478 12490 14564 0.857594
162422.776 12491 14565 0.857604
162424.058 12492 14566 0.857614
162429.075 12493 14567 0.857623
162430.226 12494 14568 0.857633
162434.947 12495 14569 0.857643
162435.785 12496 14570 0.857653
162441.222 12497 14571 0.857662
162441.844 12497 14572 0.857604
162447.222 12497 14573 0.857545
162453.082 12498 14574 0.857555
162459.972 12499 14575 0.857564
162463.161 12499 14576 0.857505
162465.519 12500 14577 0.857515
162466.613 12501 14578 0.857525
162473.192 12502 14579 0.857535
162475.198 12503 14580 0.857545
162479.364 12504 14581 0.857554
162481.505 12505 14582 0.857564
162485.735 12506 14583 0.857574
162487.291 12507 14584 0.857584
162491.973 12508 14585 0.857593
162493.837 12509 14586 0.857603
162494.046 12510 14587 0.857613
162499.716 12511 14588 0.857623
162500.216 12512 14589 0.857632
162500.674 12513 14590 0.857642
162505.459 12514 14591 0.857652
162506.458 12515 14592 0.857662
162506.846 12516 14593 0.857671
162511.228 12517 14594 0.857681
162512.129 12518 14595 0.857691
162512.661 12519 14596 0.857701
162516.305 12520 14597 0.857710
162516.808 12521 14598 0.857720
162518.451 12522 14599 0.857730
162518.576 12523 14600 0.857740
162521.940 12524 14601 0.857749
162523.398 12525 14602 0.857759
162524.282 12526 14603 0.857769
162524.810 12527 14604 0.857779
162527.549 12528 14605 0.857788
162529.186 12528 14606 0.857730
162530.619 12528 14607 0.857671
162530.651 12529 14608 0.857681
162533.539 12530 14609 0.857690
162537.402 12530 14610 0.857632
162541.845 12531 14611 0.857642
162550.360 12532 14612 0.857651
162555.921 12533 14613 0.857661
162562.197 12534 14614 0.857671
162569.098 12535 14615 0.857680
162575.058 12536 14616 0.857690
162581.042 12537 14617 0.857700
162581.699 12538 14618 0.857710
162584.760 12539 14619 0.857719
162587.044 12540 14620 0.857729
162587.309 12541 14621 0.857739
162588.150 12541 14622 0.857680
162590.966 12542 14623 0.857690
162592.695 12543 14624 0.857700
162593.921 12544 14625 0.857709
162597.107 12545 14626 0.857719
162598.850 12546 14627 0.857729
162600.136 12546 14628 0.857670
162603.684 12547 14629 0.857680
162605.100 12548 14630 0.857690
162610.062 12549 14631 0.857699
162611.804 12550 14632 0.857709
162616.404 12551 14633 0.857719
162618.676 12551 14634 0.857660
162622.303 12552 14635 0.857670
162628.590 12553 14636 0.857680
162635.372 12554 14637 0.857689
162639.701 12555 14638 0.857699
162641.030 12556 14639 0.857709
162645.799 12557 14640 0.857719
162647.255 12558 14641 0.857728
162652.154 12559 14642 0.857738
162652.862 12560 14643 0.857748
162653.434 12561 14644 0.857757
162658.410 12562 14645 0.857767
162659.221 12563 14646 0.857777
162659.671 12564 14647 0.857787
162664.173 12564 14648 0.857728
162664.934 12564 14649 0.857669
162665.817 12564 14650 0.857611
162670.676 12565 14651 0.857621
162676.333 12566 14652 0.857630
162682.531 12567 14653 0.857640
162688.576 12568 14654 0.857650
162694.588 12568 14655 0.857591
162716.436 12569 14656 0.857601
162716.623 12570 14657 0.857611
162717.568 12571 14658 0.857620
162722.283 12571 14659 0.857562
162722.920 12572 14660 0.857572
162723.360 12573 14661 0.857581
162729.104 12574 14662 0.857591
162729.617 12575 14663 0.857601
162734.887 12576 14664 0.857610
162736.007 12577 14665 0.857620
162741.206 12578 14666 0.857630
162742.416 12578 14667 0.857571
162745.721 12579 14668 0.857581
162747.182 12579 14669 0.857523
162751.509 12580 14670 0.857532
162758.023 12581 14671 0.857542
162763.572 12582 14672 0.857552
162769.681 12583 14673 0.857562
162774.275 12584 14674 0.857571
162775.625 12585 14675 0.857581
162780.261 12586 14676 0.857591
162781.541 12587 14677 0.857600
162786.321 12588 14678 0.857610
162787.187 12589 14679 0.857620
162792.496 12590 14680 0.857629
162793.370 12591 14681 0.857639
162796.311 12592 14682 0.857649
162798.548 12593 14683 0.857659
162799.526 12594 14684 0.857668
162800.513 12595 14685 0.857678
162802.921 12596 14686 0.857688
162804.787 12597 14687 0.857697
162805.748 12598 14688 0.857707
162806.730 12599 14689 0.857717
162808.670 12600 14690 0.857726
162811.815 12600 14691 0.857668
162812.190 12601 14692 0.857678
162813.341 12602 14693 0.857687
162815.090 12602 14694 0.857629
162817.781 12603 14695 0.857639
162819.473 12604 14696 0.857648
162823.325 12605 14697 0.857658
162830.102 12606 14698 0.857668
162834.010 12607 14699 0.857677
162835.758 12607 14700 0.857619
162839.633 12608 14701 0.857629
162846.062 12609 14702 0.857638
162852.039 12609 14703 0.857580
162864.305 12610 14704 0.857590
162871.456 12611 14705 0.857599
162877.723 12612 14706 0.857609
162882.003 12613 14707 0.857619
162883.763 12614 14708 0.857629
162888.053 12615 14709 0.857638
162888.128 12616 14710 0.857648
162890.555 12617 14711 0.857658
162893.683 12618 14712 0.857667
162893.881 12619 14713 0.857677
162896.856 12620 14714 0.857687
162899.773 12621 14715 0.857696
162900.166 12621 14716 0.857638
162903.019 12621 14717 0.857580
162904.648 12622 14718 0.857589
162907.207 12623 14719 0.857599
162911.008 12624 14720 0.857609
162912.865 12624 14721 0.857550
162917.254 12625 14722 0.857560
162923.660 12626 14723 0.857570
162930.387 12627 14724 0.857579
162936.441 12628 14725 0.857589
162942.048 12629 14726 0.857599
162952.289 12630 14727 0.857608
162955.000 12631 14728 0.857618
162958.441 12631 14729 0.857560
162960.734 12631 14730 0.857502
162964.505 12632 14731 0.857511
162966.866 12633 14732 0.857521
162970.624 12634 14733 0.857531
162973.095 12635 14734 0.857540
162977.198 12636 14735 0.857550
162978.753 12637 14736 0.857560
162982.893 12638 14737 0.857569
162984.724 12639 14738 0.857579
162990.687 12640 14739 0.857589
162991.352 12641 14740 0.857598
162996.626 12642 14741 0.857608
162998.557 12643 14742 0.857618
163004.663 12644 14743 0.857627
163006.614 12645 14744 0.857637
163010.750 12646 14745 0.857647
163010.955 12646 14746 0.857588
163012.155 12647 14747 0.857598
163013.379 12648 14748 0.857608
163016.451 12649 14749 0.857617
163018.362 12650 14750 0.857627
163019.012 12651 14751 0.857637
163021.941 12652 14752 0.857646
163024.384 12652 14753 0.857588
163025.313 12653 14754 0.857598
163028.575 12654 14755 0.857608
163031.527 12654 14756 0.857549
163034.974 12655 14757 0.857559
163045.651 12656 14758 0.857569
163051.777 12656 14759 0.857511
163061.809 12657 14760 0.857520
163067.583 12657 14761 0.857462
163077.083 12657 14762 0.857404
163084.513 12658 14763 0.857414
163090.282 12659 14764 0.857423
163096.570 12660 14765 0.857433
163102.729 12660 14766 0.857375
163103.053 12661 14767 0.857385
163108.845 12662 14768 0.857394
163115.169 12663 14769 0.857404
163118.792 12664 14770 0.857414
163121.395 12665 14771 0.857423
163125.212 12666 14772 0.857433
163127.018 12667 14773 0.857443
163129.047 12668 14774 0.857452
163130.927 12669 14775 0.857462
163134.832 12670 14776 0.857472
163137.555 12670 14777 0.857414
163141.054 12671 14778 0.857423
163142.290 12672 14779 0.857433
163147.118 12672 14780 0.857375
163148.682 12673 14781 0.857384
163155.022 12674 14782 0.857394
163155.190 12674 14783 0.857336
163161.971 12675 14784 0.857346
163168.304 12676 14785 0.857355
163173.998 12676 14786 0.857297
163190.773 12676 14787 0.857239
163200.965 12677 14788 0.857249
163206.392 12678 14789 0.857259
163207.078 12679 14790 0.857268
163212.728 12680 14791 0.857278
163213.238 12681 14792 0.857288
163218.992 12682 14793 0.857297
163219.274 12682 14794 0.857239
163227.039 12683 14795 0.857249
163233.373 12684 14796 0.857259
163236.599 12684 14797 0.857201
163239.437 12685 14798 0.857210
163243.781 12686 14799 0.857220
163246.115 12687 14800 0.857230
163252.425 12687 14801 0.857172
163260.556 12688 14802 0.857181
163266.470 12688 14803 0.857124
163271.906 12688 14804 0.857066
163272.010 12689 14805 0.857075
163278.257 12690 14806 0.857085
163284.571 12691 14807 0.857095
163288.580 12692 14808 0.857104
163294.634 12693 14809 0.857114
163300.380 12694 14810 0.857124
163304.334 12695 14811 0.857133
163306.500 12696 14812 0.857143
163310.691 12697 14813 0.857153
163312.755 12698 14814 0.857162
163316.818 12699 14815 0.857172
163318.877 12700 14816 0.857181
163323.405 12701 14817 0.857191
163324.589 12702 14818 0.857201
163325.138 12703 14819 0.857210
163330.018 12703 14820 0.857152
163330.509 12704 14821 0.857162
163330.843 12705 14822 0.857172
163335.208 12706 14823 0.857181
163336.653 12706 14824 0.857124
163337.150 12707 14825 0.857133
163340.774 12708 14826 0.857143
163343.049 12708 14827 0.857085
163346.953 12709 14828 0.857095
163352.563 12709 14829 0.857037
163382.033 12710 14830 0.857047
163387.738 12711 14831 0.857056
163388.262 12712 14832 0.857066
163393.873 12713 14833 0.857075
163394.072 12714 14834 0.857085
163394.221 12715 14835 0.857095
163399.954 12716 14836 0.857104
163400.300 12717 14837 0.857114
163400.444 12718 14838 0.857124
163405.348 12719 14839 0.857133
163406.228 12719 14840 0.857075
163406.620 12719 14841 0.857018
163406.856 12720 14842 0.857027
163411.842 12721 14843 0.857037
163412.514 12722 14844 0.857047
163417.711 12722 14845 0.856989
163418.428 12723 14846 0.856999
163425.530 12724 14847 0.857008
163431.811 12725 14848 0.857018
163437.512 12725 14849 0.856960
163458.189 12726 14850 0.856970
163458.867 12726 14851 0.856912
163463.989 12727 14852 0.856922
163469.757 12727 14853 0.856864
163470.317 12728 14854 0.856874
163478.215 12728 14855 0.856816
163490.435 12729 14856 0.856826
163496.350 12730 14857 0.856835
163502.012 12730 14858 0.856777
163510.821 12731 14859 0.856787
163517.284 12732 14860 0.856797
163522.958 12733 14861 0.856806
163523.169 12734 14862 0.856816
163528.723 12735 14863 0.856826
163529.865 12736 14864 0.856835
163531.431 12737 14865 0.856845
163536.109 12738 14866 0.856855
163537.258 12739 14867 0.856864
163542.506 12740 14868 0.856874
163543.468 12741 14869 0.856883
163545.653 12742 14870 0.856893
163549.011 12743 14871 0.856903
163549.768 12744 14872 0.856912
163551.387 12744 14873 0.856855
163554.410 12745 14874 0.856864
163555.388 12746 14875 0.856874
163556.273 12747 14876 0.856884
163561.905 12747 14877 0.856826
163562.604 12748 14878 0.856836
163568.881 12749 14879 0.856845
163575.189 12750 14880 0.856855
163581.005 12751 14881 0.856864
163586.640 12752 14882 0.856874
163587.337 12753 14883 0.856884
163593.273 12754 14884 0.856893
163593.633 12755 14885 0.856903
163599.712 12756 14886 0.856913
163599.939 12757 14887 0.856922
163603.555 12758 14888 0.856932
163605.462 12759 14889 0.856941
163605.908 12760 14890 0.856951
163609.808 12760 14891 0.856893
163611.902 12760 14892 0.856836
163612.241 12761 14893 0.856845
163614.556 12762 14894 0.856855
163618.431 12763 14895 0.856865
163620.347 12764 14896 0.856874
163624.742 12765 14897 0.856884
163626.449 12766 14898 0.856894
163630.992 12767 14899 0.856903
163632.149 12768 14900 0.856913
163637.262 12769 14901 0.856922
163638.349 12770 14902 0.856932
163643.820 12771 14903 0.856942
163643.933 12772 14904 0.856951
163649.559 12773 14905 0.856961
163650.229 12773 14906 0.856903
163655.782 12774 14907 0.856913
163662.048 12775 14908 0.856922
163663.793 12776 14909 0.856932
163667.627 12777 14910 0.856942
163670.120 12778 14911 0.856951
163673.838 12779 14912 0.856961
163674.889 12780 14913 0.856970
163675.897 12781 14914 0.856980
163679.415 12782 14915 0.856990
163680.387 12783 14916 0.856999
163682.364 12784 14917 0.857009
163684.976 12785 14918 0.857018
163686.631 12786 14919 0.857028
163688.797 12787 14920 0.857038
163691.211 12788 14921 0.857047
163692.811 12789 14922 0.857057
163694.600 12790 14923 0.857066
163697.300 12791 14924 0.857076
163698.817 12792 14925 0.857085
163700.926 12793 14926 0.857095
163704.079 12794 14927 0.857105
163704.594 12794 14928 0.857047
163708.545 12795 14929 0.857057
163709.335 12796 14930 0.857066
163709.707 12797 14931 0.857076
163714.814 12798 14932 0.857085
163715.166 12799 14933 0.857095
163716.021 12800 14934 0.857105
163721.191 12801 14935 0.857114
163721.427 12801 14936 0.857057
163722.045 12802 14937 0.857066
163727.676 12803 14938 0.857076
163728.119 12804 14939 0.857085
163734.341 12804 14940 0.857028
163734.470 12805 14941 0.857038
163740.773 12806 14942 0.857047
163747.056 12807 14943 0.857057
163753.443 12808 14944 0.857066
163755.581 12809 14945 0.857076
163761.865 12810 14946 0.857086
163767.645 12811 14947 0.857095
163772.959 12812 14948 0.857105
163773.666 12813 14949 0.857114
163778.779 12814 14950 0.857124
163779.283 12815 14951 0.857133
163785.105 12816 14952 0.857143
163786.061 12817 14953 0.857152
163791.329 12818 14954 0.857162
163792.184 12819 14955 0.857172
163797.631 12820 14956 0.857181
163798.400 12821 14957 0.857191
163803.629 12822 14958 0.857200
163804.043 12823 14959 0.857210
163804.285 12824 14960 0.857219
163804.752 12825 14961 0.857229
163809.895 12826 14962 0.857238
163810.286 12827 14963 0.857248
163810.979 12828 14964 0.857257
163811.228 12829 14965 0.857267
163816.152 12830 14966 0.857276
163816.186 12831 14967 0.857286
163817.427 12831 14968 0.857229
163817.446 12832 14969 0.857238
163821.939 12832 14970 0.857181
163822.612 12833 14971 0.857191
163823.520 12834 14972 0.857200
163828.699 12835 14973 0.857210
163829.822 12835 14974 0.857152
163834.896 12836 14975 0.857162
163840.997 12837 14976 0.857171
163847.265 12838 14977 0.857181
163853.066 12839 14978 0.857191
163859.519 12840 14979 0.857200
163865.733 12841 14980 0.857210
163869.369 12842 14981 0.857219
163872.149 12843 14982 0.857229
163873.324 12844 14983 0.857238
163875.653 12845 14984 0.857248
163878.590 12846 14985 0.857257
163879.536 12847 14986 0.857267
163881.926 12848 14987 0.857276
163882.573 12849 14988 0.857286
163884.391 12850 14989 0.857295
163886.167 12851 14990 0.857305
163888.106 12852 14991 0.857314
163889.229 12853 14992 0.857324
163892.453 12854 14993 0.857333
163892.716 12855 14994 0.857343
163893.970 12856 14995 0.857352
163895.667 12857 14996 0.857362
163898.219 12858 14997 0.857371
163899.227 12858 14998 0.857314
163899.795 12859 14999 0.857324
163901.726 12860 15000 0.857333
163903.776 12861 15001 0.857343
163905.536 12862 15002 0.857352
163907.776 12863 15003 0.857362
163912.264 12864 15004 0.857371
163913.994 12865 15005 0.857381
163914.371 12866 15006 0.857390
163918.842 12867 15007 0.857400
163920.346 12868 15008 0.857409
163920.629 12868 15009 0.857352
163926.772 12869 15010 0.857362
163929.218 12870 15011 0.857371
163933.251 12871 15012 0.857381
163939.087 12872 15013 0.857390
163945.086 12873 15014 0.857400
163951.279 12874 15015 0.857409
163952.004 12874 15016 0.857352
163957.224 12875 15017 0.857362
163963.033 12876 15018 0.857371
163967.596 12877 15019 0.857381
163969.350 12878 15020 0.857390
163974.069 12878 15021 0.857333
163974.183 12879 15022 0.857343
163975.726 12880 15023 0.857352
163980.487 12881 15024 0.857362
163982.060 12882 15025 0.857371
163986.561 12883 15026 0.857381
163988.009 12884 15027 0.857390
163992.721 12884 15028 0.857333
163993.862 12885 15029 0.857342
164000.370 12886 15030 0.857352
164003.096 12887 15031 0.857361
164006.377 12888 15032 0.857371
164008.833 12889 15033 0.857380
164012.270 12889 15034 0.857323
164015.079 12890 15035 0.857333
164020.947 12891 15036 0.857342
164026.015 12892 15037 0.857352
164026.958 12893 15038 0.857361
164031.847 12894 15039 0.857371
164032.675 12895 15040 0.857380
164038.084 12896 15041 0.857390
164038.403 12897 15042 0.857399
164044.139 12897 15043 0.857342
164044.213 12898 15044 0.857352
164044.930 12899 15045 0.857361
164049.963 12900 15046 0.857371
164051.009 12901 15047 0.857380
164057.326 12902 15048 0.857390
164057.344 12903 15049 0.857399
164063.556 12904 15050 0.857409
164064.355 12905 15051 0.857418
164069.514 12906 15052 0.857428
164071.184 12907 15053 0.857437
164074.600 12907 15054 0.857380
164075.132 12908 15055 0.857390
164077.089 12909 15056 0.857399
164080.748 12910 15057 0.857409
164083.431 12911 15058 0.857418
164086.539 12912 15059 0.857427
164090.323 12913 15060 0.857437
164092.546 12914 15061 0.857446
164096.979 12915 15062 0.857456
164098.152 12916 15063 0.857465
164098.514 12917 15064 0.857475
164102.964 12918 15065 0.857484
164104.566 12919 15066 0.857494
164107.057 12919 15067 0.857437
164109.612 12919 15068 0.857380
164110.691 12920 15069 0.857389
164116.363 12920 15070 0.857332
164125.943 12921 15071 0.857342
164132.338 12922 15072 0.857351
164138.153 12923 15073 0.857361
164143.742 12924 15074 0.857370
164149.878 12925 15075 0.857380
164155.533 12925 15076 0.857323
164159.196 12925 15077 0.857266
164161.918 12925 15078 0.857209
164168.572 12926 15079 0.857219
164175.206 12927 15080 0.857228
164180.924 12927 15081 0.857171
164209.543 12927 15082 0.857114
164211.541 12928 15083 0.857124
164213.857 12929 15084 0.857133
164217.930 12930 15085 0.857143
164219.649 12931 15086 0.857152
164224.204 12931 15087 0.857096
164225.939 12932 15088 0.857105
164231.688 12933 15089 0.857114
164232.279 12934 15090 0.857124
164238.155 12935 15091 0.857133
164239.146 12936 15092 0.857143
164244.462 12937 15093 0.857152
164245.481 12937 15094 0.857096
164250.511 12938 15095 0.857105
164256.730 12939 15096 0.857114
164261.149 12940 15097 0.857124
164263.060 12940 15098 0.857067
164267.082 12941 15099 0.857077
164274.152 12942 15100 0.857086
164275.972 12943 15101 0.857096
164280.597 12944 15102 0.857105
164281.529 12945 15103 0.857114
164287.106 12946 15104 0.857124
164287.463 12947 15105 0.857133
164293.808 12948 15106 0.857143
164294.192 12949 15107 0.857152
164297.335 12950 15108 0.857162
164300.522 12951 15109 0.857171
164303.684 12951 15110 0.857114
164305.279 12952 15111 0.857124
164306.342 12952 15112 0.857067
164311.534 12953 15113 0.857077
164314.081 12953 15114 0.857020
164317.650 12954 15115 0.857029
164324.373 12955 15116 0.857039
164330.109 12956 15117 0.857048
164338.242 12957 15118 0.857058
164344.031 12958 15119 0.857067
164350.456 12959 15120 0.857077
164356.241 12960 15121 0.857086
164356.549 12961 15122 0.857096
164358.092 12962 15123 0.857105
164362.637 12963 15124 0.857115
164363.211 12964 15125 0.857124
164364.170 12965 15126 0.857133
164365.475 12965 15127 0.857077
164369.124 12966 15128 0.857086
164369.578 12967 15129 0.857096
164370.037 12968 15130 0.857105
164375.096 12969 15131 0.857115
164376.063 12969 15132 0.857058
164376.461 12970 15133 0.857067
164381.001 12970 15134 0.857011
164382.917 12971 15135 0.857020
164389.487 12971 15136 0.856964
164416.827 12971 15137 0.856907
164429.885 12972 15138 0.856916
164434.561 12973 15139 0.856926
164436.344 12973 15140 0.856869
164440.379 12974 15141 0.856879
164445.933 12975 15142 0.856888
164446.288 12975 15143 0.856832
164451.667 12976 15144 0.856841
164458.034 12977 15145 0.856850
164466.913 12978 15146 0.856860
164468.909 12979 15147 0.856869
164473.078 12980 15148 0.856879
164475.165 12981 15149 0.856888
164479.523 12982 15150 0.856898
164481.307 12982 15151 0.856841
164487.967 12983 15152 0.856851
164488.890 12984 15153 0.856860
164493.532 12985 15154 0.856869
164495.206 12986 15155 0.856879
164498.453 12987 15156 0.856888
164499.186 12988 15157 0.856898
164501.663 12989 15158 0.856907
164504.869 12990 15159 0.856917
164505.278 12991 15160 0.856926
164507.508 12992 15161 0.856936
164511.519 12993 15162 0.856945
164511.524 12994 15163 0.856954
164514.004 12995 15164 0.856964
164517.703 12996 15165 0.856973
164517.890 12997 15166 0.856983
164520.274 12998 15167 0.856992
164523.612 12999 15168 0.857002
164524.232 13000 15169 0.857011
164527.092 13001 15170 0.857020
164530.000 13002 15171 0.857030
164530.604 13003 15172 0.857039
164532.998 13004 15173 0.857049
164533.496 13005 15174 0.857058
164536.418 13006 15175 0.857068
164536.460 13007 15176 0.857077
164538.719 13008 15177 0.857086
164539.214 13009 15178 0.857096
164542.066 13010 15179 0.857105
164542.310 13011 15180 0.857115
164544.843 13012 15181 0.857124
164545.384 13012 15182 0.857068
164548.422 13012 15183 0.857011
164550.999 13013 15184 0.857021
164555.200 13014 15185 0.857030
164557.379 13015 15186 0.857039
164561.245 13016 15187 0.857049
164563.402 13017 15188 0.857058
164566.823 13018 15189 0.857068
164569.469 13019 15190 0.857077
164573.145 13020 15191 0.857086
164575.788 13021 15192 0.857096
164578.851 13021 15193 0.857039
164582.121 13021 15194 0.856983
164598.212 13021 15195 0.856927
164600.495 13022 15196 0.856936
164606.713 13023 15197 0.856945
164613.150 13023 15198 0.856889
164631.736 13024 15199 0.856898
164633.954 13025 15200 0.856908
164637.372 13026 15201 0.856917
164639.858 13027 15202 0.856927
164643.411 13028 15203 0.856936
164645.415 13029 15204 0.856946
164649.322 13030 15205 0.856955
164650.429 13031 15206 0.856964
164652.128 13032 15207 0.856974
164655.479 13033 15208 0.856983
164656.831 13034 15209 0.856993
164658.247 13035 15210 0.857002
164663.707 13036 15211 0.857011
164664.357 13037 15212 0.857021
164666.324 13038 15213 0.857030
164669.500 13039 15214 0.857040
164670.494 13040 15215 0.857049
164672.480 13041 15216 0.857058
164675.302 13042 15217 0.857068
164676.240 13043 15218 0.857077
164678.858 13044 15219 0.857087
164679.647 13045 15220 0.857096
164681.011 13046 15221 0.857105
164682.268 13047 15222 0.857115
164685.224 13048 15223 0.857124
164685.961 13049 15224 0.857133
164686.814 13050 15225 0.857143
164688.497 13051 15226 0.857152
164691.764 13052 15227 0.857162
164692.187 13053 15228 0.857171
164692.710 13054 15229 0.857180
164694.247 13055 15230 0.857190
164697.489 13056 15231 0.857199
164697.949 13056 15232 0.857143
164699.033 13056 15233 0.857087
164700.288 13057 15234 0.857096
164703.237 13058 15235 0.857105
164704.851 13058 15236 0.857049
164706.064 13059 15237 0.857058
164709.072 13060 15238 0.857068
164712.242 13061 15239 0.857077
164714.935 13062 15240 0.857087
164720.881 13062 15241 0.857030
164721.772 13063 15242 0.857040
164727.955 13064 15243 0.857049
164734.085 13065 15244 0.857059
164740.551 13065 15245 0.857002
164749.097 13066 15246 0.857012
164755.144 13067 15247 0.857021
164756.387 13068 15248 0.857030
164761.533 13069 15249 0.857040
164762.605 13070 15250 0.857049
164767.335 13071 15251 0.857059
164768.874 13072 15252 0.857068
164772.127 13073 15253 0.857077
164773.658 13074 15254 0.857087
164775.137 13075 15255 0.857096
164778.903 13075 15256 0.857040
164780.028 13075 15257 0.856984
164781.091 13076 15258 0.856993
164787.982 13077 15259 0.857002
164793.742 13078 15260 0.857012
164794.596 13079 15261 0.857021
164800.068 13080 15262 0.857031
164800.791 13080 15263 0.856974
164805.939 13080 15264 0.856918
164831.241 13081 15265 0.856928
164831.395 13082 15266 0.856937
164838.221 13083 15267 0.856946
164842.130 13083 15268 0.856890
164844.892 13084 15269 0.856900
164851.302 13085 15270 0.856909
164853.019 13086 15271 0.856918
164857.814 13087 15272 0.856928
164858.288 13088 15273 0.856937
164858.655 13089 15274 0.856946
164864.079 13090 15275 0.856956
164864.591 13091 15276 0.856965
164869.980 13092 15277 0.856975
164871.048 13093 15278 0.856984
164871.454 13094 15279 0.856993
164876.358 13094 15280 0.856937
164877.121 13095 15281 0.856947
164877.392 13096 15282 0.856956
164883.265 13097 15283 0.856965
164883.546 13098 15284 0.856975
164889.382 13099 15285 0.856984
164894.042 13100 15286 0.856993
164895.910 13101 15287 0.857003
164900.283 13101 15288 0.856947
164900.945 13102 15289 0.856956
164902.265 13103 15290 0.856965
164907.242 13104 15291 0.856975
164908.108 13105 15292 0.856984
164913.466 13106 15293 0.856993
164913.865 13106 15294 0.856937
164919.623 13107 15295 0.856947
164925.302 13108 15296 0.856956
164930.935 13109 15297 0.856965
164932.604 13110 15298 0.856975
164937.086 13111 15299 0.856984
164939.173 13112 15300 0.856993
164942.997 13113 15301 0.857003
164945.494 13114 15302 0.857012
164949.142 13115 15303 0.857021
164951.862 13116 15304 0.857031
164953.613 13117 15305 0.857040
164955.834 13118 15306 0.857050
164958.337 13118 15307 0.856994
164959.840 13119 15308 0.857003
164961.352 13120 15309 0.857012
164965.504 13121 15310 0.857022
164966.311 13121 15311 0.856966
164967.130 13122 15312 0.856975
164971.749 13123 15313 0.856984
164972.722 13124 15314 0.856994
164977.398 13125 15315 0.857003
164978.932 13126 15316 0.857012
164982.939 13127 15317 0.857022
164984.395 13128 15318 0.857031
164989.092 13129 15319 0.857040
164990.493 13130 15320 0.857050
164995.316 13131 15321 0.857059
164996.649 13131 15322 0.857003
165001.496 13132 15323 0.857012
165007.723 13133 15324 0.857022
165009.832 13134 15325 0.857031
165013.788 13135 15326 0.857040
165016.166 13135 15327 0.856984
165018.597 13136 15328 0.856994
165020.047 13136 15329 0.856938
165024.947 13137 15330 0.856947
165031.215 13137 15331 0.856891
165049.479 13138 15332 0.856901
165055.674 13139 15333 0.856910
165061.801 13140 15334 0.856919
165067.548 13141 15335 0.856929
165068.692 13142 15336 0.856938
165071.016 13143 15337 0.856947
165073.228 13144 15338 0.856957
165077.226 13144 15339 0.856901
165078.829 13144 15340 0.856845
165082.476 13145 15341 0.856854
165082.567 13146 15342 0.856864
165088.336 13147 15343 0.856873
165088.894 13148 15344 0.856882
165094.580 13149 15345 0.856891
165095.234 13150 15346 0.856901
165100.285 13151 15347 0.856910
165101.701 13152 15348 0.856919
165106.075 13153 15349 0.856929
165107.449 13154 15350 0.856938
165112.343 13155 15351 0.856947
165113.596 13156 15352 0.856957
165118.783 13157 15353 0.856966
165119.908 13158 15354 0.856975
165124.530 13158 15355 0.856920
165125.619 13159 15356 0.856929
165128.483 13160 15357 0.856938
165131.003 13161 15358 0.856948
165131.479 13162 15359 0.856957
165134.749 13162 15360 0.856901
165137.116 13163 15361 0.856910
165137.782 13164 15362 0.856920
165143.546 13165 15363 0.856929
165143.588 13166 15364 0.856938
165149.943 13166 15365 0.856883
165171.885 13167 15366 0.856892
165176.630 13168 15367 0.856901
165177.727 13169 15368 0.856910
165183.089 13170 15369 0.856920
165184.203 13170 15370 0.856864
165188.310 13170 15371 0.856808
165189.792 13171 15372 0.856818
165199.174 13172 15373 0.856827
165204.715 13173 15374 0.856836
165206.263 13174 15375 0.856846
165210.712 13175 15376 0.856855
165212.273 13176 15377 0.856864
165216.512 13177 15378 0.856873
165218.596 13178 15379 0.856883
165222.593 13178 15380 0.856827
165225.332 13179 15381 0.856836
165231.727 13180 15382 0.856846
165236.952 13181 15383 0.856855
165237.317 13182 15384 0.856864
165240.992 13182 15385 0.856809
165243.072 13182 15386 0.856753
165243.335 13182 15387 0.856697
165274.008 13183 15388 0.856707
165280.023 13183 15389 0.856651
165292.332 13184 15390 0.856660
165294.829 13185 15391 0.856669
165295.422 13186 15392 0.856679
165298.365 13186 15393 0.856623
165301.242 13187 15394 0.856632
165301.362 13188 15395 0.856642
165307.253 13189 15396 0.856651
165307.483 13190 15397 0.856660
165313.820 13191 15398 0.856670
165314.064 13192 15399 0.856679
165320.065 13193 15400 0.856688
165320.503 13193 15401 0.856633
165325.716 13194 15402 0.856642
165331.859 13194 15403 0.856586
165332.179 13195 15404 0.856596
165340.652 13196 15405 0.856605
165346.935 13197 15406 0.856614
165350.497 13198 15407 0.856624
165352.668 13199 15408 0.856633
165356.716 13200 15409 0.856642
165362.830 13201 15410 0.856652
165365.215 13202 15411 0.856661
165368.542 13203 15412 0.856670
165371.541 13204 15413 0.856679
165373.124 13205 15414 0.856689
165374.927 13206 15415 0.856698
165377.760 13207 15416 0.856707
165380.038 13208 15417 0.856717
165381.589 13209 15418 0.856726
165383.644 13210 15419 0.856735
165383.860 13211 15420 0.856744
165386.506 13211 15421 0.856689
165387.730 13212 15422 0.856698
165389.958 13213 15423 0.856708
165390.156 13214 15424 0.856717
165393.532 13215 15425 0.856726
165396.178 13216 15426 0.856735
165396.358 13217 15427 0.856745
165399.555 13217 15428 0.856689
165401.709 13218 15429 0.856698
165402.277 13219 15430 0.856708
165407.807 13220 15431 0.856717
165408.136 13221 15432 0.856726
165413.408 13222 15433 0.856736
165416.325 13223 15434 0.856745
165420.033 13224 15435 0.856754
165422.507 13225 15436 0.856763
165426.364 13226 15437 0.856773
165429.130 13227 15438 0.856782
165432.577 13228 15439 0.856791
165435.756 13229 15440 0.856801
165438.241 13230 15441 0.856810
165438.601 13231 15442 0.856819
165442.012 13232 15443 0.856828
165443.935 13233 15444 0.856838
165444.996 13234 15445 0.856847
165448.408 13235 15446 0.856856
165450.226 13236 15447 0.856865
165450.954 13236 15448 0.856810
165451.555 13237 15449 0.856819
165454.804 13238 15450 0.856828
165456.500 13239 15451 0.856838
165457.264 13240 15452 0.856847
165461.249 13241 15453 0.856856
165462.202 13242 15454 0.856866
165463.635 13242 15455 0.856810
165467.605 13243 15456 0.856819
165467.794 13244 15457 0.856829
165473.610 13245 15458 0.856838
165473.981 13246 15459 0.856847
165479.681 13247 15460 0.856856
165479.958 13248 15461 0.856866
165485.505 13249 15462 0.856875
165486.126 13249 15463 0.856820
165491.943 13250 15464 0.856829
165498.368 13251 15465 0.856838
165504.197 13252 15466 0.856847
165504.527 13253 15467 0.856857
165510.280 13253 15468 0.856801
165511.132 13253 15469 0.856746
165515.406 13254 15470 0.856755
165521.908 13255 15471 0.856764
165527.575 13256 15472 0.856774
165533.717 13257 15473 0.856783
165537.792 13258 15474 0.856792
165540.136 13259 15475 0.856801
165544.114 13260 15476 0.856811
165546.576 13260 15477 0.856755
165549.779 13261 15478 0.856764
165555.883 13262 15479 0.856774
165563.419 13263 15480 0.856783
165564.381 13264 15481 0.856792
165565.374 13265 15482 0.856801
165569.950 13266 15483 0.856811
165570.692 13266 15484 0.856755
165571.212 13267 15485 0.856765
165575.765 13267 15486 0.856709
165577.614 13268 15487 0.856719
165583.971 13269 15488 0.856728
165590.038 13270 15489 0.856737
165595.690 13270 15490 0.856682
165598.269 13270 15491 0.856626
165622.495 13271 15492 0.856636
165628.251 13272 15493 0.856645
165628.959 13273 15494 0.856654
165634.129 13274 15495 0.856663
165635.432 13275 15496 0.856673
165640.347 13276 15497 0.856682
165641.982 13277 15498 0.856691
165647.188 13278 15499 0.856700
165648.364 13279 15500 0.856710
165651.180 13280 15501 0.856719
165652.465 13281 15502 0.856728
165654.805 13281 15503 0.856673
165657.088 13281 15504 0.856618
165659.744 13281 15505 0.856562
165664.048 13282 15506 0.856572
165670.622 13283 15507 0.856581
165676.357 13284 15508 0.856590
165682.049 13285 15509 0.856599
165688.205 13286 15510 0.856609
165694.553 13287 15511 0.856618
165700.771 13288 15512 0.856627
165707.372 13288 15513 0.856572
165709.040 13289 15514 0.856581
165711.917 13290 15515 0.856590
165714.773 13291 15516 0.856600
165718.370 13292 15517 0.856609
165720.551 13293 15518 0.856618
165724.694 13294 15519 0.856627
165730.985 13295 15520 0.856637
165736.957 13296 15521 0.856646
165737.405 13297 15522 0.856655
165739.489 13298 15523 0.856664
165743.318 13299 15524 0.856674
165744.616 13300 15525 0.856683
165745.357 13301 15526 0.856692
165749.053 13302 15527 0.856701
165750.532 13303 15528 0.856710
165751.835 13303 15529 0.856655
165754.786 13304 15530 0.856665
165756.854 13305 15531 0.856674
165760.361 13306 15532 0.856683
165763.552 13307 15533 0.856692
165766.613 13308 15534 0.856701
165769.388 13309 15535 0.856711
165770.674 13310 15536 0.856720
165772.875 13311 15537 0.856729
165775.975 13312 15538 0.856738
165777.087 13313 15539 0.856748
165778.627 13314 15540 0.856757
165782.278 13314 15541 0.856702
165783.306 13315 15542 0.856711
165785.029 13316 15543 0.856720
165789.846 13317 15544 0.856729
165791.431 13318 15545 0.856739
165795.486 13319 15546 0.856748
165797.274 13320 15547 0.856757
165801.852 13321 15548 0.856766
165803.643 13322 15549 0.856775
165804.481 13323 15550 0.856785
165807.901 13324 15551 0.856794
165809.938 13325 15552 0.856803
165810.143 13326 15553 0.856812
165814.025 13327 15554 0.856821
165816.321 13328 15555 0.856831
165816.392 13329 15556 0.856840
165819.866 13330 15557 0.856849
165822.397 13331 15558 0.856858
165822.605 13332 15559 0.856867
165825.655 13333 15560 0.856877
165828.840 13334 15561 0.856886
165829.643 13335 15562 0.856895
165831.689 13336 15563 0.856904
165834.648 13337 15564 0.856913
165834.760 13338 15565 0.856923
165836.110 13339 15566 0.856932
165837.882 13339 15567 0.856877
165840.987 13340 15568 0.856886
165841.165 13341 15569 0.856895
165842.121 13342 15570 0.856904
165847.379 13343 15571 0.856913
165847.945 13344 15572 0.856923
165847.980 13345 15573 0.856932
165853.771 13346 15574 0.856941
165854.104 13346 15575 0.856886
165854.130 13346 15576 0.856831
165860.125 13347 15577 0.856840
165866.375 13348 15578 0.856849
165872.664 13349 15579 0.856859
165878.464 13350 15580 0.856868
165884.354 13351 15581 0.856877
165889.986 13352 15582 0.856886
165890.679 13353 15583 0.856895
165896.230 13354 15584 0.856905
165897.484 13354 15585 0.856850
165901.920 13355 15586 0.856859
165906.047 13356 15587 0.856868
165907.291 13357 15588 0.856877
165908.142 13357 15589 0.856822
165912.289 13357 15590 0.856767
165913.129 13358 15591 0.856776
165918.898 13359 15592 0.856786
165925.096 13360 15593 0.856795
165930.800 13361 15594 0.856804
165937.088 13361 15595 0.856749
165948.777 13361 15596 0.856694
165962.067 13362 15597 0.856703
165963.337 13363 15598 0.856712
165968.739 13364 15599 0.856722
165969.748 13365 15600 0.856731
165975.016 13366 15601 0.856740
165976.264 13367 15602 0.856749
165981.083 13368 15603 0.856758
165982.242 13369 15604 0.856767
165986.790 13370 15605 0.856777
165988.497 13371 15606 0.856786
165990.772 13372 15607 0.856795
165993.129 13373 15608 0.856804
165994.421 13374 15609 0.856813
165997.016 13375 15610 0.856823
165999.377 13375 15611 0.856768
165999.997 13376 15612 0.856777
166000.346 13377 15613 0.856786
166003.178 13377 15614 0.856731
166005.981 13378 15615 0.856740
166006.678 13379 15616 0.856749
166012.413 13380 15617 0.856759
166012.994 13380 15618 0.856704
166018.425 13380 15619 0.856649
166018.950 13381 15620 0.856658
166024.979 13382 15621 0.856667
166031.524 13383 15622 0.856676
166038.158 13384 15623 0.856686
166051.167 13384 15624 0.856631
166055.218 13385 15625 0.856640
166057.329 13386 15626 0.856649
166061.528 13387 15627 0.856658
166063.013 13388 15628 0.856668
166067.553 13389 15629 0.856677
166069.482 13390 15630 0.856686
166070.578 13390 15631 0.856631
166073.996 13391 15632 0.856640
166076.036 13392 15633 0.856649
166080.413 13393 15634 0.856659
166082.975 13394 15635 0.856668
166086.219 13394 15636 0.856613
166089.383 13394 15637 0.856558
166103.658 13394 15638 0.856503
166123.485 13395 15639 0.856513
166134.093 13396 15640 0.856522
166139.285 13397 15641 0.856531
166140.390 13398 15642 0.856540
166141.343 13399 15643 0.856549
166145.598 13400 15644 0.856558
166147.083 13401 15645 0.856568
166147.653 13402 15646 0.856577
166151.422 13403 15647 0.856586
166152.880 13403 15648 0.856531
166153.983 13404 15649 0.856540
166155.039 13405 15650 0.856550
166157.213 13406 15651 0.856559
166159.892 13406 15652 0.856504
166160.864 13407 15653 0.856513
166163.631 13408 15654 0.856522
166166.729 13409 15655 0.856531
166169.417 13410 15656 0.856541
166172.365 13411 15657 0.856550
166175.797 13412 15658 0.856559
166179.127 13413 15659 0.856568
166181.717 13414 15660 0.856577
166185.227 13414 15661 0.856523
166188.089 13414 15662 0.856468
166206.495 13415 15663 0.856477
166211.015 13416 15664 0.856486
166212.980 13417 15665 0.856495
166217.384 13418 15666 0.856505
166219.831 13419 15667 0.856514
166223.428 13420 15668 0.856523
166225.684 13420 15669 0.856468
166229.608 13421 15670 0.856477
166235.910 13422 15671 0.856487
166238.015 13423 15672 0.856496
166240.744 13424 15673 0.856505
166242.007 13425 15674 0.856514
166244.082 13426 15675 0.856523
166247.622 13427 15676 0.856532
166248.229 13428 15677 0.856541
166250.515 13429 15678 0.856551
166253.846 13430 15679 0.856560
166254.514 13430 15680 0.856505
166256.641 13431 15681 0.856514
166260.159 13431 15682 0.856460
166260.210 13432 15683 0.856469
166262.192 13433 15684 0.856478
166266.411 13434 15685 0.856487
166268.802 13435 15686 0.856496
166273.256 13436 15687 0.856505
166274.922 13437 15688 0.856515
166278.333 13438 15689 0.856524
166279.625 13439 15690 0.856533
166281.110 13439 15691 0.856478
166284.120 13440 15692 0.856487
166286.191 13441 15693 0.856497
166286.915 13442 15694 0.856506
166289.914 13443 15695 0.856515
166292.457 13444 15696 0.856524
166293.091 13445 15697 0.856533
166295.725 13446 15698 0.856542
166298.454 13447 15699 0.856551
166299.468 13448 15700 0.856561
166302.005 13449 15701 0.856570
166304.792 13449 15702 0.856515
166308.483 13450 15703 0.856524
166312.670 13451 15704 0.856533
166314.341 13452 15705 0.856543
166318.501 13453 15706 0.856552
166320.061 13453 15707 0.856497
166324.296 13454 15708 0.856506
166330.381 13455 15709 0.856515
166335.994 13456 15710 0.856525
166341.100 13457 15711 0.856534
166342.355 13458 15712 0.856543
166347.302 13459 15713 0.856552
166348.581 13460 15714 0.856561
166353.434 13461 15715 0.856570
166354.834 13462 15716 0.856579
166356.444 13462 15717 0.856525
166359.513 13463 15718 0.856534
166360.859 13464 15719 0.856543
166366.473 13465 15720 0.856552
166366.669 13466 15721 0.856561
166371.559 13467 15722 0.856570
166372.748 13468 15723 0.856580
166372.769 13469 15724 0.856589
166378.014 13470 15725 0.856598
166378.540 13471 15726 0.856607
166378.941 13472 15727 0.856616
166384.638 13473 15728 0.856625
166384.647 13474 15729 0.856634
166385.013 13475 15730 0.856643
166390.851 13476 15731 0.856652
166391.055 13477 15732 0.856662
166391.101 13478 15733 0.856671
166397.498 13479 15734 0.856680
166397.536 13480 15735 0.856689
166397.597 13481 15736 0.856698
166403.191 13482 15737 0.856707
166403.440 13482 15738 0.856653
166403.756 13483 15739 0.856662
166409.440 13484 15740 0.856671
166409.585 13485 15741 0.856680
166409.830 13485 15742 0.856626
166415.263 13486 15743 0.856635
166415.767 13486 15744 0.856580
166421.615 13487 15745 0.856589
166428.156 13488 15746 0.856599
166434.730 13489 15747 0.856608
166441.290 13490 15748 0.856617
166447.317 13491 15749 0.856626
166453.768 13492 15750 0.856635
166456.082 13493 15751 0.856644
166459.902 13494 15752 0.856653
166462.640 13495 15753 0.856662
166462.705 13496 15754 0.856671
166466.243 13496 15755 0.856617
166468.621 13497 15756 0.856626
166469.413 13498 15757 0.856635
166472.581 13499 15758 0.856644
166474.592 13500 15759 0.856653
166475.826 13501 15760 0.856662
166478.548 13502 15761 0.856672
166480.684 13503 15762 0.856681
166481.783 13504 15763 0.856690
166485.109 13505 15764 0.856699
166486.650 13505 15765 0.856644
166488.378 13505 15766 0.856590
166490.764 13506 15767 0.856599
166497.099 13507 15768 0.856608
166502.845 13508 15769 0.856617
166508.618 13508 15770 0.856563
166518.202 13509 15771 0.856572
166524.617 13510 15772 0.856581
166530.745 13511 15773 0.856590
166537.418 13512 15774 0.856599
166539.198 13513 15775 0.856609
166541.082 13514 15776 0.856618
166543.381 13515 15777 0.856627
166545.724 13516 15778 0.856636
166547.355 13516 15779 0.856582
166549.859 13517 15780 0.856591
166552.041 13518 15781 0.856600
166555.503 13519 15782 0.856609
166558.503 13520 15783 0.856618
166561.310 13521 15784 0.856627
166562.044 13522 15785 0.856636
166564.156 13523 15786 0.856645
166567.148 13524 15787 0.856654
166568.402 13525 15788 0.856663
166572.224 13525 15789 0.856609
166573.313 13526 15790 0.856618
166574.235 13527 15791 0.856627
166579.074 13528 15792 0.856636
166580.479 13529 15793 0.856645
166585.413 13530 15794 0.856654
166586.679 13531 15795 0.856664
166591.708 13532 15796 0.856673
166592.808 13533 15797 0.856682
166598.413 13534 15798 0.856691
166598.889 13535 15799 0.856700
166599.492 13535 15800 0.856646
166604.842 13536 15801 0.856655
166605.072 13537 15802 0.856664
166611.138 13538 15803 0.856673
166611.355 13538 15804 0.856619
166617.494 13539 15805 0.856628
166623.843 13540 15806 0.856637
166625.006 13541 15807 0.856646
166629.621 13542 15808 0.856655
166631.258 13543 15809 0.856664
166635.749 13544 15810 0.856673
166637.509 13544 15811 0.856619
166641.844 13545 15812 0.856628
166647.449 13546 15813 0.856637
166651.511 13547 15814 0.856646
166653.541 13548 15815 0.856655
166657.271 13549 15816 0.856664
166659.337 13550 15817 0.856673
166662.995 13551 15818 0.856682
166664.780 13552 15819 0.856691
166665.720 13553 15820 0.856700
166669.306 13554 15821 0.856709
166671.041 13555 15822 0.856718
166672.772 13556 15823 0.856728
166675.155 13557 15824 0.856737
166679.242 13558 15825 0.856746
166680.945 13559 15826 0.856755
166685.135 13560 15827 0.856764
166687.283 13561 15828 0.856773
166689.626 13562 15829 0.856782
166691.541 13563 15830 0.856791
166692.647 13564 15831 0.856800
166693.077 13565 15832 0.856809
166695.378 13566 15833 0.856818
166698.030 13567 15834 0.856827
166698.280 13568 15835 0.856836
166698.988 13569 15836 0.856845
166701.640 13570 15837 0.856854
166704.495 13571 15838 0.856863
166704.541 13572 15839 0.856872
166705.359 13573 15840 0.856881
166708.149 13573 15841 0.856827
166710.314 13573 15842 0.856773
166710.388 13574 15843 0.856782
166711.504 13575 15844 0.856791
166716.689 13576 15845 0.856800
166717.932 13577 15846 0.856809
166722.973 13578 15847 0.856818
166723.628 13579 15848 0.856827
166729.340 13580 15849 0.856836
166729.722 13581 15850 0.856845
166735.491 13581 15851 0.856791
166736.114 13581 15852 0.856737
166760.529 13581 15853 0.856683
166762.544 13582 15854 0.856692
166768.724 13583 15855 0.856701
166775.095 13584 15856 0.856710
166787.512 13585 15857 0.856719
166787.825 13585 15858 0.856665
166792.271 13586 15859 0.856674
166793.387 13587 15860 0.856683
166798.578 13588 15861 0.856693
166799.194 13589 15862 0.856702
166805.147 13590 15863 0.856711
166805.486 13591 15864 0.856720
166811.543 13592 15865 0.856729
166812.424 13593 15866 0.856738
166812.544 13594 15867 0.856747
166817.852 13595 15868 0.856756
166818.694 13596 15869 0.856765
166821.089 13597 15870 0.856774
166823.815 13597 15871 0.856720
166824.950 13598 15872 0.856729
166826.874 13599 15873 0.856738
166831.285 13600 15874 0.856747
166832.943 13601 15875 0.856756
166837.186 13602 15876 0.856765
166839.164 13603 15877 0.856774
166843.052 13604 15878 0.856783
166843.151 13605 15879 0.856792
166845.369 13605 15880 0.856738
166848.926 13605 15881 0.856684
166848.953 13606 15882 0.856693
166855.254 13607 15883 0.856702
166861.508 13608 15884 0.856711
166868.016 13608 15885 0.856657
166875.867 13609 15886 0.856666
166881.822 13610 15887 0.856675
166887.593 13611 15888 0.856684
166895.694 13612 15889 0.856693
166898.981 13613 15890 0.856702
166900.669 13614 15891 0.856711
166901.757 13615 15892 0.856720
166905.361 13616 15893 0.856729
166906.571 13617 15894 0.856738
166908.436 13618 15895 0.856747
166911.265 13619 15896 0.856756
166913.072 13620 15897 0.856765
166914.706 13621 15898 0.856774
166917.601 13622 15899 0.856783
166919.683 13623 15900 0.856792
166921.009 13624 15901 0.856801
166921.525 13625 15902 0.856810
166924.402 13626 15903 0.856819
166926.824 13627 15904 0.856828
166927.237 13628 15905 0.856837
166928.224 13629 15906 0.856846
166930.940 13630 15907 0.856855
166933.186 13631 15908 0.856864
166933.615 13632 15909 0.856873
166934.206 13632 15910 0.856820
166936.913 13633 15911 0.856829
166939.572 13634 15912 0.856838
166939.606 13634 15913 0.856784
166943.243 13635 15914 0.856793
166949.481 13636 15915 0.856802
166951.649 13637 15916 0.856811
166955.459 13638 15917 0.856820
166958.189 13639 15918 0.856829
166961.808 13640 15919 0.856838
166964.632 13641 15920 0.856847
166968.753 13642 15921 0.856856
166971.063 13643 15922 0.856865
166975.069 13644 15923 0.856874
166977.640 13645 15924 0.856883
166980.931 13646 15925 0.856892
166984.235 13647 15926 0.856901
166986.222 13647 15927 0.856847
166986.939 13648 15928 0.856856
166992.175 13649 15929 0.856865
166992.309 13650 15930 0.856874
166998.273 13651 15931 0.856883
166998.658 13652 15932 0.856892
167001.744 13653 15933 0.856901
167004.643 13653 15934 0.856847
167005.103 13654 15935 0.856856
167007.530 13655 15936 0.856865
167032.594 13656 15937 0.856874
167038.743 13657 15938 0.856883
167039.710 13658 15939 0.856892
167043.499 13658 15940 0.856838
167044.573 13659 15941 0.856847
167046.091 13660 15942 0.856856
167050.707 13661 15943 0.856865
167052.489 13662 15944 0.856874
167055.617 13663 15945 0.856883
167057.394 13664 15946 0.856892
167060.315 13664 15947 0.856838
167061.953 13665 15948 0.856847
167063.877 13665 15949 0.856794
167067.852 13666 15950 0.856803
167073.645 13667 15951 0.856811
167080.456 13668 15952 0.856820
167089.032 13669 15953 0.856829
167095.523 13669 15954 0.856776
167098.130 13670 15955 0.856785
167104.854 13670 15956 0.856731
167112.333 13670 15957 0.856677
167117.397 13671 15958 0.856686
167123.295 13672 15959 0.856695
167129.769 13672 15960 0.856642
167148.174 13673 15961 0.856651
167154.454 13674 15962 0.856660
167157.761 13675 15963 0.856669
167160.679 13676 15964 0.856678
167163.905 13677 15965 0.856687
167164.647 13678 15966 0.856695
167166.706 13679 15967 0.856704
167169.676 13680 15968 0.856713
167170.378 13680 15969 0.856660
167173.086 13681 15970 0.856669
167177.208 13682 15971 0.856678
167179.781 13683 15972 0.856687
167183.001 13684 15973 0.856696
167183.564 13685 15974 0.856705
167185.697 13686 15975 0.856714
167188.832 13687 15976 0.856723
167189.959 13688 15977 0.856732
167191.417 13689 15978 0.856741
167196.720 13690 15979 0.856749
167202.987 13691 15980 0.856758
167204.862 13692 15981 0.856767
167206.438 13693 15982 0.856776
167209.161 13694 15983 0.856785
167210.833 13695 15984 0.856794
167212.616 13696 15985 0.856803
167215.541 13697 15986 0.856812
167217.254 13698 15987 0.856821
167219.290 13699 15988 0.856830
167221.272 13700 15989 0.856839
167222.993 13701 15990 0.856848
167223.705 13702 15991 0.856857
167225.155 13702 15992 0.856803
167226.997 13703 15993 0.856812
167228.817 13704 15994 0.856821
167230.071 13705 15995 0.856830
167233.300 13706 15996 0.856839
167235.078 13707 15997 0.856848
167236.104 13708 15998 0.856857
167239.493 13708 15999 0.856804
167241.360 13709 16000 0.856812
167242.412 13710 16001 0.856821
167247.561 13711 16002 0.856830
167248.744 13712 16003 0.856839
167253.268 13712 16004 0.856786
167254.583 13713 16005 0.856795
167260.839 13714 16006 0.856804
167266.579 13714 16007 0.856750
167278.545 13715 16008 0.856759
167284.957 13716 16009 0.856768
167290.386 13716 16010 0.856715
167291.394 13717 16011 0.856724
167298.227 13718 16012 0.856732
167304.800 13719 16013 0.856741
167306.537 13720 16014 0.856750
167310.829 13721 16015 0.856759
167312.462 13722 16016 0.856768
167317.172 13723 16017 0.856777
167318.606 13723 16018 0.856724
167319.134 13723 16019 0.856670
167323.435 13723 16020 0.856617
167342.341 13724 16021 0.856626
167360.375 13725 16022 0.856635
167366.932 13726 16023 0.856644
167370.162 13727 16024 0.856653
167371.327 13728 16025 0.856661
167373.475 13728 16026 0.856608
167376.266 13729 16027 0.856617
167376.663 13730 16028 0.856626
167377.315 13731 16029 0.856635
167382.779 13732 16030 0.856644
167383.145 13733 16031 0.856653
167389.413 13734 16032 0.856662
167389.871 13734 16033 0.856608
167395.465 13735 16034 0.856617
167395.812 13736 16035 0.856626
167401.520 13736 16036 0.856573
167402.238 13737 16037 0.856582
167408.195 13738 16038 0.856591
167414.175 13739 16039 0.856600
167420.703 13740 16040 0.856608
167425.972 13741 16041 0.856617
167427.094 13742 16042 0.856626
167434.221 13742 16043 0.856573
167436.276 13743 16044 0.856582
167442.035 13744 16045 0.856591
167443.575 13745 16046 0.856600
167448.256 13746 16047 0.856609
167450.011 13747 16048 0.856618
167454.198 13747 16049 0.856564
167454.435 13747 16050 0.856511
167457.101 13748 16051 0.856520
167463.630 13748 16052 0.856466
167487.738 13748 16053 0.856413
167493.488 13749 16054 0.856422
167499.722 13750 16055 0.856431
167505.138 13751 16056 0.856440
167505.593 13752 16057 0.856449
167506.658 13753 16058 0.856458
167511.334 13754 16059 0.856467
167512.142 13755 16060 0.856476
167512.281 13756 16061 0.856485
167517.068 13757 16062 0.856494
167517.219 13758 16063 0.856503
167518.007 13759 16064 0.856511
167523.420 13760 16065 0.856520
167523.736 13760 16066 0.856467
167523.980 13761 16067 0.856476
167529.709 13762 16068 0.856485
167530.448 13763 16069 0.856494
167536.099 13764 16070 0.856503
167536.713 13765 16071 0.856512
167542.451 13766 16072 0.856521
167542.707 13767 16073 0.856530
167548.537 13768 16074 0.856539
167548.814 13768 16075 0.856485
167554.723 13769 16076 0.856494
167554.893 13769 16077 0.856441
167560.316 13769 16078 0.856388
167576.031 13770 16079 0.856397
167582.386 13771 16080 0.856405
167590.180 13772 16081 0.856414
167596.014 13773 16082 0.856423
167601.036 13774 16083 0.856432
167602.443 13775 16084 0.856441
167606.763 13775 16085 0.856388
167607.775 13776 16086 0.856397
167608.448 13777 16087 0.856406
167611.692 13778 16088 0.856415
167614.109 13779 16089 0.856424
167614.987 13780 16090 0.856433
167617.473 13781 16091 0.856441
167620.535 13782 16092 0.856450
167621.292 13783 16093 0.856459
167623.983 13784 16094 0.856468
167626.942 13785 16095 0.856477
167627.674 13785 16096 0.856424
167630.643 13786 16097 0.856433
167633.311 13787 16098 0.856442
167637.106 13788 16099 0.856451
167639.653 13789 16100 0.856460
167643.674 13790 16101 0.856469
167645.792 13791 16102 0.856477
167651.961 13792 16103 0.856486
167655.149 13792 16104 0.856433
167658.383 13792 16105 0.856380
167659.474 13793 16106 0.856389
167665.572 13794 16107 0.856398
167671.613 13795 16108 0.856407
167677.448 13796 16109 0.856416
167680.066 13797 16110 0.856425
167683.305 13798 16111 0.856433
167685.863 13799 16112 0.856442
167689.144 13799 16113 0.856389
167692.711 13800 16114 0.856398
167698.596 13801 16115 0.856407
167704.933 13802 16116 0.856416
167706.367 13803 16117 0.856425
167710.240 13804 16118 0.856434
167711.059 13805 16119 0.856443
167712.236 13806 16120 0.856452
167716.718 13807 16121 0.856461
167717.170 13807 16122 0.856407
167718.511 13808 16123 0.856416
167722.870 13809 16124 0.856425
167725.047 13810 16125 0.856434
167728.839 13811 16126 0.856443
167730.920 13812 16127 0.856452
167735.336 13813 16128 0.856461
167737.598 13814 16129 0.856470
167741.349 13815 16130 0.856479
167741.549 13816 16131 0.856488
167743.444 13817 16132 0.856496
167747.425 13818 16133 0.856505
167747.795 13818 16134 0.856452
167749.924 13819 16135 0.856461
167754.049 13819 16136 0.856408
167755.797 13819 16137 0.856355
167770.109 13820 16138 0.856364
167776.046 13821 16139 0.856373
167782.387 13822 16140 0.856382
167788.771 13823 16141 0.856391
167795.064 13824 16142 0.856399
167801.011 13825 16143 0.856408
167801.507 13826 16144 0.856417
167807.321 13827 16145 0.856426
167807.558 13828 16146 0.856435
167808.164 13829 16147 0.856444
167808.820 13830 16148 0.856453
167814.056 13831 16149 0.856462
167814.324 13832 16150 0.856471
167814.776 13833 16151 0.856479
167815.557 13834 16152 0.856488
167820.365 13835 16153 0.856497
167821.560 13836 16154 0.856506
167821.811 13837 16155 0.856515
167826.716 13838 16156 0.856524
167827.732 13839 16157 0.856533
167828.518 13839 16158 0.856480
167828.867 13840 16159 0.856489
167833.161 13841 16160 0.856498
167833.751 13841 16161 0.856445
167834.914 13842 16162 0.856453
167841.329 13843 16163 0.856462
167850.736 13844 16164 0.856471
167856.461 13845 16165 0.856480
167862.102 13846 16166 0.856489
167868.197 13846 16167 0.856436
167880.800 13847 16168 0.856445
167882.961 13848 16169 0.856454
167884.992 13849 16170 0.856463
167886.579 13850 16171 0.856471
167888.732 13850 16172 0.856419
167891.604 13851 16173 0.856427
167892.832 13852 16174 0.856436
167895.096 13853 16175 0.856445
167898.067 13854 16176 0.856454
167898.497 13855 16177 0.856463
167900.723 13856 16178 0.856472
167904.015 13857 16179 0.856481
167904.782 13858 16180 0.856489
167907.166 13859 16181 0.856498
167910.422 13860 16182 0.856507
167910.810 13861 16183 0.856516
167913.546 13862 16184 0.856525
167917.387 13863 16185 0.856534
167919.253 13863 16186 0.856481
167920.448 13864 16187 0.856490
167920.609 13865 16188 0.856499
167923.571 13866 16189 0.856508
167926.359 13867 16190 0.856516
167927.134 13867 16191 0.856463
167929.293 13868 16192 0.856472
167932.466 13868 16193 0.856419
167935.015 13869 16194 0.856428
167958.410 13870 16195 0.856437
167964.969 13871 16196 0.856446
167970.805 13872 16197 0.856455
167971.131 13873 16198 0.856464
167977.358 13874 16199 0.856473
167977.440 13875 16200 0.856481
167979.482 13876 16201 0.856490
167983.467 13877 16202 0.856499
167983.608 13878 16203 0.856508
167984.188 13879 16204 0.856517
167985.990 13880 16205 0.856526
167989.223 13881 16206 0.856535
167989.919 13881 16207 0.856482
167990.131 13882 16208 0.856491
167992.439 13883 16209 0.856499
167995.116 13884 16210 0.856508
167996.034 13885 16211 0.856517
167999.017 13886 16212 0.856526
168001.593 13887 16213 0.856535
168001.982 13888 16214 0.856544
168005.267 13889 16215 0.856553
168008.474 13890 16216 0.856561
168008.877 13891 16217 0.856570
168011.522 13892 16218 0.856579
168014.766 13893 16219 0.856588
168014.809 13894 16220 0.856597
168018.110 13894 16221 0.856544
168020.738 13895 16222 0.856553
168021.338 13895 16223 0.856500
168026.700 13896 16224 0.856509
168032.517 13896 16225 0.856456
168042.584 13896 16226 0.856403
168069.972 13897 16227 0.856412
168073.584 13898 16228 0.856421
168076.384 13898 16229 0.856368
168080.106 13898 16230 0.856315
168083.528 13899 16231 0.856324
168094.260 13900 16232 0.856333
168096.183 13900 16233 0.856280
168100.436 13901 16234 0.856289
168106.682 13901 16235 0.856237
168128.721 13902 16236 0.856245
168132.782 13903 16237 0.856254
168134.649 13904 16238 0.856263
168138.722 13904 16239 0.856210
168140.656 13905 16240 0.856219
168147.361 13906 16241 0.856228
168147.960 13907 16242 0.856237
168153.949 13908 16243 0.856246
168156.324 13909 16244 0.856255
168158.951 13909 16245 0.856202
168160.423 13910 16246 0.856211
168162.729 13910 16247 0.856158
168166.858 13910 16248 0.856105
168191.338 13910 16249 0.856053
168212.891 13911 16250 0.856062
168216.911 13912 16251 0.856070
168218.695 13912 16252 0.856018
168219.283 13912 16253 0.855965
168223.493 13912 16254 0.855912
168244.950 13913 16255 0.855921
168251.750 13913 16256 0.855869
168271.189 13913 16257 0.855816
168271.688 13914 16258 0.855825
168276.655 13915 16259 0.855834
168277.828 13915 16260 0.855781
168283.243 13916 16261 0.855790
168289.775 13917 16262 0.855799
168296.638 13918 16263 0.855808
168303.051 13919 16264 0.855817
168303.521 13920 16265 0.855825
168309.259 13921 16266 0.855834
168309.618 13922 16267 0.855843
168315.514 13923 16268 0.855852
168315.828 13924 16269 0.855861
168321.824 13925 16270 0.855870
168322.143 13926 16271 0.855879
168323.154 13927 16272 0.855887
168328.097 13928 16273 0.855896
168329.617 13929 16274 0.855905
168330.166 13930 16275 0.855914
168334.562 13930 16276 0.855861
168335.843 13931 16277 0.855870
168335.938 13932 16278 0.855879
168341.633 13933 16279 0.855888
168341.686 13934 16280 0.855897
168344.368 13935 16281 0.855906
168347.536 13936 16282 0.855915
168347.588 13937 16283 0.855923
168350.396 13938 16284 0.855932
168353.826 13939 16285 0.855941
168353.976 13940 16286 0.855950
168356.352 13941 16287 0.855959
168359.572 13942 16288 0.855968
168360.186 13943 16289 0.855976
168362.622 13944 16290 0.855985
168365.821 13945 16291 0.855994
168366.311 13946 16292 0.856003
168369.088 13947 16293 0.856012
168371.508 13948 16294 0.856021
168372.525 13949 16295 0.856029
168375.564 13950 16296 0.856038
168377.746 13951 16297 0.856047
168378.952 13952 16298 0.856056
168381.947 13953 16299 0.856065
168384.248 13953 16300 0.856012
168384.775 13954 16301 0.856021
168387.127 13955 16302 0.856030
168387.834 13955 16303 0.855977
168390.710 13956 16304 0.855986
168392.959 13957 16305 0.855995
168397.613 13958 16306 0.856004
168399.253 13959 16307 0.856013
168403.901 13960 16308 0.856022
168404.966 13960 16309 0.855969
168410.117 13961 16310 0.855978
168411.330 13962 16311 0.855987
168416.515 13963 16312 0.855996
168417.278 13964 16313 0.856004
168422.887 13965 16314 0.856013
168423.278 13966 16315 0.856022
168429.573 13966 16316 0.855970
168438.288 13966 16317 0.855917
168440.625 13967 16318 0.855926
168446.762 13968 16319 0.855935
168453.141 13969 16320 0.855944
168453.562 13970 16321 0.855952
168459.535 13971 16322 0.855961
168465.868 13972 16323 0.855970
168472.204 13973 16324 0.855979
168472.487 13974 16325 0.855988
168478.107 13975 16326 0.855997
168478.344 13976 16327 0.856005
168482.083 13977 16328 0.856014
168484.543 13978 16329 0.856023
168484.913 13979 16330 0.856032
168488.501 13980 16331 0.856041
168489.286 13980 16332 0.855988
168491.050 13981 16333 0.855997
168491.739 13982 16334 0.856006
168495.376 13983 16335 0.856015
168497.680 13984 16336 0.856024
168498.150 13985 16337 0.856032
168501.687 13985 16338 0.855980
168503.652 13986 16339 0.855989
168504.499 13987 16340 0.855998
168510.292 13988 16341 0.856006
168510.511 13989 16342 0.856015
168516.305 13990 16343 0.856024
168516.983 13991 16344 0.856033
168522.708 13992 16345 0.856042
168523.071 13993 16346 0.856050
168529.182 13994 16347 0.856059
168529.759 13995 16348 0.856068
168535.274 13996 16349 0.856077
168536.136 13997 16350 0.856086
168540.912 13998 16351 0.856094
168542.512 13999 16352 0.856103
168542.799 14000 16353 0.856112
168546.756 14001 16354 0.856121
168548.882 14001 16355 0.856068
168548.998 14002 16356 0.856077
168553.505 14003 16357 0.856086
168554.470 14004 16358 0.856095
168555.144 14005 16359 0.856104
168560.216 14006 16360 0.856112
168560.548 14006 16361 0.856060
168561.756 14007 16362 0.856069
168566.558 14008 16363 0.856078
168567.930 14009 16364 0.856087
168572.372 14010 16365 0.856095
168574.500 14011 16366 0.856104
168578.706 14012 16367 0.856113
168582.044 14013 16368 0.856122
168585.307 14014 16369 0.856130
168588.292 14015 16370 0.856139
168591.105 14016 16371 0.856148
168594.981 14017 16372 0.856157
168597.095 14017 16373 0.856105
168600.456 14017 16374 0.856052
168601.591 14018 16375 0.856061
168608.708 14019 16376 0.856070
168613.228 14020 16377 0.856079
168615.204 14021 16378 0.856087
168619.759 14022 16379 0.856096
168621.597 14023 16380 0.856105
168626.339 14024 16381 0.856114
168628.268 14025 16382 0.856123
168632.886 14026 16383 0.856131
168634.899 14027 16384 0.856140
168638.988 14028 16385 0.856149
168640.977 14029 16386 0.856158
168645.494 14030 16387 0.856166
168647.599 14031 16388 0.856175
168649.445 14032 16389 0.856184
168652.002 14033 16390 0.856193
168653.687 14034 16391 0.856202
168654.279 14034 16392 0.856149
168655.828 14034 16393 0.856097
168658.087 14035 16394 0.856106
168659.583 14036 16395 0.856115
168664.853 14037 16396 0.856123
168666.025 14038 16397 0.856132
168670.679 14039 16398 0.856141
168672.099 14040 16399 0.856150
168676.985 14041 16400 0.856159
168678.863 14042 16401 0.856167
168683.012 14043 16402 0.856176
168685.513 14044 16403 0.856185
168688.898 14045 16404 0.856194
168692.543 14046 16405 0.856202
168695.320 14047 16406 0.856211
168699.246 14048 16407 0.856220
168701.725 14049 16408 0.856229
168705.856 14050 16409 0.856237
168707.372 14051 16410 0.856246
168707.587 14051 16411 0.856194
168708.047 14052 16412 0.856203
168712.410 14053 16413 0.856212
168713.684 14054 16414 0.856220
168714.486 14055 16415 0.856229
168718.878 14056 16416 0.856238
168719.673 14057 16417 0.856247
168720.856 14058 16418 0.856255
168725.183 14059 16419 0.856264
168726.162 14060 16420 0.856273
168727.019 14061 16421 0.856282
168730.887 14062 16422 0.856290
168732.687 14063 16423 0.856299
168733.174 14063 16424 0.856247
168736.612 14064 16425 0.856256
168739.377 14065 16426 0.856264
168742.937 14066 16427 0.856273
168745.765 14067 16428 0.856282
168749.045 14068 16429 0.856291
168752.285 14069 16430 0.856299
168755.423 14070 16431 0.856308
168758.803 14071 16432 0.856317
168759.408 14072 16433 0.856326
168761.900 14073 16434 0.856334
168765.353 14074 16435 0.856343
168765.836 14075 16436 0.856352
168767.722 14076 16437 0.856361
168771.898 14077 16438 0.856369
168773.796 14078 16439 0.856378
168778.271 14078 16440 0.856326
168779.201 14079 16441 0.856335
168780.252 14080 16442 0.856344
168785.087 14081 16443 0.856352
168785.703 14082 16444 0.856361
168786.518 14083 16445 0.856370
168791.052 14084 16446 0.856378
168792.379 14085 16447 0.856387
168792.411 14086 16448 0.856396
168796.930 14087 16449 0.856405
168798.256 14088 16450 0.856413
168798.939 14089 16451 0.856422
168804.596 14089 16452 0.856370
168805.235 14090 16453 0.856379
168811.604 14091 16454 0.856388
168817.764 14092 16455 0.856396
168823.827 14093 16456 0.856405
168829.389 14093 16457 0.856353
168830.333 14093 16458 0.856301
168834.126 14094 16459 0.856310
168840.068 14095 16460 0.856318
168846.014 14096 16461 0.856327
168852.467 14097 16462 0.856336
168856.388 14097 16463 0.856284
168858.921 14098 16464 0.856293
168865.381 14099 16465 0.856301
168871.338 14099 16466 0.856249
168880.393 14100 16467 0.856258
168882.568 14101 16468 0.856267
168886.744 14102 16469 0.856275
168889.199 14103 16470 0.856284
168893.022 14103 16471 0.856232
168895.658 14104 16472 0.856241
168902.498 14105 16473 0.856250
168907.510 14106 16474 0.856258
168908.632 14107 16475 0.856267
168913.834 14107 16476 0.856215
168916.528 14108 16477 0.856224
168922.463 14109 16478 0.856233
168923.912 14110 16479 0.856241
168929.893 14111 16480 0.856250
168930.523 14111 16481 0.856198
168935.934 14111 16482 0.856146
168945.181 14112 16483 0.856155
168951.357 14113 16484 0.856164
168957.567 14114 16485 0.856172
168964.446 14115 16486 0.856181
168966.238 14116 16487 0.856190
168970.726 14117 16488 0.856198
168973.362 14118 16489 0.856207
168977.036 14119 16490 0.856216
168979.108 14120 16491 0.856225
168983.610 14120 16492 0.856173
168984.681 14121 16493 0.856181
168985.356 14122 16494 0.856190
168987.627 14123 16495 0.856199
168991.174 14124 16496 0.856208
168991.419 14125 16497 0.856216
168994.214 14125 16498 0.856164
168997.844 14126 16499 0.856173
168998.070 14127 16500 0.856182
169004.556 14128 16501 0.856191
169004.741 14128 16502 0.856139
169011.560 14129 16503 0.856147
169019.248 14130 16504 0.856156
169025.760 14130 16505 0.856104
169034.781 14131 16506 0.856113
169040.875 14132 16507 0.856122
169047.047 14133 16508 0.856130
169047.135 14134 16509 0.856139
169052.896 14135 16510 0.856148
169053.148 14136 16511 0.856157
169058.015 14137 16512 0.856165
169059.183 14138 16513 0.856174
169059.254 14139 16514 0.856183
169065.012 14140 16515 0.856191
169065.451 14141 16516 0.856200
169066.176 14142 16517 0.856209
169070.961 14143 16518 0.856217
169072.169 14144 16519 0.856226
169072.664 14145 16520 0.856235
169077.506 14146 16521 0.856244
169078.291 14147 16522 0.856252
169078.766 14148 16523 0.856261
169079.737 14149 16524 0.856270
169084.101 14149 16525 0.856218
169085.095 14150 16526 0.856227
169085.864 14151 16527 0.856235
169086.719 14152 16528 0.856244
169091.149 14153 16529 0.856253
169092.704 14154 16530 0.856261
169093.171 14155 16531 0.856270
169097.106 14156 16532 0.856279
169099.280 14157 16533 0.856287
169099.970 14158 16534 0.856296
169103.077 14159 16535 0.856305
169105.526 14160 16536 0.856313
169106.061 14161 16537 0.856322
169109.598 14162 16538 0.856331
169111.801 14163 16539 0.856340
169112.704 14164 16540 0.856348
169116.916 14165 16541 0.856357
169118.261 14166 16542 0.856366
169119.270 14167 16543 0.856374
169122.882 14168 16544 0.856383
169124.025 14169 16545 0.856392
169125.589 14169 16546 0.856340
169129.225 14170 16547 0.856349
169130.649 14171 16548 0.856357
169135.661 14172 16549 0.856366
169137.040 14173 16550 0.856375
169137.066 14174 16551 0.856383
169141.775 14175 16552 0.856392
169143.711 14176 16553 0.856401
169145.469 14177 16554 0.856409
169148.426 14178 16555 0.856418
169150.203 14179 16556 0.856427
169151.755 14180 16557 0.856435
169154.733 14181 16558 0.856444
169156.545 14182 16559 0.856453
169157.486 14182 16560 0.856401
169161.371 14183 16561 0.856410
169162.904 14184 16562 0.856418
169167.439 14185 16563 0.856427
169169.068 14186 16564 0.856436
169173.901 14187 16565 0.856444
169175.346 14187 16566 0.856393
169177.592 14188 16567 0.856401
169203.852 14189 16568 0.856410
169209.705 14190 16569 0.856419
169210.484 14191 16570 0.856427
169212.524 14192 16571 0.856436
169216.112 14193 16572 0.856445
169216.366 14194 16573 0.856453
169218.389 14195 16574 0.856462
169222.346 14196 16575 0.856471
169222.842 14197 16576 0.856479
169224.386 14197 16577 0.856428
169227.237 14198 16578 0.856436
169228.716 14198 16579 0.856385
169228.910 14199 16580 0.856393
169233.652 14200 16581 0.856402
169235.207 14201 16582 0.856411
169239.878 14201 16583 0.856359
169242.033 14202 16584 0.856368
169248.667 14203 16585 0.856376
169255.188 14204 16586 0.856385
169262.062 14205 16587 0.856394
169268.535 14206 16588 0.856402
169274.894 14207 16589 0.856411
169277.098 14208 16590 0.856420
169283.025 14208 16591 0.856368
169284.164 14209 16592 0.856377
169293.004 14210 16593 0.856385
169293.343 14211 16594 0.856394
169299.219 14212 16595 0.856403
169299.472 14213 16596 0.856411
169299.752 14214 16597 0.856420
169305.009 14215 16598 0.856428
169305.769 14216 16599 0.856437
169305.798 14217 16600 0.856446
169311.286 14218 16601 0.856454
169312.016 14219 16602 0.856463
169312.239 14220 16603 0.856472
169317.607 14220 16604 0.856420
169318.677 14221 16605 0.856429
169318.726 14222 16606 0.856437
169324.973 14223 16607 0.856446
169325.193 14224 16608 0.856455
169330.571 14224 16609 0.856403
169331.968 14225 16610 0.856412
169335.686 14226 16611 0.856420
169338.848 14227 16612 0.856429
169342.303 14228 16613 0.856438
169345.137 14229 16614 0.856446
169348.735 14230 16615 0.856455
169351.484 14231 16616 0.856464
169354.697 14232 16617 0.856472
169357.829 14233 16618 0.856481
169364.292 14234 16619 0.856490
169367.297 14235 16620 0.856498
169369.506 14236 16621 0.856507
169370.660 14237 16622 0.856515
169373.815 14238 16623 0.856524
169375.888 14239 16624 0.856533
169376.994 14240 16625 0.856541
169380.701 14241 16626 0.856550
169382.523 14242 16627 0.856559
169382.598 14243 16628 0.856567
169383.505 14244 16629 0.856576
169386.820 14245 16630 0.856584
169388.468 14246 16631 0.856593
169388.856 14247 16632 0.856602
169390.517 14248 16633 0.856610
169393.324 14249 16634 0.856619
169394.424 14250 16635 0.856628
169395.441 14250 16636 0.856576
169397.005 14251 16637 0.856585
169399.201 14252 16638 0.856593
169400.443 14253 16639 0.856602
169403.466 14254 16640 0.856611
169405.651 14255 16641 0.856619
169407.169 14256 16642 0.856628
169410.059 14257 16643 0.856636
169411.654 14257 16644 0.856585
169413.032 14258 16645 0.856594
169415.988 14259 16646 0.856602
169419.612 14260 16647 0.856611
169422.478 14261 16648 0.856619
169425.620 14262 16649 0.856628
169428.964 14263 16650 0.856637
169432.584 14264 16651 0.856645
169435.427 14265 16652 0.856654
169439.135 14266 16653 0.856662
169441.764 14267 16654 0.856671
169445.328 14268 16655 0.856680
169447.587 14268 16656 0.856628
169448.666 14269 16657 0.856637
169452.034 14270 16658 0.856645
169455.108 14271 16659 0.856654
169458.133 14271 16660 0.856603
169461.536 14272 16661 0.856611
169463.918 14273 16662 0.856620
169467.501 14274 16663 0.856628
169470.108 14275 16664 0.856637
169474.027 14276 16665 0.856646
169476.646 14277 16666 0.856654
169480.521 14278 16667 0.856663
169483.310 14279 16668 0.856671
169487.032 14280 16669 0.856680
169493.181 14281 16670 0.856689
169493.374 14282 16671 0.856697
169499.117 14283 16672 0.856706
169499.571 14284 16673 0.856714
169505.436 14285 16674 0.856723
169505.646 14286 16675 0.856732
169507.545 14287 16676 0.856740
169510.788 14288 16677 0.856749
169512.032 14289 16678 0.856757
169512.302 14290 16679 0.856766
169516.853 14291 16680 0.856775
169518.597 14292 16681 0.856783
169519.310 14293 16682 0.856792
169522.516 14294 16683 0.856800
169523.495 14295 16684 0.856809
169525.428 14296 16685 0.856818
169528.629 14296 16686 0.856766
169529.392 14297 16687 0.856775
169530.162 14298 16688 0.856783
169531.482 14299 16689 0.856792
169535.931 14300 16690 0.856800
169536.487 14301 16691 0.856809
169537.856 14302 16692 0.856818
169541.860 14303 16693 0.856826
169542.269 14304 16694 0.856835
169543.815 14305 16695 0.856843
169548.430 14306 16696 0.856852
169550.360 14307 16697 0.856861
169555.277 14307 16698 0.856809
169556.835 14308 16699 0.856818
169562.879 14308 16700 0.856766
169566.380 14309 16701 0.856775
169572.455 14310 16702 0.856784
169579.241 14310 16703 0.856732
169581.607 14311 16704 0.856741
169588.124 14312 16705 0.856749
169594.567 14313 16706 0.856758
169600.919 14314 16707 0.856767
169606.733 14315 16708 0.856775
169607.311 14316 16709 0.856784
169613.217 14317 16710 0.856792
169613.429 14318 16711 0.856801
169615.453 14319 16712 0.856809
169618.986 14320 16713 0.856818
169619.897 14321 16714 0.856827
169621.353 14322 16715 0.856835
169625.597 14323 16716 0.856844
169625.870 14324 16717 0.856852
169627.316 14325 16718 0.856861
169630.476 14326 16719 0.856869
169631.952 14327 16720 0.856878
169632.239 14328 16721 0.856887
169635.348 14329 16722 0.856895
169636.425 14330 16723 0.856904
169638.191 14331 16724 0.856912
169638.206 14332 16725 0.856921
169641.351 14333 16726 0.856929
169642.972 14334 16727 0.856938
169644.690 14335 16728 0.856946
169644.994 14336 16729 0.856955
169647.983 14337 16730 0.856964
169649.360 14337 16731 0.856912
169651.511 14338 16732 0.856921
169651.607 14339 16733 0.856929
169654.522 14340 16734 0.856938
169658.017 14341 16735 0.856947
169658.304 14342 16736 0.856955
169660.940 14343 16737 0.856964
169664.123 14344 16738 0.856972
169664.770 14345 16739 0.856981
169670.536 14346 16740 0.856989
169670.961 14347 16741 0.856998
169670.996 14348 16742 0.857006
169676.614 14349 16743 0.857015
169677.411 14350 16744 0.857023
169677.428 14351 16745 0.857032
169682.505 14352 16746 0.857040
169683.817 14353 16747 0.857049
169685.321 14354 16748 0.857058
169689.583 14355 16749 0.857066
169691.145 14356 16750 0.857075
169691.237 14357 16751 0.857083
169696.058 14358 16752 0.857092
169697.583 14359 16753 0.857100
169697.690 14360 16754 0.857109
169701.084 14361 16755 0.857117
169702.828 14361 16756 0.857066
169703.878 14362 16757 0.857075
169704.011 14363 16758 0.857083
169707.566 14363 16759 0.857032
169710.332 14364 16760 0.857041
169710.548 14365 16761 0.857049
169716.350 14365 16762 0.856998
169716.951 14366 16763 0.857007
169722.866 14367 16764 0.857015
169729.516 14368 16765 0.857024
169735.883 14369 16766 0.857032
169742.244 14370 16767 0.857041
169748.148 14371 16768 0.857049
169754.548 14372 16769 0.857058
169755.231 14373 16770 0.857066
169759.457 14374 16771 0.857075
169761.079 14375 16772 0.857083
169761.231 14376 16773 0.857092
169766.006 14376 16774 0.857041
169767.566 14377 16775 0.857049
169769.228 14378 16776 0.857058
169769.345 14379 16777 0.857066
169775.312 14380 16778 0.857075
169776.380 14381 16779 0.857083
169781.630 14381 16780 0.857032
169782.196 14382 16781 0.857041
169784.240 14383 16782 0.857049
169788.506 14384 16783 0.857058
169790.324 14385 16784 0.857066
169795.089 14386 16785 0.857075
169796.910 14387 16786 0.857083
169801.538 14388 16787 0.857092
169802.970 14389 16788 0.857100
169807.932 14390 16789 0.857109
169809.390 14391 16790 0.857117
169814.565 14392 16791 0.857126
169815.499 14393 16792 0.857134
169817.285 14394 16793 0.857143
169820.515 14394 16794 0.857092
169821.865 14395 16795 0.857100
169823.943 14396 16796 0.857109
169828.529 14397 16797 0.857117
169829.815 14398 16798 0.857126
169834.174 14399 16799 0.857134
169834.565 14400 16800 0.857143
169836.333 14400 16801 0.857092
169840.242 14401 16802 0.857100
169840.629 14402 16803 0.857109
169846.680 14403 16804 0.857117
169846.866 14404 16805 0.857126
169852.848 14405 16806 0.857134
169853.681 14406 16807 0.857143
169858.864 14407 16808 0.857151
169860.511 14408 16809 0.857160
169864.821 14409 16810 0.857168
169866.888 14410 16811 0.857177
169870.866 14411 16812 0.857185
169872.054 14411 16813 0.857134
169873.242 14412 16814 0.857143
169876.940 14413 16815 0.857151
169879.695 14414 16816 0.857160
169882.972 14415 16817 0.857168
169886.266 14416 16818 0.857177
169888.968 14417 16819 0.857185
169889.537 14418 16820 0.857194
169892.839 14419 16821 0.857202
169896.064 14420 16822 0.857211
169896.182 14421 16823 0.857219
169898.814 14422 16824 0.857228
169902.219 14423 16825 0.857236
169902.691 14424 16826 0.857245
169904.797 14425 16827 0.857253
169908.185 14426 16828 0.857262
169908.619 14427 16829 0.857270
169914.684 14428 16830 0.857279
169914.859 14429 16831 0.857287
169920.957 14429 16832 0.857236
169920.986 14429 16833 0.857185
169924.175 14430 16834 0.857194
169930.771 14431 16835 0.857202
169931.647 14432 16836 0.857211
169937.537 14433 16837 0.857219
169938.180 14434 16838 0.857228
169944.613 14435 16839 0.857236
169945.917 14436 16840 0.857245
169951.179 14437 16841 0.857253
169952.576 14438 16842 0.857262
169957.094 14439 16843 0.857270
169959.181 14440 16844 0.857279
169963.296 14441 16845 0.857287
169965.772 14442 16846 0.857296
169968.983 14443 16847 0.857304
169972.371 14444 16848 0.857312
169972.627 14444 16849 0.857262
169973.397 14444 16850 0.857211
169975.564 14445 16851 0.857219
169979.096 14446 16852 0.857228
169981.414 14447 16853 0.857236
169985.751 14447 16854 0.857185
169987.770 14448 16855 0.857194
169993.937 14449 16856 0.857202
170000.053 14450 16857 0.857211
170006.061 14451 16858 0.857219
170012.262 14452 16859 0.857228
170018.495 14453 16860 0.857236
170024.716 14454 16861 0.857245
170024.792 14455 16862 0.857253
170026.254 14456 16863 0.857261
170030.966 14457 16864 0.857270
170031.240 14458 16865 0.857278
170032.482 14459 16866 0.857287
170037.132 14459 16867 0.857236
170037.888 14460 16868 0.857244
170038.339 14461 16869 0.857253
170039.041 14462 16870 0.857261
170044.479 14462 16871 0.857211
170045.009 14463 16872 0.857219
170045.507 14464 16873 0.857228
170050.977 14465 16874 0.857236
170051.464 14466 16875 0.857244
170056.901 14467 16876 0.857253
170058.067 14468 16877 0.857261
170063.523 14469 16878 0.857270
170064.197 14470 16879 0.857278
170070.109 14471 16880 0.857287
170070.808 14472 16881 0.857295
170076.732 14473 16882 0.857304
170077.402 14473 16883 0.857253
170083.900 14473 16884 0.857202
170089.406 14474 16885 0.857211
170095.677 14475 16886 0.857219
170096.886 14476 16887 0.857227
170101.951 14477 16888 0.857236
170108.396 14478 16889 0.857244
170114.614 14478 16890 0.857194
170129.252 14479 16891 0.857202
170136.243 14479 16892 0.857151
170137.083 14480 16893 0.857160
170143.302 14481 16894 0.857168
170147.373 14481 16895 0.857117
170149.913 14482 16896 0.857126
170156.447 14483 16897 0.857134
170162.748 14484 16898 0.857143
170165.507 14485 16899 0.857151
170169.241 14485 16900 0.857101
170171.682 14486 16901 0.857109
170177.901 14487 16902 0.857118
170184.139 14488 16903 0.857126
170189.177 14489 16904 0.857134
170189.845 14490 16905 0.857143
170195.877 14490 16906 0.857092
170196.046 14491 16907 0.857101
170198.756 14492 16908 0.857109
170202.294 14493 16909 0.857118
170204.745 14494 16910 0.857126
170208.581 14495 16911 0.857134
170211.422 14496 16912 0.857143
170214.818 14497 16913 0.857151
170217.567 14498 16914 0.857160
170220.894 14499 16915 0.857168
170224.162 14500 16916 0.857177
170226.691 14501 16917 0.857185
170229.117 14502 16918 0.857194
170230.815 14503 16919 0.857202
170232.374 14504 16920 0.857210
170235.261 14505 16921 0.857219
170236.914 14506 16922 0.857227
170238.689 14506 16923 0.857177
170241.844 14507 16924 0.857185
170243.289 14507 16925 0.857134
170248.382 14508 16926 0.857143
170248.410 14509 16927 0.857151
170254.465 14510 16928 0.857160
170254.892 14511 16929 0.857168
170260.989 14512 16930 0.857177
170261.493 14513 16931 0.857185
170267.500 14514 16932 0.857193
170267.630 14515 16933 0.857202
170273.499 14516 16934 0.857210
170274.345 14517 16935 0.857219
170279.739 14518 16936 0.857227
170280.828 14519 16937 0.857236
170285.857 14520 16938 0.857244
170286.915 14521 16939 0.857252
170291.283 14522 16940 0.857261
170292.770 14522 16941 0.857210
170293.278 14523 16942 0.857219
170295.347 14524 16943 0.857227
170297.841 14524 16944 0.857177
170300.023 14524 16945 0.857126
170301.931 14525 16946 0.857134
170308.598 14526 16947 0.857143
170315.241 14526 16948 0.857092
170345.701 14526 16949 0.857042
170350.935 14527 16950 0.857050
170352.800 14528 16951 0.857059
170357.117 14528 16952 0.857008
170359.487 14529 16953 0.857016
170365.839 14530 16954 0.857025
170368.760 14531 16955 0.857033
170372.513 14531 16956 0.856983
170374.879 14531 16957 0.856932
170396.996 14531 16958 0.856882
170409.806 14531 16959 0.856831
170426.867 14532 16960 0.856840
170427.800 14533 16961 0.856848
170433.748 14534 16962 0.856857
170433.815 14535 16963 0.856865
170439.793 14535 16964 0.856814
170440.327 14536 16965 0.856823
170447.065 14537 16966 0.856831
170450.197 14538 16967 0.856840
170453.621 14539 16968 0.856848
170457.128 14540 16969 0.856857
170460.271 14541 16970 0.856865
170461.009 14541 16971 0.856815
170463.782 14542 16972 0.856823
170466.810 14542 16973 0.856773
170469.853 14543 16974 0.856781
170476.602 14544 16975 0.856789
170483.127 14545 16976 0.856798
170490.527 14546 16977 0.856806
170492.508 14546 16978 0.856756
170497.133 14547 16979 0.856764
170503.832 14547 16980 0.856714
170513.495 14548 16981 0.856722
170519.413 14549 16982 0.856731
170520.972 14550 16983 0.856739
170525.804 14551 16984 0.856748
170527.343 14552 16985 0.856756
170532.087 14553 16986 0.856764
170533.294 14554 16987 0.856773
170538.546 14555 16988 0.856781
170539.227 14556 16989 0.856790
170544.735 14557 16990 0.856798
170545.059 14558 16991 0.856807
170545.626 14559 16992 0.856815
170551.461 14559 16993 0.856765
170551.648 14560 16994 0.856773
170551.655 14560 16995 0.856723
170557.284 14561 16996 0.856731
170557.359 14562 16997 0.856739
170563.633 14562 16998 0.856689
170563.765 14563 16999 0.856697
170570.011 14564 17000 0.856706
170575.657 14565 17001 0.856714
170581.496 14566 17002 0.856723
170588.660 14567 17003 0.856731
170594.373 14568 17004 0.856740
170600.121 14569 17005 0.856748
170603.620 14570 17006 0.856756
170604.227 14571 17007 0.856765
170606.350 14572 17008 0.856773
170610.066 14573 17009 0.856782
170610.551 14574 17010 0.856790
170612.060 14575 17011 0.856799
170616.299 14576 17012 0.856807
170616.393 14577 17013 0.856815
170616.675 14578 17014 0.856824
170618.325 14579 17015 0.856832
170622.415 14580 17016 0.856841
170622.780 14581 17017 0.856849
170622.929 14582 17018 0.856857
170624.123 14583 17019 0.856866
170628.860 14584 17020 0.856874
170629.331 14585 17021 0.856883
170629.709 14586 17022 0.856891
170630.475 14587 17023 0.856899
170635.722 14587 17024 0.856849
170635.814 14587 17025 0.856799
170636.250 14588 17026 0.856807
170636.773 14589 17027 0.856816
170642.780 14590 17028 0.856824
170643.218 14591 17029 0.856832
170648.640 14592 17030 0.856841
170649.008 14593 17031 0.856849
170655.011 14594 17032 0.856858
170655.283 14595 17033 0.856866
170661.769 14595 17034 0.856816
170662.043 14596 17035 0.856824
170668.135 14597 17036 0.856833
170674.256 14598 17037 0.856841
170680.027 14599 17038 0.856849
170686.461 14600 17039 0.856858
170688.499 14601 17040 0.856866
170689.191 14602 17041 0.856875
170692.861 14602 17042 0.856824
170694.417 14603 17043 0.856833
170695.655 14604 17044 0.856841
170700.936 14605 17045 0.856850
170702.174 14606 17046 0.856858
170707.593 14607 17047 0.856866
170708.772 14608 17048 0.856875
170713.873 14609 17049 0.856883
170714.079 14610 17050 0.856891
170715.310 14610 17051 0.856841
170720.212 14611 17052 0.856850
170720.794 14612 17053 0.856858
170726.084 14612 17054 0.856808
170727.530 14613 17055 0.856816
170733.996 14614 17056 0.856825
170740.682 14615 17057 0.856833
170744.226 14616 17058 0.856841
170747.360 14617 17059 0.856850
170750.693 14618 17060 0.856858
170753.412 14619 17061 0.856867
170757.080 14620 17062 0.856875
170759.892 14620 17063 0.856825
170763.382 14621 17064 0.856833
170767.378 14622 17065 0.856841
170769.310 14623 17066 0.856850
170774.123 14624 17067 0.856858
170775.465 14625 17068 0.856867
170778.411 14625 17069 0.856816
170783.327 14626 17070 0.856825
170785.846 14626 17071 0.856775
170789.726 14627 17072 0.856783
170796.265 14628 17073 0.856791
170802.171 14629 17074 0.856800
170808.493 14630 17075 0.856808
170811.936 14631 17076 0.856817
170814.832 14632 17077 0.856825
170817.787 14633 17078 0.856833
170821.248 14634 17079 0.856842
170824.223 14635 17080 0.856850
170827.067 14636 17081 0.856858
170830.507 14637 17082 0.856867
170831.054 14638 17083 0.856875
170833.388 14639 17084 0.856884
170836.995 14640 17085 0.856892
170837.544 14641 17086 0.856900
170838.752 14642 17087 0.856909
170839.573 14643 17088 0.856917
170842.988 14644 17089 0.856926
170844.083 14644 17090 0.856875
170845.263 14645 17091 0.856884
170845.467 14645 17092 0.856834
170848.985 14646 17093 0.856842
170851.239 14647 17094 0.856850
170855.705 14648 17095 0.856859
170857.794 14649 17096 0.856867
170861.499 14650 17097 0.856875
170864.334 14651 17098 0.856884
170868.609 14652 17099 0.856892
170870.410 14653 17100 0.856901
170874.899 14654 17101 0.856909
170876.596 14655 17102 0.856917
170881.067 14656 17103 0.856926
170883.138 14657 17104 0.856934
170887.655 14658 17105 0.856942
170889.809 14658 17106 0.856892
170893.956 14659 17107 0.856901
170897.383 14660 17108 0.856909
170898.986 14661 17109 0.856917
170900.391 14662 17110 0.856926
170903.192 14663 17111 0.856934
170905.807 14664 17112 0.856942
170906.988 14665 17113 0.856951
170909.440 14666 17114 0.856959
170912.525 14667 17115 0.856968
170913.338 14667 17116 0.856918
170915.644 14668 17117 0.856926
170919.151 14669 17118 0.856934
170942.111 14670 17119 0.856943
170945.249 14671 17120 0.856951
170948.653 14671 17121 0.856901
170951.009 14672 17122 0.856909
170953.658 14673 17123 0.856918
170956.940 14674 17124 0.856926
170960.222 14675 17125 0.856934
170962.744 14676 17126 0.856943
170964.963 14677 17127 0.856951
170966.781 14678 17128 0.856959
170969.241 14679 17129 0.856968
170971.261 14680 17130 0.856976
170973.368 14681 17131 0.856984
170975.470 14682 17132 0.856993
170977.551 14682 17133 0.856943
170979.439 14683 17134 0.856951
170986.053 14683 17135 0.856901
170987.689 14684 17136 0.856909
170993.910 14684 17137 0.856859
171001.343 14685 17138 0.856868
171007.802 14686 17139 0.856876
171013.766 14686 17140 0.856826
171028.840 14687 17141 0.856834
171035.204 14688 17142 0.856843
171038.328 14688 17143 0.856793
171041.674 14689 17144 0.856801
171046.468 14689 17145 0.856751
171047.656 14690 17146 0.856760
171053.902 14691 17147 0.856768
171060.065 14692 17148 0.856776
171066.989 14693 17149 0.856785
171073.817 14694 17150 0.856793
171080.200 14695 17151 0.856801
171087.372 14696 17152 0.856810
171091.490 14697 17153 0.856818
171092.214 14698 17154 0.856826
171097.514 14699 17155 0.856835
171098.723 14700 17156 0.856843
171099.109 14701 17157 0.856851
171099.455 14701 17158 0.856801
171103.395 14702 17159 0.856810
171104.683 14703 17160 0.856818
171105.228 14704 17161 0.856827
171109.462 14704 17162 0.856777
171111.102 14704 17163 0.856727
171112.052 14705 17164 0.856735
171118.759 14706 17165 0.856743
171125.006 14707 17166 0.856752
171131.104 14708 17167 0.856760
171137.691 14709 17168 0.856768
171143.767 14709 17169 0.856719
171152.551 14710 17170 0.856727
171161.749 14711 17171 0.856735
171163.291 14712 17172 0.856744
171163.383 14713 17173 0.856752
171167.988 14714 17174 0.856760
171169.353 14715 17175 0.856769
171169.632 14716 17176 0.856777
171174.821 14717 17177 0.856785
171175.221 14718 17178 0.856794
171181.041 14719 17179 0.856802
171181.763 14720 17180 0.856810
171188.175 14721 17181 0.856819
171194.091 14721 17182 0.856769
171196.295 14722 17183 0.856777
171201.450 14723 17184 0.856785
171202.518 14724 17185 0.856794
171208.612 14725 17186 0.856802
171208.784 14726 17187 0.856810
171209.116 14727 17188 0.856819
171215.096 14728 17189 0.856827
171215.718 14729 17190 0.856835
171215.924 14730 17191 0.856844
171221.758 14731 17192 0.856852
171222.214 14732 17193 0.856860
171222.566 14733 17194 0.856869
171227.852 14734 17195 0.856877
171228.548 14735 17196 0.856885
171229.071 14736 17197 0.856894
171234.487 14737 17198 0.856902
171234.565 14737 17199 0.856852
171235.990 14737 17200 0.856802
171248.438 14738 17201 0.856811
171249.421 14738 17202 0.856761
171254.801 14739 17203 0.856769
171261.709 14740 17204 0.856777
171268.106 14741 17205 0.856786
171274.349 14742 17206 0.856794
171280.526 14743 17207 0.856802
171286.316 14744 17208 0.856811
171287.342 14744 17209 0.856761
171287.717 14745 17210 0.856769
171292.189 14746 17211 0.856778
171294.225 14746 17212 0.856728
171298.089 14747 17213 0.856736
171301.515 14748 17214 0.856745
171304.097 14749 17215 0.856753
171308.317 14750 17216 0.856761
171311.022 14750 17217 0.856711
171314.690 14751 17218 0.856720
171321.480 14751 17219 0.856670
171339.192 14751 17220 0.856620
171345.936 14752 17221 0.856629
171351.818 14752 17222 0.856579
171363.273 14753 17223 0.856587
171369.924 14754 17224 0.856595
171374.407 14755 17225 0.856604
171376.536 14756 17226 0.856612
171380.300 14756 17227 0.856562
171383.038 14757 17228 0.856571
171389.014 14758 17229 0.856579
171392.769 14759 17230 0.856587
171395.341 14760 17231 0.856596
171399.298 14761 17232 0.856604
171401.669 14762 17233 0.856612
171403.463 14763 17234 0.856621
171405.427 14764 17235 0.856629
171407.768 14765 17236 0.856637
171410.398 14766 17237 0.856646
171411.511 14767 17238 0.856654
171414.083 14768 17239 0.856662
171416.932 14769 17240 0.856671
171418.166 14770 17241 0.856679
171420.630 14771 17242 0.856687
171423.358 14771 17243 0.856637
171424.714 14772 17244 0.856646
171427.647 14773 17245 0.856654
171431.192 14774 17246 0.856662
171432.504 14775 17247 0.856671
171433.974 14776 17248 0.856679
171437.368 14777 17249 0.856687
171438.598 14778 17250 0.856696
171440.742 14779 17251 0.856704
171444.498 14780 17252 0.856712
171444.872 14780 17253 0.856663
171446.581 14781 17254 0.856671
171451.156 14782 17255 0.856679
171453.036 14782 17256 0.856630
171457.835 14783 17257 0.856638
171464.863 14784 17258 0.856646
171471.405 14784 17259 0.856597
171475.429 14785 17260 0.856605
171482.434 14786 17261 0.856613
171488.809 14787 17262 0.856621
171495.176 14788 17263 0.856630
171497.296 14789 17264 0.856638
171502.764 14790 17265 0.856646
171503.127 14791 17266 0.856655
171504.083 14792 17267 0.856663
171508.735 14793 17268 0.856671
171510.999 14794 17269 0.856680
171515.425 14795 17270 0.856688
171516.844 14796 17271 0.856696
171522.509 14796 17272 0.856647
171522.629 14797 17273 0.856655
171524.684 14798 17274 0.856663
171528.586 14799 17275 0.856671
171531.178 14799 17276 0.856622
171534.896 14800 17277 0.856630
171541.292 14801 17278 0.856638
171547.214 14802 17279 0.856647
171549.840 14803 17280 0.856655
171553.663 14804 17281 0.856663
171555.755 14805 17282 0.856672
171560.192 14805 17283 0.856622
171562.190 14805 17284 0.856573
171574.876 14806 17285 0.856581
171581.475 14807 17286 0.856589
171584.230 14808 17287 0.856597
171590.782 14809 17288 0.856606
171597.177 14810 17289 0.856614
171604.296 14811 17290 0.856622
171610.209 14812 17291 0.856631
171612.487 14813 17292 0.856639
171614.772 14814 17293 0.856647
171617.048 14815 17294 0.856655
171618.806 14816 17295 0.856664
171620.622 14817 17296 0.856672
171622.965 14818 17297 0.856680
171623.180 14819 17298 0.856689
171625.139 14820 17299 0.856697
171626.319 14821 17300 0.856705
171629.088 14822 17301 0.856713
171629.370 14823 17302 0.856722
171631.603 14824 17303 0.856730
171632.798 14825 17304 0.856738
171635.282 14825 17305 0.856689
171635.899 14825 17306 0.856639
171637.885 14826 17307 0.856648
171638.721 14827 17308 0.856656
171644.334 14827 17309 0.856606
171645.218 14828 17310 0.856615
171650.953 14829 17311 0.856623
171656.923 14830 17312 0.856631
171663.087 14831 17313 0.856640
171668.853 14832 17314 0.856648
171675.236 14833 17315 0.856656
171686.426 14834 17316 0.856664
171688.227 14835 17317 0.856673
171688.400 14836 17318 0.856681
171694.167 14837 17319 0.856689
171694.929 14838 17320 0.856697
171695.761 14839 17321 0.856706
171700.177 14840 17322 0.856714
171701.277 14841 17323 0.856722
171701.820 14842 17324 0.856731
171703.536 14843 17325 0.856739
171707.616 14844 17326 0.856747
171708.197 14845 17327 0.856755
171709.994 14846 17328 0.856764
171711.675 14847 17329 0.856772
171713.511 14847 17330 0.856722
171714.257 14848 17331 0.856731
171716.391 14849 17332 0.856739
171718.170 14850 17333 0.856747
171720.942 14851 17334 0.856756
171722.554 14852 17335 0.856764
171724.701 14852 17336 0.856714
171727.527 14853 17337 0.856723
171728.338 14854 17338 0.856731
171733.895 14854 17339 0.856681
171734.711 14855 17340 0.856690
171741.040 14856 17341 0.856698
171747.424 14857 17342 0.856706
171753.659 14858 17343 0.856715
171760.300 14859 17344 0.856723
171766.313 14860 17345 0.856731
171767.881 14861 17346 0.856739
171772.809 14862 17347 0.856748
171774.370 14863 17348 0.856756
171776.863 14864 17349 0.856764
171778.825 14865 17350 0.856772
171780.377 14866 17351 0.856781
171783.436 14867 17352 0.856789
171785.009 14868 17353 0.856797
171785.206 14869 17354 0.856805
171788.679 14870 17355 0.856814
171789.529 14871 17356 0.856822
171791.086 14872 17357 0.856830
171791.603 14873 17358 0.856838
171794.774 14874 17359 0.856847
171795.520 14874 17360 0.856797
171797.054 14875 17361 0.856805
171797.962 14876 17362 0.856814
171801.141 14877 17363 0.856822
171803.560 14878 17364 0.856830
171804.206 14879 17365 0.856838
171807.073 14880 17366 0.856847
171810.183 14881 17367 0.856855
171810.535 14882 17368 0.856863
171813.471 14883 17369 0.856871
171816.804 14883 17370 0.856822
171816.987 14884 17371 0.856830
171819.886 14884 17372 0.856781
171823.018 14885 17373 0.856789
171829.653 14886 17374 0.856798
171835.688 14887 17375 0.856806
171842.189 14888 17376 0.856814
171847.732 14888 17377 0.856765
171848.152 14889 17378 0.856773
171854.479 14890 17379 0.856781
171860.818 14890 17380 0.856732
171869.644 14890 17381 0.856683
171871.385 14891 17382 0.856691
171878.067 14892 17383 0.856699
171889.566 14893 17384 0.856707
171896.614 14894 17385 0.856716
171900.810 14895 17386 0.856724
171907.365 14896 17387 0.856732
171912.468 14896 17388 0.856683
171913.979 14897 17389 0.856691
171920.630 14898 17390 0.856699
171921.895 14899 17391 0.856707
171928.224 14900 17392 0.856716
171928.601 14900 17393 0.856666
171935.816 14900 17394 0.856617
171944.468 14901 17395 0.856625
171950.478 14902 17396 0.856634
171956.450 14902 17397 0.856584
171964.391 14903 17398 0.856593
171970.292 14904 17399 0.856601
171976.260 14905 17400 0.856609
171979.716 14906 17401 0.856617
171982.921 14907 17402 0.856626
171988.960 14907 17403 0.856576
171990.149 14908 17404 0.856585
171996.099 14909 17405 0.856593
171996.354 14910 17406 0.856601
172002.165 14911 17407 0.856609
172002.467 14911 17408 0.856560
172008.128 14912 17409 0.856568
172008.754 14913 17410 0.856577
172015.402 14913 17411 0.856527
172029.968 14914 17412 0.856536
172036.376 14915 17413 0.856544
172041.811 14916 17414 0.856552
172042.662 14917 17415 0.856560
172048.563 14918 17416 0.856569
172048.868 14919 17417 0.856577
172054.656 14920 17418 0.856585
172054.967 14921 17419 0.856593
172055.021 14922 17420 0.856602
172060.707 14923 17421 0.856610
172061.238 14924 17422 0.856618
172061.723 14925 17423 0.856626
172067.166 14926 17424 0.856635
172067.908 14927 17425 0.856643
172068.977 14927 17426 0.856594
172073.106 14928 17427 0.856602
172074.453 14929 17428 0.856610
172079.148 14930 17429 0.856618
172081.102 14931 17430 0.856627
172085.279 14932 17431 0.856635
172087.682 14933 17432 0.856643
172092.575 14933 17433 0.856594
172094.224 14933 17434 0.856545
172105.795 14934 17435 0.856553
172112.138 14935 17436 0.856561
172118.044 14935 17437 0.856512
172121.882 14935 17438 0.856463
172144.774 14936 17439 0.856471
172146.616 14937 17440 0.856479
172151.184 14938 17441 0.856488
172152.799 14939 17442 0.856496
172157.405 14939 17443 0.856447
172159.583 14940 17444 0.856455
172166.340 14941 17445 0.856463
172170.137 14942 17446 0.856471
172173.163 14942 17447 0.856422
172174.343 14943 17448 0.856431
172176.380 14944 17449 0.856439
172180.523 14945 17450 0.856447
172182.836 14945 17451 0.856398
172187.056 14946 17452 0.856406
172193.270 14947 17453 0.856414
172199.727 14948 17454 0.856423
172206.326 14949 17455 0.856431
172210.343 14950 17456 0.856439
172212.975 14951 17457 0.856447
172216.227 14952 17458 0.856455
172222.491 14953 17459 0.856464
172225.654 14954 17460 0.856472
172228.790 14955 17461 0.856480
172232.219 14955 17462 0.856431
172234.579 14955 17463 0.856382
172235.696 14956 17464 0.856390
172241.957 14957 17465 0.856399
172247.249 14958 17466 0.856407
172247.835 14959 17467 0.856415
172253.199 14960 17468 0.856423
172253.961 14961 17469 0.856431
172259.766 14961 17470 0.856382
172260.327 14961 17471 0.856333
172283.650 14961 17472 0.856284
172286.267 14962 17473 0.856293
172292.923 14963 17474 0.856301
172311.513 14964 17475 0.856309
172312.231 14965 17476 0.856317
172316.934 14966 17477 0.856325
172317.451 14967 17478 0.856334
172318.704 14968 17479 0.856342
172323.506 14969 17480 0.856350
172323.665 14970 17481 0.856358
172324.758 14971 17482 0.856367
172329.502 14972 17483 0.856375
172330.643 14973 17484 0.856383
172334.564 14974 17485 0.856391
172335.767 14975 17486 0.856399
172336.604 14976 17487 0.856408
172336.706 14977 17488 0.856416
172340.625 14978 17489 0.856424
172342.610 14979 17490 0.856432
172342.703 14980 17491 0.856440
172343.244 14981 17492 0.856449
172347.116 14982 17493 0.856457
172349.175 14983 17494 0.856465
172349.178 14984 17495 0.856473
172349.222 14985 17496 0.856481
172353.766 14986 17497 0.856490
172355.510 14987 17498 0.856498
172355.806 14988 17499 0.856506
172356.081 14989 17500 0.856514
172360.288 14990 17501 0.856522
172362.213 14991 17502 0.856531
172362.310 14992 17503 0.856539
172362.613 14993 17504 0.856547
172367.104 14994 17505 0.856555
172368.340 14995 17506 0.856563
172368.523 14996 17507 0.856572
172369.082 14997 17508 0.856580
172373.733 14998 17509 0.856588
172374.685 14999 17510 0.856596
172375.132 14999 17511 0.856547
172376.024 15000 17512 0.856556
172380.253 15001 17513 0.856564
172382.180 15001 17514 0.856515
172384.575 15001 17515 0.856466
172387.220 15002 17516 0.856474
172393.833 15003 17517 0.856482
172400.242 15004 17518 0.856490
172406.943 15005 17519 0.856499
172413.477 15006 17520 0.856507
172419.993 15007 17521 0.856515
172426.356 15007 17522 0.856466
172427.604 15008 17523 0.856474
172434.213 15009 17524 0.856483
172434.577 15010 17525 0.856491
172436.110 15011 17526 0.856499
172440.299 15012 17527 0.856507
172441.217 15013 17528 0.856515
172442.225 15014 17529 0.856523
172447.112 15015 17530 0.856532
172447.505 15016 17531 0.856540
172448.899 15016 17532 0.856491
172453.834 15017 17533 0.856499
172454.398 15018 17534 0.856507
172461.005 15019 17535 0.856516
172461.006 15020 17536 0.856524
172467.456 15021 17537 0.856532
172467.590 15022 17538 0.856540
172473.850 15023 17539 0.856548
172473.951 15024 17540 0.856556
172479.061 15025 17541 0.856565
172479.677 15026 17542 0.856573
172480.099 15027 17543 0.856581
172485.680 15028 17544 0.856589
172486.111 15029 17545 0.856597
172487.102 15029 17546 0.856549
172492.114 15030 17547 0.856557
172492.380 15031 17548 0.856565
172498.934 15032 17549 0.856573
172501.253 15033 17550 0.856581
172501.591 15034 17551 0.856589
172504.979 15034 17552 0.856541
172507.252 15034 17553 0.856492
172507.516 15035 17554 0.856500
172513.979 15036 17555 0.856508
172520.208 15036 17556 0.856459
172538.363 15037 17557 0.856468
172544.182 15038 17558 0.856476
172550.580 15039 17559 0.856484
172556.428 15040 17560 0.856492
172556.446 15041 17561 0.856500
172560.560 15042 17562 0.856508
172562.781 15043 17563 0.856517
172562.845 15044 17564 0.856525
172567.147 15045 17565 0.856533
172568.717 15045 17566 0.856484
172569.335 15046 17567 0.856492
172571.719 15047 17568 0.856500
172573.277 15047 17569 0.856452
172575.869 15047 17570 0.856403
172578.129 15048 17571 0.856411
172584.348 15049 17572 0.856419
172590.898 15050 17573 0.856427
172596.967 15051 17574 0.856436
172603.116 15052 17575 0.856444
172608.928 15052 17576 0.856395
172619.938 15053 17577 0.856403
172625.524 15054 17578 0.856411
172626.467 15055 17579 0.856420
172629.034 15055 17580 0.856371
172631.899 15056 17581 0.856379
172632.943 15057 17582 0.856387
172637.844 15058 17583 0.856395
172639.438 15059 17584 0.856404
172644.374 15060 17585 0.856412
172645.852 15061 17586 0.856420
172650.846 15062 17587 0.856428
172652.194 15063 17588 0.856436
172656.922 15064 17589 0.856444
172658.633 15065 17590 0.856453
172663.313 15066 17591 0.856461
172664.364 15067 17592 0.856469
172664.666 15068 17593 0.856477
172669.680 15069 17594 0.856485
172670.435 15070 17595 0.856493
172671.085 15071 17596 0.856501
172676.116 15072 17597 0.856510
172676.482 15073 17598 0.856518
172677.497 15074 17599 0.856526
172681.428 15075 17600 0.856534
172683.169 15076 17601 0.856542
172683.365 15077 17602 0.856550
172684.282 15078 17603 0.856559
172687.848 15079 17604 0.856567
172689.600 15080 17605 0.856575
172689.819 15081 17606 0.856583
172690.232 15081 17607 0.856534
172694.116 15082 17608 0.856542
172696.628 15082 17609 0.856494
172696.922 15083 17610 0.856502
172700.638 15084 17611 0.856510
172704.266 15085 17612 0.856518
172707.152 15085 17613 0.856470
172710.974 15085 17614 0.856421
172742.676 15086 17615 0.856429
172748.239 15087 17616 0.856437
172748.992 15088 17617 0.856445
172754.939 15088 17618 0.856397
172755.326 15088 17619 0.856348
172759.582 15089 17620 0.856356
172763.558 15090 17621 0.856365
172765.803 15091 17622 0.856373
172770.025 15092 17623 0.856381
172772.342 15092 17624 0.856332
172776.638 15093 17625 0.856340
172782.677 15093 17626 0.856292
172807.425 15093 17627 0.856243
172807.902 15094 17628 0.856251
172813.929 15095 17629 0.856260
172821.160 15096 17630 0.856268
172823.689 15097 17631 0.856276
172827.298 15098 17632 0.856284
172830.121 15099 17633 0.856292
172833.722 15100 17634 0.856300
172836.123 15100 17635 0.856252
172840.348 15101 17636 0.856260
172846.850 15102 17637 0.856268
172852.808 15103 17638 0.856276
172858.787 15104 17639 0.856284
172859.146 15104 17640 0.856236
172865.608 15105 17641 0.856244
172872.292 15106 17642 0.856252
172876.532 15107 17643 0.856260
172878.293 15108 17644 0.856268
172883.029 15109 17645 0.856277
172884.396 15110 17646 0.856285
172889.425 15111 17647 0.856293
172890.520 15112 17648 0.856301
172893.629 15113 17649 0.856309
172895.394 15114 17650 0.856317
172896.647 15115 17651 0.856325
172900.389 15116 17652 0.856334
172901.555 15117 17653 0.856342
172903.257 15118 17654 0.856350
172906.971 15119 17655 0.856358
172907.440 15120 17656 0.856366
172909.474 15121 17657 0.856374
172912.603 15122 17658 0.856382
172914.149 15123 17659 0.856391
172915.430 15124 17660 0.856399
172916.054 15125 17661 0.856407
172918.457 15126 17662 0.856415
172920.351 15127 17663 0.856423
172922.545 15128 17664 0.856431
172922.731 15129 17665 0.856439
172924.851 15130 17666 0.856447
172927.023 15131 17667 0.856456
172928.623 15132 17668 0.856464
172928.874 15133 17669 0.856472
172931.393 15133 17670 0.856423
172933.021 15134 17671 0.856431
172934.700 15135 17672 0.856440
172936.038 15136 17673 0.856448
172939.420 15136 17674 0.856399
172942.539 15136 17675 0.856351
172943.805 15137 17676 0.856359
172949.529 15138 17677 0.856367
172949.763 15139 17678 0.856375
172955.595 15139 17679 0.856327
172956.324 15140 17680 0.856335
172962.832 15141 17681 0.856343
172982.758 15142 17682 0.856351
172983.798 15143 17683 0.856359
172990.219 15144 17684 0.856367
172991.464 15145 17685 0.856375
172991.945 15146 17686 0.856384
172996.489 15146 17687 0.856335
172997.166 15147 17688 0.856343
172998.084 15148 17689 0.856351
173003.685 15149 17690 0.856360
173004.631 15150 17691 0.856368
173008.624 15150 17692 0.856319
173009.479 15151 17693 0.856327
173011.145 15152 17694 0.856335
173015.977 15153 17695 0.856344
173021.347 15153 17696 0.856295
173021.889 15154 17697 0.856303
173027.828 15155 17698 0.856311
173033.749 15156 17699 0.856320
173040.215 15157 17700 0.856328
173046.088 15158 17701 0.856336
173050.156 15159 17702 0.856344
173052.566 15160 17703 0.856352
173056.097 15161 17704 0.856360
173059.048 15162 17705 0.856368
173061.271 15163 17706 0.856376
173062.874 15164 17707 0.856384
173065.035 15165 17708 0.856393
173067.613 15165 17709 0.856344
173069.273 15166 17710 0.856352
173071.151 15167 17711 0.856360
173073.135 15168 17712 0.856369
173075.880 15168 17713 0.856320
173077.366 15168 17714 0.856272
173080.434 15169 17715 0.856280
173087.021 15170 17716 0.856288
173094.017 15170 17717 0.856240
173119.476 15171 17718 0.856248
173125.511 15172 17719 0.856256
173128.056 15173 17720 0.856264
173129.885 15174 17721 0.856272
173131.593 15175 17722 0.856280
173134.816 15176 17723 0.856288
173136.383 15177 17724 0.856297
173138.016 15178 17725 0.856305
173140.753 15179 17726 0.856313
173142.792 15179 17727 0.856264
173144.788 15180 17728 0.856273
173146.106 15181 17729 0.856281
173146.912 15181 17730 0.856232
173151.520 15182 17731 0.856240
173152.544 15183 17732 0.856249
173157.680 15184 17733 0.856257
173159.370 15184 17734 0.856208
173187.059 15185 17735 0.856217
173193.738 15186 17736 0.856225
173196.499 15187 17737 0.856233
173199.462 15188 17738 0.856241
173200.584 15189 17739 0.856249
173203.099 15189 17740 0.856201
173206.160 15190 17741 0.856209
173207.351 15191 17742 0.856217
173211.459 15191 17743 0.856169
173212.820 15191 17744 0.856120
173214.087 15192 17745 0.856128
173220.766 15192 17746 0.856080
173255.708 15193 17747 0.856088
173262.404 15194 17748 0.856096
173264.914 15195 17749 0.856105
173265.787 15196 17750 0.856113
173268.536 15197 17751 0.856121
173271.617 15198 17752 0.856129
173271.863 15199 17753 0.856137
173273.003 15200 17754 0.856145
173274.605 15201 17755 0.856153
173277.816 15202 17756 0.856161
173278.945 15203 17757 0.856169
173279.842 15204 17758 0.856177
173281.041 15205 17759 0.856186
173284.223 15206 17760 0.856194
173286.095 15207 17761 0.856202
173287.517 15208 17762 0.856210
173290.540 15209 17763 0.856218
173292.767 15210 17764 0.856226
173293.827 15210 17765 0.856178
173296.982 15211 17766 0.856186
173298.924 15212 17767 0.856194
173303.466 15213 17768 0.856202
173304.970 15214 17769 0.856210
173309.373 15215 17770 0.856218
173311.651 15216 17771 0.856226
173312.155 15216 17772 0.856178
173315.882 15217 17773 0.856186
173317.751 15218 17774 0.856194
173322.911 15219 17775 0.856203
173324.565 15220 17776 0.856211
173329.238 15221 17777 0.856219
173330.774 15222 17778 0.856227
173335.234 15223 17779 0.856235
173337.439 15224 17780 0.856243
173341.255 15224 17781 0.856195
173344.060 15224 17782 0.856147
173346.463 15225 17783 0.856155
173352.373 15225 17784 0.856107
173365.601 15226 17785 0.856115
173371.530 15227 17786 0.856123
173378.020 15228 17787 0.856131
173383.698 15229 17788 0.856139
173390.528 15230 17789 0.856147
173395.417 15231 17790 0.856155
173396.511 15232 17791 0.856163
173397.078 15233 17792 0.856171
173402.059 15234 17793 0.856179
173403.088 15235 17794 0.856187
173403.673 15236 17795 0.856196
173404.437 15237 17796 0.856204
173409.230 15238 17797 0.856212
173409.672 15239 17798 0.856220
173410.268 15240 17799 0.856228
173410.987 15241 17800 0.856236
173415.600 15241 17801 0.856188
173416.299 15241 17802 0.856140
173416.363 15242 17803 0.856148
173417.854 15243 17804 0.856156
173422.898 15244 17805 0.856164
173423.794 15245 17806 0.856172
173430.290 15245 17807 0.856124
173451.721 15246 17808 0.856132
173468.156 15246 17809 0.856084
173468.410 15247 17810 0.856092
173474.737 15248 17811 0.856100
173481.057 15249 17812 0.856108
173483.828 15250 17813 0.856116
173487.088 15251 17814 0.856124
173490.200 15252 17815 0.856132
173493.532 15253 17816 0.856141
173494.987 15254 17817 0.856149
173496.015 15255 17818 0.856157
173501.219 15256 17819 0.856165
173502.442 15257 17820 0.856173
173504.412 15258 17821 0.856181
173507.298 15259 17822 0.856189
173508.484 15260 17823 0.856197
173510.987 15260 17824 0.856149
173514.114 15261 17825 0.856157
173514.807 15262 17826 0.856165
173520.520 15263 17827 0.856173
173520.792 15263 17828 0.856125
173521.417 15264 17829 0.856133
173527.275 15265 17830 0.856141
173527.707 15266 17831 0.856149
173533.907 15266 17832 0.856101
173534.350 15267 17833 0.856109
173540.844 15268 17834 0.856118
173547.235 15269 17835 0.856126
173553.624 15270 17836 0.856134
173563.417 15271 17837 0.856142
173569.832 15272 17838 0.856150
173572.300 15273 17839 0.856158
173575.900 15274 17840 0.856166
173578.687 15275 17841 0.856174
173582.453 15276 17842 0.856182
173585.240 15276 17843 0.856134
173585.252 15276 17844 0.856086
173590.259 15277 17845 0.856094
173596.441 15278 17846 0.856102
173603.405 15279 17847 0.856110
173603.472 15280 17848 0.856118
173610.165 15281 17849 0.856126
173617.103 15282 17850 0.856134
173621.133 15283 17851 0.856143
173623.319 15284 17852 0.856151
173627.487 15285 17853 0.856159
173629.621 15286 17854 0.856167
173634.561 15287 17855 0.856175
173636.174 15288 17856 0.856183
173637.659 15289 17857 0.856191
173637.729 15290 17858 0.856199
173640.921 15291 17859 0.856207
173643.042 15292 17860 0.856215
173644.574 15293 17861 0.856223
173647.162 15294 17862 0.856231
173649.493 15295 17863 0.856239
173651.325 15296 17864 0.856247
173654.265 15297 17865 0.856255
173654.687 15298 17866 0.856263
173656.090 15299 17867 0.856271
173658.098 15300 17868 0.856279
173660.889 15301 17869 0.856287
173661.439 15302 17870 0.856295
173662.784 15302 17871 0.856248
173664.755 15303 17872 0.856256
173667.146 15304 17873 0.856264
173667.474 15305 17874 0.856272
173671.236 15305 17875 0.856224
173673.678 15306 17876 0.856232
173673.686 15306 17877 0.856184
173679.806 15307 17878 0.856192
173686.347 15308 17879 0.856200
173692.695 15309 17880 0.856208
173699.001 15310 17881 0.856216
173705.364 15310 17882 0.856168
173714.987 15311 17883 0.856176
173720.798 15312 17884 0.856184
173723.914 15312 17885 0.856136
173727.303 15312 17886 0.856089
173728.250 15313 17887 0.856097
173734.455 15314 17888 0.856105
173741.033 15315 17889 0.856113
173747.457 15316 17890 0.856121
173753.581 15317 17891 0.856129
173758.364 15318 17892 0.856137
173759.737 15319 17893 0.856145
173766.449 15320 17894 0.856153
173773.442 15321 17895 0.856161
173775.412 15321 17896 0.856113
173779.072 15322 17897 0.856121
173785.430 15323 17898 0.856129
173785.760 15324 17899 0.856137
173788.464 15325 17900 0.856145
173791.238 15326 17901 0.856153
173792.443 15327 17902 0.856161
173794.823 15328 17903 0.856169
173797.627 15329 17904 0.856177
173798.690 15330 17905 0.856185
173801.125 15330 17906 0.856138
173803.880 15331 17907 0.856146
173805.399 15332 17908 0.856154
173810.333 15333 17909 0.856162
173811.568 15334 17910 0.856170
173817.136 15335 17911 0.856178
173817.728 15336 17912 0.856186
173823.818 15337 17913 0.856194
173828.651 15338 17914 0.856202
173829.032 15338 17915 0.856154
173830.318 15339 17916 0.856162
173835.041 15340 17917 0.856170
173836.468 15341 17918 0.856178
173841.086 15342 17919 0.856186
173842.672 15343 17920 0.856194
173846.897 15344 17921 0.856202
173849.308 15345 17922 0.856210
173853.434 15346 17923 0.856218
173853.491 15347 17924 0.856226
173855.555 15348 17925 0.856234
173859.808 15349 17926 0.856242
173860.173 15350 17927 0.856250
173862.026 15351 17928 0.856258
173866.316 15352 17929 0.856266
173867.023 15353 17930 0.856274
173868.258 15354 17931 0.856282
173872.827 15354 17932 0.856235
173873.396 15355 17933 0.856243
173879.670 15356 17934 0.856251
173881.412 15357 17935 0.856259
173886.144 15358 17936 0.856267
173887.835 15359 17937 0.856275
173892.525 15360 17938 0.856283
173894.576 15361 17939 0.856291
173898.970 15362 17940 0.856299
173901.256 15363 17941 0.856307
173907.387 15364 17942 0.856315
173908.987 15365 17943 0.856323
173911.070 15365 17944 0.856275
173913.731 15366 17945 0.856283
173915.615 15367 17946 0.856291
173919.825 15368 17947 0.856299
173922.171 15369 17948 0.856307
173925.067 15370 17949 0.856315
173925.938 15371 17950 0.856323
173928.641 15372 17951 0.856331
173931.481 15373 17952 0.856339
173932.532 15374 17953 0.856347
173935.119 15375 17954 0.856355
173937.779 15376 17955 0.856363
173939.464 15377 17956 0.856371
173941.737 15377 17957 0.856323
173944.256 15378 17958 0.856331
173946.264 15379 17959 0.856339
173950.148 15380 17960 0.856347
173952.986 15380 17961 0.856300
173956.590 15380 17962 0.856252
173965.160 15380 17963 0.856204
173995.091 15381 17964 0.856212
174001.643 15382 17965 0.856220
174005.505 15383 17966 0.856228
174009.373 15384 17967 0.856236
174011.479 15385 17968 0.856244
174012.231 15386 17969 0.856252
174017.472 15387 17970 0.856260
174018.030 15387 17971 0.856213
174018.347 15388 17972 0.856221
174020.409 15389 17973 0.856229
174024.380 15390 17974 0.856237
174024.669 15391 17975 0.856245
174026.349 15392 17976 0.856253
174030.964 15393 17977 0.856261
174031.047 15394 17978 0.856269
174032.692 15395 17979 0.856277
174037.178 15396 17980 0.856285
174037.649 15397 17981 0.856293
174039.178 15398 17982 0.856301
174044.020 15399 17983 0.856309
174045.000 15400 17984 0.856317
174045.283 15401 17985 0.856325
174051.011 15401 17986 0.856277
174051.036 15401 17987 0.856229
174051.756 15401 17988 0.856182
174071.875 15402 17989 0.856190
174078.642 15403 17990 0.856198
174085.580 15404 17991 0.856206
174091.724 15405 17992 0.856214
174098.414 15406 17993 0.856222
174102.914 15407 17994 0.856230
174103.022 15408 17995 0.856238
174104.117 15409 17996 0.856246
174104.899 15410 17997 0.856254
174109.901 15410 17998 0.856206
174110.117 15411 17999 0.856214
174111.224 15411 18000 0.856167
174111.475 15412 18001 0.856175
174117.250 15413 18002 0.856183
174118.070 15414 18003 0.856191
174124.818 15415 18004 0.856199
174131.424 15416 18005 0.856207
174138.014 15417 18006 0.856215
174139.075 15418 18007 0.856223
174144.905 15419 18008 0.856231
174145.696 15420 18009 0.856239
174151.402 15421 18010 0.856247
174152.450 15422 18011 0.856255
174157.461 15423 18012 0.856262
174158.897 15424 18013 0.856270
174161.706 15425 18014 0.856278
174163.685 15426 18015 0.856286
174163.848 15427 18016 0.856294
174168.224 15428 18017 0.856302
174169.880 15429 18018 0.856310
174170.291 15430 18019 0.856318
174174.794 15431 18020 0.856326
174176.604 15431 18021 0.856279
174176.772 15432 18022 0.856287
174177.379 15433 18023 0.856295
174182.809 15434 18024 0.856303
174183.876 15435 18025 0.856311
174185.463 15436 18026 0.856319
174189.306 15437 18027 0.856327
174190.330 15438 18028 0.856335
174191.915 15439 18029 0.856343
174195.297 15440 18030 0.856351
174197.387 15441 18031 0.856358
174198.282 15442 18032 0.856366
174201.304 15443 18033 0.856374
174203.459 15444 18034 0.856382
174204.423 15445 18035 0.856390
174209.543 15446 18036 0.856398
174210.245 15447 18037 0.856406
174210.825 15448 18038 0.856414
174215.641 15449 18039 0.856422
174216.805 15449 18040 0.856375
174222.161 15450 18041 0.856383
174228.147 15451 18042 0.856391
174229.163 15452 18043 0.856399
174234.090 15453 18044 0.856407
174235.586 15454 18045 0.856415
174240.765 15454 18046 0.856367
174242.215 15455 18047 0.856375
174248.735 15455 18048 0.856328
174250.614 15456 18049 0.856336
174256.983 15456 18050 0.856288
174269.546 15456 18051 0.856241
174293.890 15457 18052 0.856249
174300.544 15458 18053 0.856257
174301.990 15459 18054 0.856265
174308.737 15460 18055 0.856273
174309.373 15461 18056 0.856280
174315.297 15461 18057 0.856233
174316.414 15462 18058 0.856241
174321.135 15463 18059 0.856249
174322.009 15464 18060 0.856257
174322.741 15465 18061 0.856265
174327.585 15466 18062 0.856273
174328.389 15467 18063 0.856281
174329.119 15468 18064 0.856289
174333.985 15469 18065 0.856297
174335.024 15469 18066 0.856249
174335.165 15470 18067 0.856257
174340.278 15471 18068 0.856265
174341.529 15472 18069 0.856273
174346.728 15472 18070 0.856226
174348.074 15473 18071 0.856234
174354.006 15474 18072 0.856242
174360.379 15475 18073 0.856250
174366.413 15476 18074 0.856258
174370.702 15477 18075 0.856266
174372.889 15478 18076 0.856274
174377.006 15479 18077 0.856281
174378.828 15479 18078 0.856234
174382.974 15480 18079 0.856242
174387.914 15481 18080 0.856250
174389.734 15482 18081 0.856258
174394.063 15483 18082 0.856266
174396.092 15483 18083 0.856219
174398.514 15484 18084 0.856226
174399.976 15485 18085 0.856234
174406.162 15486 18086 0.856242
174406.579 15487 18087 0.856250
174412.618 15488 18088 0.856258
174412.828 15488 18089 0.856211
174422.478 15488 18090 0.856164
174432.035 15489 18091 0.856172
174438.948 15490 18092 0.856180
174445.421 15490 18093 0.856132
174447.526 15491 18094 0.856140
174453.514 15492 18095 0.856148
174459.674 15493 18096 0.856156
174465.076 15494 18097 0.856164
174466.361 15495 18098 0.856172
174471.924 15495 18099 0.856125
174473.200 15496 18100 0.856133
174475.915 15497 18101 0.856141
174480.233 15498 18102 0.856148
174482.590 15499 18103 0.856156
174486.942 15500 18104 0.856164
174489.020 15501 18105 0.856172
174493.477 15501 18106 0.856125
174495.721 15501 18107 0.856078
174496.846 15502 18108 0.856086
174503.572 15502 18109 0.856038
174524.184 15503 18110 0.856046
174531.076 15503 18111 0.855999
174546.851 15504 18112 0.856007
174548.209 15505 18113 0.856015
174553.807 15506 18114 0.856023
174554.134 15507 18115 0.856031
174556.812 15508 18116 0.856039
174560.531 15509 18117 0.856047
174560.649 15510 18118 0.856055
174563.329 15511 18119 0.856063
174566.517 15512 18120 0.856071
174567.207 15513 18121 0.856079
174569.242 15514 18122 0.856087
174572.548 15514 18123 0.856039
174573.325 15515 18124 0.856047
174575.269 15516 18125 0.856055
174579.453 15516 18126 0.856008
174581.506 15517 18127 0.856016
174584.173 15518 18128 0.856024
174587.899 15518 18129 0.855977
174590.222 15519 18130 0.855985
174596.384 15520 18131 0.855992
174602.810 15520 18132 0.855945
174626.017 15521 18133 0.855953
174631.647 15522 18134 0.855961
174632.377 15523 18135 0.855969
174638.268 15524 18136 0.855977
174638.689 15525 18137 0.855985
174640.613 15526 18138 0.855993
174644.375 15527 18139 0.856001
174645.087 15528 18140 0.856009
174647.074 15529 18141 0.856017
174650.988 15530 18142 0.856025
174651.094 15531 18143 0.856033
174653.405 15532 18144 0.856041
174654.359 15533 18145 0.856048
174657.439 15534 18146 0.856056
174659.789 15535 18147 0.856064
174660.932 15536 18148 0.856072
174663.916 15537 18149 0.856080
174665.809 15538 18150 0.856088
174665.962 15539 18151 0.856096
174670.435 15540 18152 0.856104
174671.861 15541 18153 0.856112
174672.377 15542 18154 0.856120
174676.459 15543 18155 0.856128
174678.440 15543 18156 0.856081
174678.928 15544 18157 0.856089
174682.518 15545 18158 0.856096
174684.962 15546 18159 0.856104
174688.888 15546 18160 0.856057
174690.038 15547 18161 0.856065
174691.307 15548 18162 0.856073
174696.942 15548 18163 0.856026
174698.071 15549 18164 0.856034
174721.861 15550 18165 0.856042
174728.056 15551 18166 0.856050
174731.241 15552 18167 0.856058
174734.968 15553 18168 0.856066
174737.510 15554 18169 0.856074
174741.427 15555 18170 0.856081
174742.925 15556 18171 0.856089
174744.110 15557 18172 0.856097
174748.300 15558 18173 0.856105
174749.104 15558 18174 0.856058
174749.354 15559 18175 0.856066
174750.486 15560 18176 0.856074
174754.710 15560 18177 0.856027
174755.911 15561 18178 0.856035
174757.128 15562 18179 0.856043
174762.126 15563 18180 0.856051
174763.907 15564 18181 0.856059
174768.626 15565 18182 0.856066
174770.700 15566 18183 0.856074
174775.126 15566 18184 0.856027
174776.968 15567 18185 0.856035
174783.739 15568 18186 0.856043
174790.414 15569 18187 0.856051
174797.261 15570 18188 0.856059
174801.380 15571 18189 0.856067
174803.954 15572 18190 0.856075
174808.023 15573 18191 0.856083
174808.341 15574 18192 0.856091
174810.552 15575 18193 0.856098
174814.560 15576 18194 0.856106
174815.161 15576 18195 0.856059
174817.404 15577 18196 0.856067
174821.301 15578 18197 0.856075
174827.652 15579 18198 0.856083
174828.279 15580 18199 0.856091
174833.713 15581 18200 0.856099
174834.681 15582 18201 0.856107
174840.116 15583 18202 0.856115
174841.487 15584 18203 0.856123
174845.558 15585 18204 0.856131
174846.670 15585 18205 0.856083
174848.159 15585 18206 0.856036
174852.293 15586 18207 0.856044
174858.429 15587 18208 0.856052
174864.846 15588 18209 0.856060
174867.124 15589 18210 0.856068
174871.565 15590 18211 0.856076
174874.102 15591 18212 0.856084
174878.437 15591 18213 0.856037
174880.885 15592 18214 0.856045
174887.484 15593 18215 0.856053
174894.306 15594 18216 0.856061
174899.327 15595 18217 0.856069
174899.971 15596 18218 0.856076
174902.538 15597 18219 0.856084
174905.995 15598 18220 0.856092
174907.008 15599 18221 0.856100
174909.129 15600 18222 0.856108
174912.658 15601 18223 0.856116
174913.271 15602 18224 0.856124
174915.409 15602 18225 0.856077
174919.193 15603 18226 0.856085
174920.051 15604 18227 0.856093
174925.672 15605 18228 0.856101
174926.873 15606 18229 0.856108
174932.025 15607 18230 0.856116
174932.164 15608 18231 0.856124
174933.676 15608 18232 0.856077
174938.275 15609 18233 0.856085
174938.891 15610 18234 0.856093
174945.223 15611 18235 0.856101
174945.789 15612 18236 0.856109
174952.263 15613 18237 0.856117
174952.265 15614 18238 0.856125
174958.766 15615 18239 0.856132
174960.586 15616 18240 0.856140
174964.799 15617 18241 0.856148
174967.322 15618 18242 0.856156
174967.588 15619 18243 0.856164
174974.128 15620 18244 0.856172
174974.616 15621 18245 0.856180
174981.174 15622 18246 0.856188
174981.795 15623 18247 0.856196
174986.032 15624 18248 0.856203
174987.482 15625 18249 0.856211
174987.806 15626 18250 0.856219
174990.768 15627 18251 0.856227
174992.221 15628 18252 0.856235
174994.200 15629 18253 0.856243
174994.215 15630 18254 0.856251
174997.443 15631 18255 0.856259
174998.324 15632 18256 0.856266
175000.320 15633 18257 0.856274
175000.723 15634 18258 0.856282
175003.712 15635 18259 0.856290
175004.929 15636 18260 0.856298
175007.139 15636 18261 0.856251
175007.494 15636 18262 0.856204
175010.543 15637 18263 0.856212
175011.663 15638 18264 0.856220
175017.449 15639 18265 0.856228
175018.623 15640 18266 0.856236
175024.691 15641 18267 0.856243
175025.173 15642 18268 0.856251
175030.910 15642 18269 0.856204
175031.232 15643 18270 0.856212
175037.281 15644 18271 0.856220
175043.437 15644 18272 0.856173
175060.820 15645 18273 0.856181
175061.490 15646 18274 0.856189
175067.179 15647 18275 0.856197
175067.929 15647 18276 0.856150
175073.564 15648 18277 0.856158
175080.330 15649 18278 0.856166
175084.173 15650 18279 0.856174
175087.036 15651 18280 0.856182
175090.977 15651 18281 0.856135
175093.670 15652 18282 0.856143
175095.818 15652 18283 0.856096
175100.280 15653 18284 0.856104
175107.016 15654 18285 0.856112
175113.213 15654 18286 0.856065
175121.752 15654 18287 0.856018
175143.453 15655 18288 0.856026
175147.209 15656 18289 0.856034
175150.241 15657 18290 0.856042
175154.360 15658 18291 0.856049
175157.155 15659 18292 0.856057
175160.509 15660 18293 0.856065
175164.545 15661 18294 0.856073
175165.718 15661 18295 0.856026
175167.330 15662 18296 0.856034
175171.323 15663 18297 0.856042
175174.218 15664 18298 0.856050
175174.600 15665 18299 0.856058
175178.433 15666 18300 0.856066
175180.669 15667 18301 0.856073
175180.874 15668 18302 0.856081
175185.237 15669 18303 0.856089
175187.682 15669 18304 0.856042
175192.015 15670 18305 0.856050
175205.668 15670 18306 0.856003
175211.119 15671 18307 0.856011
175217.327 15672 18308 0.856019
175220.803 15673 18309 0.856027
175223.607 15673 18310 0.855980
175227.379 15674 18311 0.855988
175233.728 15675 18312 0.855996
175240.816 15676 18313 0.856004
175240.869 15677 18314 0.856012
175247.049 15678 18315 0.856020
175253.886 15679 18316 0.856028
175256.432 15679 18317 0.855981
175258.465 15680 18318 0.855989
175260.106 15681 18319 0.855997
175265.216 15682 18320 0.856004
175266.553 15683 18321 0.856012
175271.877 15684 18322 0.856020
175273.198 15684 18323 0.855973
175275.595 15685 18324 0.855981
175278.663 15686 18325 0.855989
175282.152 15687 18326 0.855997
175285.069 15688 18327 0.856005
175288.662 15688 18328 0.855958
175291.343 15688 18329 0.855911
175309.249 15689 18330 0.855919
175315.988 15690 18331 0.855927
175322.258 15691 18332 0.855935
175326.769 15692 18333 0.855943
175329.035 15693 18334 0.855951
175333.774 15694 18335 0.855959
175335.744 15695 18336 0.855966
175340.506 15696 18337 0.855974
175341.939 15697 18338 0.855982
175342.598 15698 18339 0.855990
175345.314 15699 18340 0.855998
175347.288 15700 18341 0.856006
175348.524 15701 18342 0.856014
175349.400 15702 18343 0.856021
175352.066 15703 18344 0.856029
175353.958 15704 18345 0.856037
175355.134 15705 18346 0.856045
175356.437 15706 18347 0.856053
175358.845 15707 18348 0.856061
175360.134 15708 18349 0.856068
175361.764 15709 18350 0.856076
175363.084 15710 18351 0.856084
175365.080 15710 18352 0.856037
175366.322 15711 18353 0.856045
175367.735 15712 18354 0.856053
175369.915 15713 18355 0.856061
175373.028 15714 18356 0.856069
175374.327 15715 18357 0.856077
175377.069 15716 18358 0.856085
175380.319 15716 18359 0.856038
175381.199 15717 18360 0.856046
175384.015 15718 18361 0.856054
175387.817 15719 18362 0.856061
175391.030 15720 18363 0.856069
175394.503 15721 18364 0.856077
175397.943 15722 18365 0.856085
175400.431 15723 18366 0.856093
175406.332 15724 18367 0.856101
175409.326 15725 18368 0.856108
175412.390 15726 18369 0.856116
175416.149 15727 18370 0.856124
175418.051 15728 18371 0.856132
175418.926 15729 18372 0.856140
175422.871 15729 18373 0.856093
175424.569 15729 18374 0.856047
175425.164 15730 18375 0.856054
175431.748 15731 18376 0.856062
175432.179 15732 18377 0.856070
175438.016 15733 18378 0.856078
175438.465 15734 18379 0.856086
175444.396 15735 18380 0.856094
175444.646 15736 18381 0.856101
175450.733 15737 18382 0.856109
175450.887 15738 18383 0.856117
175457.015 15739 18384 0.856125
175457.618 15740 18385 0.856133
175463.409 15741 18386 0.856141
175464.334 15741 18387 0.856094
175470.086 15742 18388 0.856102
175475.675 15743 18389 0.856110
175475.969 15744 18390 0.856117
175477.959 15745 18391 0.856125
175482.391 15746 18392 0.856133
175482.655 15747 18393 0.856141
175484.675 15748 18394 0.856149
175488.692 15748 18395 0.856102
175489.341 15749 18396 0.856110
175491.535 15750 18397 0.856118
175496.388 15750 18398 0.856071
175497.845 15751 18399 0.856079
175504.121 15752 18400 0.856087
175511.209 15753 18401 0.856095
175518.095 15753 18402 0.856048
175518.140 15754 18403 0.856056
175524.696 15755 18404 0.856064
175531.522 15756 18405 0.856072
175537.327 15757 18406 0.856080
175540.404 15758 18407 0.856087
175543.168 15759 18408 0.856095
175546.783 15759 18409 0.856049
175549.784 15760 18410 0.856056
175549.945 15760 18411 0.856010
175569.781 15761 18412 0.856018
175576.474 15762 18413 0.856026
175582.702 15762 18414 0.855979
175598.806 15763 18415 0.855987
175601.737 15764 18416 0.855995
175603.054 15765 18417 0.856003
175605.758 15766 18418 0.856010
175607.642 15767 18419 0.856018
175609.802 15767 18420 0.855972
175612.070 15767 18421 0.855925
175614.138 15767 18422 0.855879
175635.494 15767 18423 0.855832
175662.405 15768 18424 0.855840
175666.542 15769 18425 0.855848
175666.930 15770 18426 0.855856
175672.526 15770 18427 0.855809
175673.900 15771 18428 0.855817
175680.151 15771 18429 0.855771
175688.337 15772 18430 0.855779
175694.523 15773 18431 0.855786
175700.906 15774 18432 0.855794
175703.181 15775 18433 0.855802
175707.688 15776 18434 0.855810
175709.402 15777 18435 0.855818
175714.041 15777 18436 0.855771
175716.267 15778 18437 0.855779
175723.395 15779 18438 0.855787
175726.358 15780 18439 0.855795
175729.671 15781 18440 0.855803
175732.287 15782 18441 0.855810
175733.374 15783 18442 0.855818
175736.523 15784 18443 0.855826
175738.503 15785 18444 0.855834
175740.371 15786 18445 0.855842
175743.226 15787 18446 0.855850
175745.124 15788 18447 0.855857
175746.735 15789 18448 0.855865
175750.008 15790 18449 0.855873
175751.208 15791 18450 0.855881
175753.531 15791 18451 0.855834
175756.314 15792 18452 0.855842
175757.238 15793 18453 0.855850
175763.209 15793 18454 0.855804
175764.091 15794 18455 0.855811
175766.027 15795 18456 0.855819
175772.228 15796 18457 0.855827
175773.149 15797 18458 0.855835
175778.796 15797 18459 0.855789
175779.675 15798 18460 0.855796
175785.980 15799 18461 0.855804
175792.728 15799 18462 0.855758
175805.590 15800 18463 0.855766
175812.283 15801 18464 0.855773
175817.851 15802 18465 0.855781
175818.512 15803 18466 0.855789
175824.062 15804 18467 0.855797
175824.744 15805 18468 0.855805
175830.757 15806 18469 0.855812
175831.004 15807 18470 0.855820
175831.496 15808 18471 0.855828
175837.017 15809 18472 0.855836
175837.717 15810 18473 0.855844
175837.871 15811 18474 0.855851
175843.461 15811 18475 0.855805
175844.576 15811 18476 0.855759
175844.784 15812 18477 0.855767
175845.500 15813 18478 0.855774
175851.569 15814 18479 0.855782
175851.768 15814 18480 0.855736
175858.776 15815 18481 0.855744
175865.669 15816 18482 0.855752
175872.605 15817 18483 0.855759
175878.933 15818 18484 0.855767
175885.734 15819 18485 0.855775
175892.577 15820 18486 0.855783
175896.128 15821 18487 0.855791
175896.181 15821 18488 0.855744
175898.884 15822 18489 0.855752
175902.249 15823 18490 0.855760
175904.245 15824 18491 0.855768
175906.080 15825 18492 0.855775
175908.441 15826 18493 0.855783
175910.846 15827 18494 0.855791
175912.876 15828 18495 0.855799
175915.064 15829 18496 0.855807
175917.843 15830 18497 0.855814
175919.440 15831 18498 0.855822
175921.897 15832 18499 0.855830
175924.951 15832 18500 0.855784
175926.073 15832 18501 0.855738
175928.644 15833 18502 0.855745
175934.875 15833 18503 0.855699
175949.441 15834 18504 0.855707
175955.390 15835 18505 0.855715
175961.669 15836 18506 0.855722
175968.565 15837 18507 0.855730
175974.915 15838 18508 0.855738
175977.854 15839 18509 0.855746
175978.183 15840 18510 0.855754
175981.186 15841 18511 0.855761
175984.238 15842 18512 0.855769
175984.559 15843 18513 0.855777
175987.569 15843 18514 0.855731
175988.874 15844 18515 0.855739
175991.189 15845 18516 0.855746
175991.515 15846 18517 0.855754
175997.442 15847 18518 0.855762
175997.908 15847 18519 0.855716
176003.842 15848 18520 0.855724
176010.262 15849 18521 0.855731
176016.971 15850 18522 0.855739
176023.787 15851 18523 0.855747
176029.622 15851 18524 0.855701
176030.606 15852 18525 0.855709
176037.724 15853 18526 0.855716
176039.277 15854 18527 0.855724
176044.051 15855 18528 0.855732
176045.641 15856 18529 0.855740
176050.455 15857 18530 0.855747
176050.739 15858 18531 0.855755
176051.555 15859 18532 0.855763
176056.723 15860 18533 0.855771
176056.947 15861 18534 0.855779
176058.188 15862 18535 0.855786
176063.199 15863 18536 0.855794
176063.846 15864 18537 0.855802
176064.525 15865 18538 0.855810
176070.553 15866 18539 0.855817
176070.570 15867 18540 0.855825
176071.102 15868 18541 0.855833
176076.825 15869 18542 0.855841
176077.316 15870 18543 0.855849
176077.636 15871 18544 0.855856
176081.724 15872 18545 0.855864
176083.757 15873 18546 0.855872
176083.764 15873 18547 0.855826
176084.169 15874 18548 0.855834
176087.770 15875 18549 0.855841
176090.339 15876 18550 0.855849
176090.579 15877 18551 0.855857
176094.545 15878 18552 0.855865
176096.799 15879 18553 0.855872
176096.809 15880 18554 0.855880
176101.288 15880 18555 0.855834
176103.355 15881 18556 0.855842
176103.434 15882 18557 0.855850
176109.669 15883 18558 0.855857
176116.594 15883 18559 0.855811
176128.810 15883 18560 0.855765
176136.883 15884 18561 0.855773
176143.916 15885 18562 0.855781
176150.943 15886 18563 0.855788
176152.703 15887 18564 0.855796
176157.878 15888 18565 0.855804
176163.493 15888 18566 0.855758
176165.104 15889 18567 0.855766
176169.984 15890 18568 0.855773
176171.983 15891 18569 0.855781
176176.460 15892 18570 0.855789
176178.742 15893 18571 0.855797
176181.542 15894 18572 0.855804
176182.875 15895 18573 0.855812
176186.003 15895 18574 0.855766
176187.780 15896 18575 0.855774
176194.654 15897 18576 0.855782
176197.417 15898 18577 0.855789
176201.578 15899 18578 0.855797
176203.785 15900 18579 0.855805
176208.472 15900 18580 0.855759
176210.279 15901 18581 0.855767
176216.256 15902 18582 0.855774
176218.551 15903 18583 0.855782
176222.838 15904 18584 0.855790
176229.782 15905 18585 0.855798
176236.220 15906 18586 0.855805
176238.164 15907 18587 0.855813
176242.565 15907 18588 0.855767
176244.427 15908 18589 0.855775
176250.708 15909 18590 0.855783
176257.661 15910 18591 0.855790
176262.659 15911 18592 0.855798
176262.724 15912 18593 0.855806
176264.451 15913 18594 0.855814
176269.352 15914 18595 0.855821
176269.980 15915 18596 0.855829
176271.665 15915 18597 0.855783
176276.054 15916 18598 0.855791
176276.324 15917 18599 0.855799
176282.619 15918 18600 0.855806
176283.101 15919 18601 0.855814
176289.252 15920 18602 0.855822
176289.761 15921 18603 0.855830
176296.406 15921 18604 0.855784
176296.411 15921 18605 0.855738
176298.444 15922 18606 0.855745
176317.698 15923 18607 0.855753
176323.714 15924 18608 0.855761
176323.985 15925 18609 0.855769
176330.048 15926 18610 0.855776
176330.467 15926 18611 0.855730
176336.947 15927 18612 0.855738
176343.222 15928 18613 0.855746
176348.475 15929 18614 0.855754
176348.624 15930 18615 0.855761
176350.020 15930 18616 0.855716
176355.081 15931 18617 0.855723
176355.231 15932 18618 0.855731
176361.487 15933 18619 0.855739
176361.877 15934 18620 0.855747
176367.958 15935 18621 0.855754
176372.971 15936 18622 0.855762
176375.237 15936 18623 0.855716
176379.687 15937 18624 0.855724
176382.806 15938 18625 0.855732
176387.040 15939 18626 0.855739
176389.332 15940 18627 0.855747
176395.739 15941 18628 0.855755
176397.270 15942 18629 0.855763
176401.623 15943 18630 0.855770
176403.323 15944 18631 0.855778
176404.151 15944 18632 0.855732
176407.699 15945 18633 0.855740
176410.306 15946 18634 0.855748
176414.186 15946 18635 0.855702
176416.963 15947 18636 0.855709
176423.708 15948 18637 0.855717
176427.627 15949 18638 0.855725
176430.577 15950 18639 0.855733
176434.356 15951 18640 0.855740
176436.735 15952 18641 0.855748
176440.567 15952 18642 0.855702
176443.507 15953 18643 0.855710
176449.582 15954 18644 0.855718
176456.284 15955 18645 0.855725
176456.439 15956 18646 0.855733
176462.482 15957 18647 0.855741
176463.085 15958 18648 0.855749
176467.191 15959 18649 0.855756
176469.291 15959 18650 0.855710
176470.057 15960 18651 0.855718
176473.544 15961 18652 0.855726
176476.821 15962 18653 0.855734
176480.468 15963 18654 0.855741
176486.926 15964 18655 0.855749
176487.301 15965 18656 0.855757
176492.914 15965 18657 0.855711
176493.481 15966 18658 0.855719
176493.528 15967 18659 0.855726
176499.483 15968 18660 0.855734
176500.433 15968 18661 0.855688
176506.222 15969 18662 0.855696
176512.666 15970 18663 0.855704
176519.421 15970 18664 0.855658
176522.148 15971 18665 0.855666
176529.018 15972 18666 0.855673
176535.183 15972 18667 0.855628
176545.831 15973 18668 0.855635
176552.596 15974 18669 0.855643
176553.404 15975 18670 0.855651
176559.462 15976 18671 0.855659
176560.182 15977 18672 0.855666
176566.308 15978 18673 0.855674
176567.880 15979 18674 0.855682
176573.217 15980 18675 0.855689
176574.409 15981 18676 0.855697
176574.882 15982 18677 0.855705
176580.244 15983 18678 0.855713
176581.358 15984 18679 0.855720
176586.545 15985 18680 0.855728
176586.548 15986 18681 0.855736
176587.154 15987 18682 0.855743
176588.409 15988 18683 0.855751
176593.334 15989 18684 0.855759
176593.872 15990 18685 0.855767
176594.092 15991 18686 0.855774
176595.396 15992 18687 0.855782
176599.576 15993 18688 0.855790
176600.743 15994 18689 0.855798
176600.850 15995 18690 0.855805
176602.285 15996 18691 0.855813
176606.345 15997 18692 0.855821
176607.005 15997 18693 0.855775
176607.481 15998 18694 0.855783
176609.776 15999 18695 0.855790
176612.442 16000 18696 0.855798
176613.776 16001 18697 0.855806
176616.729 16002 18698 0.855813
176619.141 16003 18699 0.855821
176620.130 16004 18700 0.855829
176623.743 16005 18701 0.855837
176625.644 16006 18702 0.855844
176626.925 16007 18703 0.855852
176630.597 16008 18704 0.855860
176631.865 16009 18705 0.855867
176633.922 16010 18706 0.855875
176637.864 16011 18707 0.855883
176637.914 16012 18708 0.855891
176640.892 16013 18709 0.855898
176644.503 16014 18710 0.855906
176644.735 16015 18711 0.855914
176647.629 16016 18712 0.855921
176651.705 16017 18713 0.855929
176654.457 16017 18714 0.855883
176658.138 16018 18715 0.855891
176659.916 16018 18716 0.855845
176664.118 16019 18717 0.855853
176664.841 16020 18718 0.855861
176670.572 16021 18719 0.855868
176671.292 16022 18720 0.855876
176676.990 16023 18721 0.855884
176678.154 16024 18722 0.855891
176683.436 16025 18723 0.855899
176684.325 16026 18724 0.855907
176689.304 16027 18725 0.855915
176695.802 16028 18726 0.855922
176701.619 16029 18727 0.855930
176701.985 16030 18728 0.855938
176705.819 16031 18729 0.855945
176707.954 16032 18730 0.855953
176709.004 16033 18731 0.855961
176712.440 16034 18732 0.855968
176712.939 16035 18733 0.855976
176714.827 16036 18734 0.855984
176715.251 16037 18735 0.855991
176719.767 16038 18736 0.855999
176721.270 16039 18737 0.856007
176721.632 16040 18738 0.856015
176726.581 16041 18739 0.856022
176727.735 16042 18740 0.856030
176728.911 16043 18741 0.856038
176731.245 16043 18742 0.855992
176733.133 16044 18743 0.856000
176734.084 16045 18744 0.856007
176735.246 16046 18745 0.856015
176739.841 16047 18746 0.856023
176740.032 16048 18747 0.856030
176741.715 16049 18748 0.856038
176745.973 16050 18749 0.856046
176746.130 16051 18750 0.856053
176747.903 16052 18751 0.856061
176752.559 16053 18752 0.856069
176752.685 16054 18753 0.856076
176754.694 16055 18754 0.856084
176759.237 16056 18755 0.856092
176759.978 16057 18756 0.856099
176761.551 16057 18757 0.856054
176765.984 16058 18758 0.856061
176766.423 16058 18759 0.856016
176772.855 16059 18760 0.856023
176779.267 16059 18761 0.855978
176782.781 16060 18762 0.855986
176789.576 16061 18763 0.855993
176796.335 16062 18764 0.856001
176804.900 16062 18765 0.855955
176813.195 16063 18766 0.855963
176818.718 16064 18767 0.855971
176819.454 16065 18768 0.855978
176825.135 16065 18769 0.855933
176825.828 16066 18770 0.855940
176831.961 16067 18771 0.855948
176832.869 16068 18772 0.855956
176838.945 16069 18773 0.855963
176839.839 16070 18774 0.855971
176845.660 16071 18775 0.855979
176846.507 16072 18776 0.855986
176852.432 16073 18777 0.855994
176852.815 16074 18778 0.856002
176857.703 16075 18779 0.856009
176859.137 16076 18780 0.856017
176859.590 16077 18781 0.856025
176864.326 16078 18782 0.856032
176866.304 16079 18783 0.856040
176870.904 16079 18784 0.855994
176873.760 16080 18785 0.856002
176876.557 16080 18786 0.855957
176880.579 16081 18787 0.855964
176887.502 16082 18788 0.855972
176894.267 16083 18789 0.855980
176900.554 16084 18790 0.855987
176906.903 16085 18791 0.855995
176909.640 16086 18792 0.856003
176913.182 16087 18793 0.856010
176916.581 16088 18794 0.856018
176919.399 16089 18795 0.856026
176923.278 16090 18796 0.856033
176923.514 16091 18797 0.856041
176926.221 16092 18798 0.856049
176928.492 16093 18799 0.856056
176930.074 16094 18800 0.856064
176933.307 16095 18801 0.856071
176933.924 16096 18802 0.856079
176935.070 16097 18803 0.856087
176936.590 16098 18804 0.856094
176940.143 16099 18805 0.856102
176941.009 16100 18806 0.856110
176941.525 16101 18807 0.856117
176943.365 16102 18808 0.856125
176946.410 16103 18809 0.856133
176947.914 16104 18810 0.856140
176948.292 16105 18811 0.856148
176950.051 16106 18812 0.856156
176953.198 16107 18813 0.856163
176954.300 16108 18814 0.856171
176954.307 16108 18815 0.856125
176956.324 16109 18816 0.856133
176959.707 16110 18817 0.856141
176960.845 16111 18818 0.856148
176962.664 16112 18819 0.856156
176965.983 16113 18820 0.856164
176967.666 16114 18821 0.856171
176969.553 16115 18822 0.856179
176972.202 16116 18823 0.856187
176973.779 16117 18824 0.856194
176976.334 16118 18825 0.856202
176978.612 16119 18826 0.856209
176980.330 16120 18827 0.856217
176982.976 16120 18828 0.856172
176984.900 16121 18829 0.856179
176986.942 16122 18830 0.856187
176992.325 16123 18831 0.856195
176993.507 16124 18832 0.856202
176999.597 16125 18833 0.856210
177000.088 16125 18834 0.856164
177007.247 16126 18835 0.856172
177013.603 16127 18836 0.856180
177019.972 16128 18837 0.856187
177020.941 16129 18838 0.856195
177026.742 16130 18839 0.856203
177027.782 16130 18840 0.856157
177033.106 16131 18841 0.856165
177036.144 16132 18842 0.856172
177039.536 16133 18843 0.856180
177046.561 16134 18844 0.856188
177048.237 16135 18845 0.856195
177052.133 16136 18846 0.856203
177052.895 16137 18847 0.856211
177054.525 16138 18848 0.856218
177058.438 16139 18849 0.856226
177060.924 16140 18850 0.856233
177063.328 16141 18851 0.856241
177065.059 16142 18852 0.856249
177067.706 16142 18853 0.856203
177070.391 16143 18854 0.856211
177071.740 16144 18855 0.856219
177076.817 16145 18856 0.856226
177078.422 16146 18857 0.856234
177080.667 16147 18858 0.856241
177083.162 16148 18859 0.856249
177084.882 16149 18860 0.856257
177087.929 16150 18861 0.856264
177090.002 16151 18862 0.856272
177091.313 16152 18863 0.856279
177094.320 16153 18864 0.856287
177096.558 16154 18865 0.856295
177097.693 16155 18866 0.856302
177101.021 16156 18867 0.856310
177102.850 16157 18868 0.856318
177104.124 16158 18869 0.856325
177107.839 16158 18870 0.856280
177109.749 16158 18871 0.856234
177110.361 16159 18872 0.856242
177116.733 16160 18873 0.856250
177119.842 16160 18874 0.856204
177122.665 16160 18875 0.856159
177160.819 16161 18876 0.856167
177161.889 16162 18877 0.856174
177167.232 16163 18878 0.856182
177167.887 16164 18879 0.856189
177173.671 16165 18880 0.856197
177173.959 16166 18881 0.856205
177178.125 16167 18882 0.856212
177180.188 16167 18883 0.856167
177180.340 16168 18884 0.856175
177183.371 16169 18885 0.856182
177184.465 16170 18886 0.856190
177187.188 16171 18887 0.856197
177190.931 16172 18888 0.856205
177194.800 16173 18889 0.856213
177197.651 16174 18890 0.856220
177201.075 16175 18891 0.856228
177204.039 16176 18892 0.856235
177207.840 16177 18893 0.856243
177208.133 16178 18894 0.856251
177210.518 16179 18895 0.856258
177214.492 16180 18896 0.856266
177214.854 16181 18897 0.856273
177216.473 16182 18898 0.856281
177220.894 16183 18899 0.856289
177221.704 16184 18900 0.856296
177223.219 16185 18901 0.856304
177227.721 16186 18902 0.856312
177228.487 16187 18903 0.856319
177229.881 16188 18904 0.856327
177233.369 16189 18905 0.856334
177234.399 16190 18906 0.856342
177235.358 16191 18907 0.856350
177236.442 16192 18908 0.856357
177240.094 16193 18909 0.856365
177241.200 16194 18910 0.856372
177242.066 16195 18911 0.856380
177242.348 16196 18912 0.856387
177246.939 16197 18913 0.856395
177247.465 16198 18914 0.856403
177248.691 16199 18915 0.856410
177248.900 16200 18916 0.856418
177254.287 16201 18917 0.856425
177254.631 16202 18918 0.856433
177254.730 16203 18919 0.856441
177255.682 16204 18920 0.856448
177261.031 16204 18921 0.856403
177261.312 16205 18922 0.856411
177261.613 16206 18923 0.856418
177262.559 16207 18924 0.856426
177267.412 16208 18925 0.856433
177268.470 16209 18926 0.856441
177269.463 16210 18927 0.856448
177273.833 16211 18928 0.856456
177274.927 16212 18929 0.856464
177276.349 16213 18930 0.856471
177281.256 16214 18931 0.856479
177281.435 16215 18932 0.856486
177283.304 16216 18933 0.856494
177287.433 16216 18934 0.856449
177287.722 16217 18935 0.856456
177290.040 16218 18936 0.856464
177295.051 16219 18937 0.856471
177296.971 16220 18938 0.856479
177302.315 16221 18939 0.856487
177303.110 16221 18940 0.856441
177308.582 16222 18941 0.856449
177314.059 16222 18942 0.856404
177314.941 16222 18943 0.856359
177339.480 16223 18944 0.856366
177355.745 16224 18945 0.856374
177360.153 16225 18946 0.856381
177362.555 16226 18947 0.856389
177366.560 16227 18948 0.856396
177366.680 16228 18949 0.856404
177367.148 16229 18950 0.856412
177369.059 16229 18951 0.856366
177372.947 16230 18952 0.856374
177374.204 16231 18953 0.856382
177380.001 16231 18954 0.856336
177381.715 16232 18955 0.856344
177388.144 16232 18956 0.856299
177389.994 16233 18957 0.856306
177396.649 16234 18958 0.856314
177403.331 16235 18959 0.856322
177409.816 16236 18960 0.856329
177416.796 16237 18961 0.856337
177420.319 16238 18962 0.856344
177423.376 16239 18963 0.856352
177427.333 16240 18964 0.856359
177429.478 16241 18965 0.856367
177433.165 16242 18966 0.856375
177433.787 16243 18967 0.856382
177435.684 16244 18968 0.856390
177439.377 16245 18969 0.856397
177440.052 16246 18970 0.856405
177441.761 16247 18971 0.856412
177442.399 16248 18972 0.856420
177445.774 16249 18973 0.856428
177446.934 16250 18974 0.856435
177448.605 16251 18975 0.856443
177448.959 16252 18976 0.856450
177452.547 16253 18977 0.856458
177453.731 16254 18978 0.856465
177455.391 16255 18979 0.856473
177459.265 16255 18980 0.856428
177460.502 16256 18981 0.856435
177462.157 16257 18982 0.856443
177462.603 16258 18983 0.856451
177467.706 16259 18984 0.856458
177468.780 16260 18985 0.856466
177469.055 16261 18986 0.856473
177474.004 16262 18987 0.856481
177475.748 16263 18988 0.856488
177476.156 16264 18989 0.856496
177480.684 16265 18990 0.856503
177481.860 16266 18991 0.856511
177482.780 16267 18992 0.856519
177487.682 16268 18993 0.856526
177488.729 16269 18994 0.856534
177489.618 16270 18995 0.856541
177494.686 16271 18996 0.856549
177495.395 16272 18997 0.856556
177501.940 16273 18998 0.856564
177502.463 16274 18999 0.856571
177503.368 16275 19000 0.856579
177508.446 16275 19001 0.856534
177509.427 16275 19002 0.856489
177510.454 16276 19003 0.856496
177511.804 16277 19004 0.856504
177517.251 16278 19005 0.856511
177518.682 16279 19006 0.856519
177524.541 16280 19007 0.856527
177524.649 16281 19008 0.856534
177530.525 16281 19009 0.856489
177531.001 16282 19010 0.856497
177561.114 16282 19011 0.856452
177561.966 16283 19012 0.856459
177569.048 16284 19013 0.856467
177569.384 16285 19014 0.856474
177575.638 16286 19015 0.856482
177576.101 16287 19016 0.856489
177582.311 16288 19017 0.856497
177582.859 16289 19018 0.856504
177584.096 16289 19019 0.856459
177588.519 16290 19020 0.856467
177589.749 16290 19021 0.856422
177595.262 16291 19022 0.856429
177602.365 16292 19023 0.856437
177608.594 16293 19024 0.856444
177614.216 16294 19025 0.856452
177616.274 16295 19026 0.856460
177620.781 16296 19027 0.856467
177622.864 16296 19028 0.856422
177627.139 16297 19029 0.856430
177635.332 16297 19030 0.856385
177636.973 16298 19031 0.856392
177641.789 16299 19032 0.856400
177643.737 16300 19033 0.856407
177648.591 16300 19034 0.856362
177650.109 16301 19035 0.856370
177657.718 16302 19036 0.856377
177664.192 16303 19037 0.856385
177670.554 16304 19038 0.856392
177674.961 16304 19039 0.856347
177677.346 16305 19040 0.856355
177684.141 16305 19041 0.856310
177688.887 16306 19042 0.856318
177695.166 16306 19043 0.856273
177701.332 16306 19044 0.856228
177726.304 16307 19045 0.856235
177733.038 16308 19046 0.856243
177736.204 16308 19047 0.856198
177740.007 16309 19048 0.856205
177746.190 16309 19049 0.856160
177748.210 16310 19050 0.856168
177754.090 16311 19051 0.856176
177755.056 16312 19052 0.856183
177760.402 16313 19053 0.856191
177761.510 16314 19054 0.856198
177767.391 16315 19055 0.856206
177767.852 16316 19056 0.856213
177774.263 16317 19057 0.856221
177774.519 16318 19058 0.856228
177780.602 16319 19059 0.856236
177781.501 16320 19060 0.856243
177786.867 16321 19061 0.856251
177788.550 16322 19062 0.856259
177788.861 16323 19063 0.856266
177792.727 16324 19064 0.856274
177794.951 16325 19065 0.856281
177795.406 16326 19066 0.856289
177799.082 16327 19067 0.856296
177799.515 16327 19068 0.856251
177802.306 16327 19069 0.856206
177802.314 16327 19070 0.856162
177805.442 16328 19071 0.856169
177811.893 16329 19072 0.856177
177818.589 16329 19073 0.856132
177852.395 16330 19074 0.856139
177854.593 16331 19075 0.856147
177854.610 16332 19076 0.856154
177859.652 16333 19077 0.856162
177860.988 16334 19078 0.856169
177866.136 16335 19079 0.856177
177870.955 16336 19080 0.856184
177872.507 16337 19081 0.856192
177873.925 16338 19082 0.856200
177877.088 16339 19083 0.856207
177879.269 16340 19084 0.856215
177880.319 16340 19085 0.856170
177883.701 16341 19086 0.856177
177890.146 16342 19087 0.856185
177894.969 16342 19088 0.856140
177896.915 16343 19089 0.856148
177898.006 16344 19090 0.856155
177903.671 16345 19091 0.856163
177909.815 16346 19092 0.856170
177916.127 16347 19093 0.856178
177916.565 16348 19094 0.856185
177922.576 16349 19095 0.856193
177922.606 16350 19096 0.856200
177929.154 16351 19097 0.856208
177929.808 16352 19098 0.856215
177932.308 16353 19099 0.856223
177935.192 16354 19100 0.856230
177936.571 16355 19101 0.856238
177939.021 16356 19102 0.856245
177941.886 16357 19103 0.856253
177943.396 16358 19104 0.856260
177946.137 16359 19105 0.856268
177947.583 16360 19106 0.856276
177948.075 16361 19107 0.856283
177950.198 16362 19108 0.856291
177954.126 16362 19109 0.856246
177954.418 16363 19110 0.856253
177956.977 16364 19111 0.856261
177961.138 16365 19112 0.856268
177964.270 16366 19113 0.856276
177968.066 16367 19114 0.856283
177971.331 16368 19115 0.856291
177974.270 16369 19116 0.856298
177978.118 16369 19117 0.856254
177980.567 16369 19118 0.856209
177986.491 16370 19119 0.856216
177993.194 16371 19120 0.856224
178000.037 16371 19121 0.856179
178007.106 16371 19122 0.856134
178029.915 16372 19123 0.856142
178033.172 16373 19124 0.856149
178036.428 16373 19125 0.856105
178039.986 16374 19126 0.856112
178046.779 16375 19127 0.856120
178053.679 16376 19128 0.856127
178053.935 16377 19129 0.856135
178059.398 16378 19130 0.856142
178060.216 16379 19131 0.856150
178060.965 16380 19132 0.856157
178065.850 16381 19133 0.856165
178067.612 16382 19134 0.856172
178068.073 16383 19135 0.856180
178072.417 16384 19136 0.856187
178074.236 16385 19137 0.856195
178074.429 16386 19138 0.856202
178078.755 16387 19139 0.856210
178080.786 16388 19140 0.856217
178080.966 16389 19141 0.856225
178084.735 16390 19142 0.856232
178087.365 16391 19143 0.856240
178087.559 16392 19144 0.856247
178090.003 16393 19145 0.856255
178090.701 16394 19146 0.856262
178093.559 16395 19147 0.856270
178096.670 16396 19148 0.856277
178097.411 16397 19149 0.856285
178099.387 16398 19150 0.856292
178100.248 16399 19151 0.856300
178103.673 16400 19152 0.856307
178103.728 16401 19153 0.856315
178106.442 16402 19154 0.856322
178107.077 16403 19155 0.856330
178110.408 16404 19156 0.856337
178110.590 16405 19157 0.856345
178113.299 16405 19158 0.856300
178113.914 16406 19159 0.856308
178117.137 16407 19160 0.856315
178117.673 16408 19161 0.856323
178120.233 16409 19162 0.856330
178123.517 16410 19163 0.856338
178124.048 16411 19164 0.856345
178127.038 16412 19165 0.856353
178129.896 16413 19166 0.856360
178130.448 16414 19167 0.856368
178134.107 16415 19168 0.856375
178136.410 16416 19169 0.856383
178136.857 16417 19170 0.856390
178140.843 16418 19171 0.856398
178142.386 16419 19172 0.856405
178143.708 16420 19173 0.856413
178147.148 16421 19174 0.856420
178148.980 16422 19175 0.856428
178150.171 16423 19176 0.856435
178153.958 16424 19177 0.856443
178155.367 16425 19178 0.856450
178156.592 16426 19179 0.856458
178160.996 16427 19180 0.856465
178161.820 16428 19181 0.856473
178163.444 16429 19182 0.856480
178166.028 16430 19183 0.856488
178170.358 16431 19184 0.856495
178172.905 16432 19185 0.856502
178178.910 16433 19186 0.856510
178179.708 16434 19187 0.856517
178186.636 16434 19188 0.856473
178187.566 16434 19189 0.856428
178193.614 16434 19190 0.856384
178199.966 16434 19191 0.856339
178206.434 16435 19192 0.856346
178207.458 16435 19193 0.856302
178212.845 16436 19194 0.856309
178219.707 16436 19195 0.856265
178238.637 16437 19196 0.856272
178240.352 16438 19197 0.856280
178245.438 16439 19198 0.856287
178247.146 16440 19199 0.856295
178251.897 16440 19200 0.856250
178253.456 16441 19201 0.856257
178260.023 16442 19202 0.856265
178260.174 16442 19203 0.856220
178266.760 16442 19204 0.856176
178273.252 16443 19205 0.856183
178279.795 16444 19206 0.856191
178286.727 16445 19207 0.856198
178293.718 16446 19208 0.856206
178300.128 16446 19209 0.856161
178303.866 16447 19210 0.856169
178306.586 16448 19211 0.856176
178310.958 16449 19212 0.856184
178311.981 16450 19213 0.856191
178312.884 16451 19214 0.856199
178318.065 16452 19215 0.856206
178318.912 16453 19216 0.856214
178319.662 16454 19217 0.856221
178324.485 16455 19218 0.856229
178325.765 16456 19219 0.856236
178326.497 16457 19220 0.856243
178328.751 16458 19221 0.856251
178331.195 16458 19222 0.856206
178332.099 16459 19223 0.856214
178332.834 16460 19224 0.856221
178335.560 16461 19225 0.856229
178338.492 16462 19226 0.856236
178339.651 16463 19227 0.856244
178341.958 16464 19228 0.856251
178345.340 16465 19229 0.856259
178346.626 16466 19230 0.856266
178348.329 16467 19231 0.856274
178351.712 16468 19232 0.856281
178354.349 16469 19233 0.856289
178355.278 16470 19234 0.856296
178359.304 16471 19235 0.856304
178361.351 16471 19236 0.856259
178362.118 16472 19237 0.856267
178366.190 16473 19238 0.856274
178368.873 16474 19239 0.856282
178372.510 16474 19240 0.856237
178377.675 16475 19241 0.856244
178383.258 16476 19242 0.856252
178384.058 16477 19243 0.856259
178389.399 16478 19244 0.856267
178390.808 16479 19245 0.856274
178396.434 16480 19246 0.856282
178397.350 16481 19247 0.856289
178402.888 16482 19248 0.856297
178404.453 16482 19249 0.856252
178408.993 16482 19250 0.856208
178413.332 16483 19251 0.856215
178419.868 16484 19252 0.856223
178426.280 16485 19253 0.856230
178427.165 16486 19254 0.856238
178432.711 16487 19255 0.856245
178433.875 16488 19256 0.856253
178438.875 16489 19257 0.856260
178445.259 16489 19258 0.856216
178446.507 16490 19259 0.856223
178452.707 16491 19260 0.856231
178456.336 16491 19261 0.856186
178459.373 16491 19262 0.856142
178462.299 16492 19263 0.856149
178480.413 16493 19264 0.856157
178487.238 16494 19265 0.856164
178494.006 16495 19266 0.856171
178496.954 16496 19267 0.856179
178500.199 16497 19268 0.856186
178503.485 16498 19269 0.856194
178506.519 16498 19270 0.856149
178508.779 16498 19271 0.856105
178510.190 16499 19272 0.856112
178511.091 16500 19273 0.856120
178516.833 16501 19274 0.856127
178517.547 16502 19275 0.856135
178523.180 16503 19276 0.856142
178529.836 16504 19277 0.856150
178531.006 16505 19278 0.856157
178536.326 16506 19279 0.856165
178542.871 16507 19280 0.856172
178549.118 16508 19281 0.856180
178554.893 16509 19282 0.856187
178555.781 16510 19283 0.856195
178558.749 16511 19284 0.856202
178561.556 16511 19285 0.856158
178562.010 16512 19286 0.856165
178562.029 16513 19287 0.856173
178568.028 16514 19288 0.856180
178568.759 16514 19289 0.856136
178568.841 16515 19290 0.856143
178574.404 16515 19291 0.856099
178575.221 16516 19292 0.856106
178581.882 16516 19293 0.856062
178614.340 16516 19294 0.856017
178621.943 16517 19295 0.856025
178626.670 16518 19296 0.856032
178628.385 16518 19297 0.855988
178633.323 16519 19298 0.855995
178634.432 16520 19299 0.856003
178639.309 16521 19300 0.856010
178642.186 16522 19301 0.856018
178645.850 16523 19302 0.856025
178649.113 16524 19303 0.856033
178652.350 16525 19304 0.856040
178656.073 16526 19305 0.856048
178658.886 16527 19306 0.856055
178663.100 16528 19307 0.856063
178667.248 16529 19308 0.856070
178670.677 16530 19309 0.856077
178673.752 16531 19310 0.856085
178674.739 16532 19311 0.856092
178677.836 16533 19312 0.856100
178680.416 16534 19313 0.856107
178681.215 16535 19314 0.856115
178681.532 16536 19315 0.856122
178685.294 16536 19316 0.856078
178687.153 16537 19317 0.856085
178687.901 16538 19318 0.856093
178688.018 16539 19319 0.856100
178694.329 16540 19320 0.856108
178694.836 16541 19321 0.856115
178696.492 16542 19322 0.856123
178701.549 16543 19323 0.856130
178701.652 16544 19324 0.856137
178703.215 16545 19325 0.856145
178708.450 16546 19326 0.856152
178708.579 16547 19327 0.856160
178709.944 16548 19328 0.856167
178715.266 16549 19329 0.856175
178715.411 16550 19330 0.856182
178716.190 16551 19331 0.856190
178722.197 16552 19332 0.856197
178722.243 16553 19333 0.856204
178722.875 16554 19334 0.856212
178728.991 16555 19335 0.856219
178729.109 16556 19336 0.856227
178729.653 16557 19337 0.856234
178735.793 16558 19338 0.856242
178736.008 16559 19339 0.856249
178736.376 16559 19340 0.856205
178737.707 16559 19341 0.856160
178742.789 16560 19342 0.856168
178743.184 16561 19343 0.856175
178749.497 16561 19344 0.856131
178750.205 16562 19345 0.856139
178756.649 16562 19346 0.856094
178789.278 16563 19347 0.856102
178790.440 16564 19348 0.856109
178795.806 16564 19349 0.856065
178796.986 16565 19350 0.856072
178802.808 16566 19351 0.856080
178803.331 16567 19352 0.856087
178809.521 16568 19353 0.856095
178810.174 16568 19354 0.856050
178813.484 16569 19355 0.856058
178816.259 16569 19356 0.856014
178819.821 16570 19357 0.856021
178826.214 16571 19358 0.856029
178832.494 16572 19359 0.856036
178839.310 16573 19360 0.856043
178846.421 16574 19361 0.856051
178848.124 16574 19362 0.856007
178853.235 16575 19363 0.856014
178860.126 16576 19364 0.856021
178865.479 16577 19365 0.856029
178867.059 16578 19366 0.856036
178869.615 16579 19367 0.856044
178872.167 16580 19368 0.856051
178875.499 16581 19369 0.856059
178875.837 16582 19370 0.856066
178878.842 16583 19371 0.856074
178881.716 16584 19372 0.856081
178882.580 16584 19373 0.856037
178888.444 16585 19374 0.856044
178888.860 16586 19375 0.856052
178895.348 16587 19376 0.856059
178895.987 16588 19377 0.856066
178899.516 16589 19378 0.856074
178901.726 16590 19379 0.856081
178902.728 16591 19380 0.856089
178906.216 16592 19381 0.856096
178907.877 16593 19382 0.856104
178908.849 16594 19383 0.856111
178912.931 16595 19384 0.856118
178914.406 16596 19385 0.856126
178916.253 16597 19386 0.856133
178919.506 16597 19387 0.856089
178921.283 16598 19388 0.856097
178923.144 16599 19389 0.856104
178927.765 16600 19390 0.856111
178929.962 16601 19391 0.856119
178934.579 16602 19392 0.856126
178935.728 16603 19393 0.856134
178936.957 16604 19394 0.856141
178941.055 16605 19395 0.856148
178942.164 16606 19396 0.856156
178943.852 16607 19397 0.856163
178947.929 16607 19398 0.856119
178950.774 16608 19399 0.856127
178957.648 16609 19400 0.856134
178964.522 16610 19401 0.856141
178970.828 16611 19402 0.856149
178976.900 16612 19403 0.856156
178979.140 16613 19404 0.856164
178980.504 16614 19405 0.856171
178983.409 16615 19406 0.856179
178987.222 16616 19407 0.856186
178989.497 16617 19408 0.856193
178994.077 16618 19409 0.856201
178995.788 16619 19410 0.856208
178999.832 16620 19411 0.856216
179002.192 16621 19412 0.856223
179002.831 16622 19413 0.856230
179008.763 16623 19414 0.856238
179009.896 16624 19415 0.856245
179014.847 16625 19416 0.856253
179016.731 16626 19417 0.856260
179020.929 16627 19418 0.856267
179021.681 16628 19419 0.856275
179023.477 16628 19420 0.856231
179027.677 16629 19421 0.856238
179028.395 16630 19422 0.856245
179034.577 16631 19423 0.856253
179035.299 16632 19424 0.856260
179040.599 16633 19425 0.856268
179042.209 16634 19426 0.856275
179046.946 16635 19427 0.856282
179048.891 16636 19428 0.856290
179049.959 16637 19429 0.856297
179053.737 16637 19430 0.856253
179056.010 16638 19431 0.856261
179056.356 16639 19432 0.856268
179062.417 16639 19433 0.856224
179063.382 16640 19434 0.856231
179070.189 16641 19435 0.856239
179076.137 16642 19436 0.856246
179077.135 16643 19437 0.856254
179082.976 16644 19438 0.856261
179084.204 16645 19439 0.856268
179090.252 16646 19440 0.856276
179091.701 16647 19441 0.856283
179097.224 16648 19442 0.856291
179098.876 16648 19443 0.856246
179104.099 16649 19444 0.856254
179106.318 16650 19445 0.856261
179110.844 16651 19446 0.856269
179113.006 16652 19447 0.856276
179115.838 16652 19448 0.856232
179117.791 16653 19449 0.856239
179120.002 16654 19450 0.856247
179124.721 16655 19451 0.856254
179126.051 16656 19452 0.856262
179132.006 16657 19453 0.856269
179132.873 16657 19454 0.856225
179138.425 16657 19455 0.856181
179151.566 16658 19456 0.856188
179158.016 16659 19457 0.856196
179165.211 16660 19458 0.856203
179171.720 16661 19459 0.856210
179172.376 16662 19460 0.856218
179178.722 16663 19461 0.856225
179179.162 16663 19462 0.856181
179184.278 16663 19463 0.856137
179185.371 16663 19464 0.856093
179190.866 16664 19465 0.856101
179197.195 16664 19466 0.856057
179231.734 16665 19467 0.856064
179236.372 16665 19468 0.856020
179237.249 16666 19469 0.856028
179238.631 16667 19470 0.856035
179244.024 16668 19471 0.856042
179248.561 16669 19472 0.856050
179250.130 16670 19473 0.856057
179250.777 16671 19474 0.856064
179256.143 16672 19475 0.856072
179256.435 16672 19476 0.856028
179257.513 16673 19477 0.856035
179262.988 16674 19478 0.856043
179264.581 16674 19479 0.855999
179269.764 16675 19480 0.856006
179281.686 16676 19481 0.856014
179288.634 16677 19482 0.856021
179292.592 16678 19483 0.856028
179295.285 16679 19484 0.856036
179299.716 16680 19485 0.856043
179301.262 16681 19486 0.856050
179306.187 16682 19487 0.856058
179307.624 16683 19488 0.856065
179308.208 16683 19489 0.856021
179312.482 16684 19490 0.856029
179313.680 16685 19491 0.856036
179318.025 16686 19492 0.856044
179319.130 16687 19493 0.856051
179323.076 16688 19494 0.856058
179324.778 16689 19495 0.856066
179325.452 16690 19496 0.856073
179331.702 16691 19497 0.856080
179335.197 16692 19498 0.856088
179342.551 16693 19499 0.856095
179348.804 16694 19500 0.856103
179349.258 16694 19501 0.856059
179355.481 16695 19502 0.856066
179359.613 16696 19503 0.856073
179362.258 16696 19504 0.856030
179375.045 16697 19505 0.856037
179377.459 16697 19506 0.855993
179381.290 16698 19507 0.856000
179383.845 16699 19508 0.856008
179387.634 16700 19509 0.856015
179390.541 16701 19510 0.856023
179393.916 16702 19511 0.856030
179396.805 16703 19512 0.856037
179401.113 16704 19513 0.856045
179402.089 16704 19514 0.856001
179403.731 16704 19515 0.855957
179407.407 16705 19516 0.855964
179413.830 16705 19517 0.855920
179414.441 16705 19518 0.855877
179454.974 16705 19519 0.855833
179457.524 16706 19520 0.855840
179464.215 16707 19521 0.855848
179467.281 16708 19522 0.855855
179468.005 16709 19523 0.855862
179471.091 16710 19524 0.855870
179474.024 16711 19525 0.855877
179477.962 16712 19526 0.855884
179478.329 16713 19527 0.855892
179480.497 16714 19528 0.855899
179484.294 16715 19529 0.855907
179485.154 16716 19530 0.855914
179487.842 16717 19531 0.855921
179491.925 16718 19532 0.855929
179494.574 16718 19533 0.855885
179494.723 16719 19534 0.855892
179498.408 16720 19535 0.855900
179501.552 16721 19536 0.855907
179504.854 16722 19537 0.855914
179507.715 16722 19538 0.855871
179508.001 16723 19539 0.855878
179511.776 16724 19540 0.855885
179515.235 16725 19541 0.855893
179518.715 16726 19542 0.855900
179524.876 16726 19543 0.855856
179534.022 16727 19544 0.855864
179540.831 16728 19545 0.855871
179547.925 16729 19546 0.855878
179551.668 16730 19547 0.855886
179555.026 16731 19548 0.855893
179558.794 16732 19549 0.855901
179559.838 16733 19550 0.855908
179562.153 16734 19551 0.855915
179565.075 16735 19552 0.855923
179566.892 16736 19553 0.855930
179569.340 16737 19554 0.855937
179572.246 16738 19555 0.855945
179573.130 16739 19556 0.855952
179576.438 16740 19557 0.855960
179577.829 16740 19558 0.855916
179579.056 16741 19559 0.855923
179579.898 16741 19560 0.855879
179583.459 16742 19561 0.855887
179585.860 16742 19562 0.855843
179590.423 16743 19563 0.855850
179598.272 16744 19564 0.855858
179604.819 16745 19565 0.855865
179611.331 16746 19566 0.855872
179617.857 16747 19567 0.855880
179625.300 16748 19568 0.855887
179629.906 16749 19569 0.855895
179631.461 16750 19570 0.855902
179632.462 16751 19571 0.855909
179636.225 16751 19572 0.855866
179638.062 16752 19573 0.855873
179638.469 16753 19574 0.855880
179639.327 16754 19575 0.855888
179644.886 16755 19576 0.855895
179644.937 16756 19577 0.855902
179645.742 16756 19578 0.855859
179651.317 16757 19579 0.855866
179652.121 16758 19580 0.855873
179657.819 16759 19581 0.855881
179658.934 16760 19582 0.855888
179663.885 16761 19583 0.855895
179665.727 16762 19584 0.855903
179670.257 16763 19585 0.855910
179672.552 16764 19586 0.855917
179676.714 16765 19587 0.855925
179678.878 16766 19588 0.855932
179682.638 16766 19589 0.855889
179685.385 16767 19590 0.855896
179688.568 16768 19591 0.855903
179691.805 16769 19592 0.855911
179695.475 16769 19593 0.855867
179698.103 16770 19594 0.855874
179698.719 16771 19595 0.855882
179704.592 16772 19596 0.855889
179705.532 16773 19597 0.855896
179711.967 16774 19598 0.855904
179718.295 16775 19599 0.855911
179718.450 16776 19600 0.855918
179724.921 16777 19601 0.855926
179725.100 16778 19602 0.855933
179731.717 16779 19603 0.855940
179731.808 16780 19604 0.855948
179736.908 16781 19605 0.855955
179738.016 16782 19606 0.855962
179738.681 16783 19607 0.855970
179743.510 16784 19608 0.855977
179744.281 16785 19609 0.855984
179744.949 16785 19610 0.855941
179747.947 16786 19611 0.855948
179750.288 16787 19612 0.855956
179751.104 16788 19613 0.855963
179754.751 16789 19614 0.855970
179756.432 16790 19615 0.855978
179758.140 16791 19616 0.855985
179761.019 16792 19617 0.855992
179763.005 16793 19618 0.856000
179764.867 16794 19619 0.856007
179768.024 16795 19620 0.856014
179769.615 16796 19621 0.856022
179775.040 16797 19622 0.856029
179776.125 16798 19623 0.856036
179781.535 16799 19624 0.856044
179782.996 16800 19625 0.856051
179787.108 16801 19626 0.856058
179788.574 16802 19627 0.856066
179794.055 16803 19628 0.856073
179795.284 16804 19629 0.856080
179797.947 16805 19630 0.856088
179800.942 16806 19631 0.856095
179801.645 16807 19632 0.856102
179804.461 16808 19633 0.856110
179807.402 16809 19634 0.856117
179808.034 16810 19635 0.856124
179811.427 16810 19636 0.856081
179812.952 16810 19637 0.856037
179814.196 16811 19638 0.856044
179814.703 16812 19639 0.856052
179821.214 16813 19640 0.856059
179821.469 16813 19641 0.856015
179828.780 16814 19642 0.856023
179835.638 16815 19643 0.856030
179842.115 16816 19644 0.856037
179849.497 16816 19645 0.855994
179864.095 16816 19646 0.855950
179865.126 16817 19647 0.855958
179875.097 16817 19648 0.855914
179897.716 16817 19649 0.855871
179902.716 16818 19650 0.855878
179908.826 16819 19651 0.855885
179915.008 16820 19652 0.855893
179917.171 16821 19653 0.855900
179921.589 16822 19654 0.855907
179923.189 16823 19655 0.855915
179928.053 16824 19656 0.855922
179928.500 16825 19657 0.855929
179929.227 16826 19658 0.855937
179934.927 16826 19659 0.855893
179935.591 16827 19660 0.855900
179936.213 16827 19661 0.855857
179942.844 16827 19662 0.855813
179950.219 16828 19663 0.855821
179956.656 16829 19664 0.855828
179963.288 16829 19665 0.855784
179988.816 16829 19666 0.855741
179989.951 16830 19667 0.855748
179995.422 16831 19668 0.855756
179997.690 16832 19669 0.855763
180002.867 16833 19670 0.855770
180004.080 16834 19671 0.855778
180010.540 16835 19672 0.855785
180011.211 16836 19673 0.855792
180017.089 16836 19674 0.855749
180017.461 16837 19675 0.855756
180018.424 16837 19676 0.855713
180024.357 16838 19677 0.855720
180030.751 16839 19678 0.855727
180037.523 16839 19679 0.855684
180042.901 16840 19680 0.855691
180049.870 16841 19681 0.855698
180056.953 16842 19682 0.855706
180063.884 16842 19683 0.855662
180069.532 16843 19684 0.855670
180071.307 16844 19685 0.855677
180076.028 16844 19686 0.855633
180078.247 16845 19687 0.855641
180085.128 16846 19688 0.855648
180090.851 16846 19689 0.855605
180092.379 16847 19690 0.855612
180098.781 16848 19691 0.855619
180105.831 16849 19692 0.855627
180113.339 16849 19693 0.855583
180116.601 16850 19694 0.855591
180122.971 16851 19695 0.855598
180129.128 16852 19696 0.855605
180133.965 16853 19697 0.855613
180135.745 16854 19698 0.855620
180140.968 16855 19699 0.855627
180142.207 16856 19700 0.855635
180144.298 16857 19701 0.855642
180147.909 16858 19702 0.855649
180148.274 16858 19703 0.855606
180151.145 16859 19704 0.855613
180154.494 16860 19705 0.855620
180159.148 16861 19706 0.855628
180161.489 16862 19707 0.855635
180165.570 16863 19708 0.855642
180166.797 16864 19709 0.855650
180172.003 16864 19710 0.855606
180173.217 16865 19711 0.855614
180179.505 16866 19712 0.855621
180180.071 16867 19713 0.855628
180185.955 16868 19714 0.855636
180186.351 16869 19715 0.855643
180192.394 16870 19716 0.855650
180192.951 16871 19717 0.855658
180198.914 16871 19718 0.855614
180199.464 16872 19719 0.855621
180199.782 16872 19720 0.855578
180205.964 16873 19721 0.855585
180212.619 16874 19722 0.855593
180218.540 16874 19723 0.855549
180224.794 16875 19724 0.855557
180231.752 16876 19725 0.855564
180239.163 16877 19726 0.855571
180245.837 16878 19727 0.855579
180252.242 16879 19728 0.855586
180252.573 16880 19729 0.855593
180253.462 16881 19730 0.855601
180258.472 16882 19731 0.855608
180259.463 16883 19732 0.855615
180260.272 16884 19733 0.855623
180265.453 16885 19734 0.855630
180266.109 16886 19735 0.855637
180267.178 16886 19736 0.855594
180271.005 16887 19737 0.855601
180272.442 16888 19738 0.855608
180272.452 16889 19739 0.855616
180277.541 16890 19740 0.855623
180279.300 16890 19741 0.855580
180279.400 16890 19742 0.855536
180283.529 16891 19743 0.855544
180290.137 16892 19744 0.855551
180296.281 16893 19745 0.855558
180302.922 16893 19746 0.855515
180320.792 16894 19747 0.855522
180327.695 16895 19748 0.855530
180330.788 16896 19749 0.855537
180332.293 16897 19750 0.855544
180334.737 16898 19751 0.855552
180337.529 16899 19752 0.855559
180338.970 16900 19753 0.855566
180342.198 16900 19754 0.855523
180343.892 16901 19755 0.855530
180346.275 16902 19756 0.855538
180350.411 16903 19757 0.855545
180353.269 16904 19758 0.855552
180355.792 16905 19759 0.855559
180357.591 16906 19760 0.855567
180366.722 16907 19761 0.855574
180369.734 16908 19762 0.855581
180373.176 16909 19763 0.855589
180376.706 16910 19764 0.855596
180379.967 16911 19765 0.855603
180381.028 16912 19766 0.855611
180383.117 16913 19767 0.855618
180386.948 16913 19768 0.855575
180389.124 16914 19769 0.855582
180390.050 16915 19770 0.855589
180394.657 16916 19771 0.855597
180396.918 16917 19772 0.855604
180397.057 16917 19773 0.855561
180403.255 16918 19774 0.855568
180409.798 16919 19775 0.855575
180413.644 16920 19776 0.855583
180416.018 16921 19777 0.855590
180420.194 16921 19778 0.855547
180422.813 16922 19779 0.855554
180429.596 16923 19780 0.855561
180436.298 16924 19781 0.855568
180439.808 16925 19782 0.855576
180442.501 16926 19783 0.855583
180446.699 16927 19784 0.855590
180449.613 16927 19785 0.855547
180449.859 16927 19786 0.855504
180453.687 16928 19787 0.855511
180460.683 16929 19788 0.855518
180467.570 16929 19789 0.855475
180473.774 16930 19790 0.855483
180480.774 16930 19791 0.855439
180502.145 16931 19792 0.855447
180504.015 16932 19793 0.855454
180508.604 16933 19794 0.855461
180510.545 16934 19795 0.855469
180515.151 16935 19796 0.855476
180520.429 16936 19797 0.855483
180521.634 16937 19798 0.855490
180526.854 16938 19799 0.855498
180528.148 16939 19800 0.855505
180533.258 16939 19801 0.855462
180533.969 16940 19802 0.855469
180534.856 16940 19803 0.855426
180541.306 16941 19804 0.855433
180549.038 16942 19805 0.855441
180554.393 16943 19806 0.855448
180555.538 16944 19807 0.855455
180561.233 16945 19808 0.855462
180562.106 16946 19809 0.855470
180567.601 16947 19810 0.855477
180568.494 16948 19811 0.855484
180574.497 16949 19812 0.855492
180575.630 16950 19813 0.855499
180581.526 16951 19814 0.855506
180582.438 16952 19815 0.855513
180586.054 16953 19816 0.855521
180587.124 16954 19817 0.855528
180588.450 16955 19818 0.855535
180589.338 16956 19819 0.855543
180592.890 16956 19820 0.855499
180593.570 16957 19821 0.855507
180595.371 16958 19822 0.855514
180596.402 16959 19823 0.855521
180600.225 16960 19824 0.855529
180602.320 16961 19825 0.855536
180602.739 16961 19826 0.855493
180606.922 16962 19827 0.855500
180608.707 16963 19828 0.855507
180613.375 16964 19829 0.855515
180615.619 16965 19830 0.855522
180620.014 16966 19831 0.855529
180622.733 16967 19832 0.855537
180626.594 16968 19833 0.855544
180629.240 16969 19834 0.855551
180633.020 16970 19835 0.855558
180636.147 16971 19836 0.855566
180639.181 16971 19837 0.855523
180642.498 16972 19838 0.855530
180648.442 16973 19839 0.855537
180649.505 16974 19840 0.855544
180654.728 16975 19841 0.855552
180655.514 16976 19842 0.855559
180656.464 16977 19843 0.855566
180661.018 16978 19844 0.855573
180662.333 16979 19845 0.855581
180663.457 16980 19846 0.855588
180667.711 16981 19847 0.855595
180668.872 16982 19848 0.855603
180670.382 16983 19849 0.855610
180674.382 16984 19850 0.855617
180675.701 16985 19851 0.855624
180677.307 16986 19852 0.855632
180681.609 16987 19853 0.855639
180682.630 16988 19854 0.855646
180684.091 16989 19855 0.855653
180688.514 16990 19856 0.855661
180689.421 16991 19857 0.855668
180690.304 16992 19858 0.855675
180691.620 16993 19859 0.855683
180695.425 16994 19860 0.855690
180696.178 16995 19861 0.855697
180696.958 16996 19862 0.855704
180698.176 16997 19863 0.855712
180701.708 16998 19864 0.855719
180702.966 16999 19865 0.855726
180703.304 17000 19866 0.855733
180704.764 17001 19867 0.855741
180708.537 17002 19868 0.855748
180709.771 17003 19869 0.855755
180710.123 17003 19870 0.855712
180710.978 17004 19871 0.855719
180715.211 17005 19872 0.855727
180716.078 17006 19873 0.855734
180722.020 17006 19874 0.855691
180722.498 17007 19875 0.855698
180728.956 17008 19876 0.855705
180735.565 17009 19877 0.855713
180739.203 17010 19878 0.855720
180741.893 17011 19879 0.855727
180745.823 17012 19880 0.855734
180748.260 17012 19881 0.855691
180756.397 17013 19882 0.855699
180762.770 17013 19883 0.855656
180763.795 17014 19884 0.855663
180770.296 17015 19885 0.855670
180776.859 17016 19886 0.855677
180777.811 17017 19887 0.855685
180783.339 17018 19888 0.855692
180784.649 17019 19889 0.855699
180789.674 17020 19890 0.855706
180790.881 17021 19891 0.855714
180796.668 17022 19892 0.855721
180797.582 17023 19893 0.855728
180800.360 17024 19894 0.855735
180803.121 17025 19895 0.855743
180804.587 17026 19896 0.855750
180807.147 17027 19897 0.855757
180810.116 17028 19898 0.855764
180811.240 17029 19899 0.855772
180814.061 17030 19900 0.855779
180815.555 17031 19901 0.855786
180816.952 17031 19902 0.855743
180817.994 17032 19903 0.855750
180822.159 17033 19904 0.855758
180823.648 17034 19905 0.855765
180824.734 17035 19906 0.855772
180828.948 17036 19907 0.855779
180830.030 17037 19908 0.855787
180831.776 17038 19909 0.855794
180835.948 17039 19910 0.855801
180836.527 17040 19911 0.855808
180838.212 17041 19912 0.855816
180842.020 17042 19913 0.855823
180842.999 17043 19914 0.855830
180845.140 17044 19915 0.855837
180848.366 17045 19916 0.855845
180849.481 17046 19917 0.855852
180851.786 17047 19918 0.855859
180855.030 17048 19919 0.855866
180856.384 17049 19920 0.855873
180858.521 17050 19921 0.855881
180862.213 17051 19922 0.855888
180862.856 17052 19923 0.855895
180864.803 17053 19924 0.855902
180868.798 17054 19925 0.855910
180869.723 17055 19926 0.855917
180870.709 17056 19927 0.855924
180871.600 17057 19928 0.855931
180875.040 17058 19929 0.855939
180876.782 17058 19930 0.855896
180877.482 17059 19931 0.855903
180878.450 17060 19932 0.855910
180881.499 17061 19933 0.855917
180883.769 17062 19934 0.855925
180885.218 17063 19935 0.855932
180887.811 17064 19936 0.855939
180890.785 17065 19937 0.855946
180892.359 17066 19938 0.855953
180894.024 17066 19939 0.855911
180897.871 17067 19940 0.855918
180898.704 17068 19941 0.855925
180904.876 17069 19942 0.855932
180905.161 17070 19943 0.855939
180911.670 17071 19944 0.855947
180918.409 17072 19945 0.855954
180918.919 17073 19946 0.855961
180925.346 17074 19947 0.855968
180925.816 17075 19948 0.855976
180929.051 17075 19949 0.855933
180932.248 17076 19950 0.855940
180932.811 17077 19951 0.855947
180939.195 17077 19952 0.855904
180939.729 17078 19953 0.855911
180946.751 17078 19954 0.855868
180947.049 17079 19955 0.855876
180953.781 17080 19956 0.855883
180967.793 17081 19957 0.855890
180974.178 17082 19958 0.855897
180980.321 17083 19959 0.855905
180983.085 17084 19960 0.855912
180986.765 17085 19961 0.855919
180990.429 17085 19962 0.855876
180991.665 17086 19963 0.855883
180993.185 17087 19964 0.855891
180998.491 17087 19965 0.855848
180999.982 17088 19966 0.855855
181000.377 17089 19967 0.855862
181006.011 17090 19968 0.855869
181007.538 17091 19969 0.855877
181012.630 17092 19970 0.855884
181014.478 17093 19971 0.855891
181019.306 17094 19972 0.855898
181021.374 17095 19973 0.855905
181025.979 17096 19974 0.855913
181028.419 17097 19975 0.855920
181032.481 17098 19976 0.855927
181034.968 17099 19977 0.855934
181038.811 17100 19978 0.855942
181043.809 17101 19979 0.855949
181045.280 17102 19980 0.855956
181048.303 17102 19981 0.855913
181050.215 17103 19982 0.855920
181051.339 17104 19983 0.855928
181051.689 17105 19984 0.855935
181058.122 17106 19985 0.855942
181058.510 17107 19986 0.855949
181064.409 17108 19987 0.855956
181065.285 17109 19988 0.855964
181067.240 17110 19989 0.855971
181070.868 17111 19990 0.855978
181073.876 17112 19991 0.855985
181074.126 17113 19992 0.855992
181077.480 17114 19993 0.856000
181080.247 17115 19994 0.856007
181080.665 17116 19995 0.856014
181084.290 17117 19996 0.856021
181087.216 17118 19997 0.856028
181087.421 17118 19998 0.855986
181090.887 17119 19999 0.855993
181093.421 17120 20000 0.856000
181097.592 17121 20001 0.856007
181100.780 17122 20002 0.856014
181101.482 17123 20003 0.856022
181103.836 17124 20004 0.856029
181107.183 17125 20005 0.856036
181107.853 17126 20006 0.856043
181111.086 17126 20007 0.856000
181114.698 17127 20008 0.856008
181121.212 17128 20009 0.856015
181128.098 17128 20010 0.855972
181129.421 17129 20011 0.855979
181136.165 17130 20012 0.855986
181140.561 17131 20013 0.855994
181144.162 17131 20014 0.855951
181147.236 17131 20015 0.855908
181163.616 17132 20016 0.855915
181170.081 17132 20017 0.855873
181180.230 17133 20018 0.855880
181186.667 17134 20019 0.855887
181193.115 17134 20020 0.855844
181199.107 17135 20021 0.855851
181199.128 17135 20022 0.855809
181205.437 17136 20023 0.855816
181212.073 17136 20024 0.855773
181224.775 17137 20025 0.855780
181231.028 17138 20026 0.855787
181237.441 17139 20027 0.855795
181244.319 17140 20028 0.855802
181244.647 17141 20029 0.855809
181251.239 17142 20030 0.855816
181251.826 17143 20031 0.855823
181252.151 17144 20032 0.855831
181257.493 17145 20033 0.855838
181258.441 17146 20034 0.855845
181258.599 17147 20035 0.855852
181264.136 17148 20036 0.855859
181264.424 17149 20037 0.855867
181264.829 17150 20038 0.855874
181265.233 17150 20039 0.855831
181270.901 17151 20040 0.855838
181270.912 17152 20041 0.855846
181271.617 17153 20042 0.855853
181272.084 17154 20043 0.855860
181277.725 17155 20044 0.855867
181277.889 17155 20045 0.855824
181278.830 17156 20046 0.855832
181285.011 17157 20047 0.855839
181285.779 17158 20048 0.855846
181291.551 17159 20049 0.855853
181292.430 17160 20050 0.855860
181296.590 17161 20051 0.855868
181299.374 17162 20052 0.855875
181303.582 17163 20053 0.855882
181306.401 17164 20054 0.855889
181310.117 17164 20055 0.855846
181313.546 17165 20056 0.855854
181320.448 17166 20057 0.855861
181327.419 17167 20058 0.855868
181331.094 17168 20059 0.855875
181332.308 17169 20060 0.855882
181333.784 17169 20061 0.855840
181337.669 17170 20062 0.855847
181339.369 17171 20063 0.855854
181344.555 17172 20064 0.855861
181346.339 17173 20065 0.855868
181350.999 17174 20066 0.855876
181353.133 17175 20067 0.855883
181358.080 17176 20068 0.855890
181359.324 17176 20069 0.855847
181362.578 17177 20070 0.855855
181365.147 17178 20071 0.855862
181369.855 17179 20072 0.855869
181372.716 17180 20073 0.855876
181376.781 17181 20074 0.855883
181379.705 17182 20075 0.855890
181383.054 17183 20076 0.855898
181386.543 17184 20077 0.855905
181388.633 17185 20078 0.855912
181390.118 17186 20079 0.855919
181393.317 17187 20080 0.855926
181395.139 17188 20081 0.855933
181396.990 17189 20082 0.855941
181400.377 17190 20083 0.855948
181401.744 17191 20084 0.855955
181403.228 17192 20085 0.855962
181406.630 17192 20086 0.855920
181408.787 17192 20087 0.855877
181410.045 17193 20088 0.855884
181411.511 17194 20089 0.855891
181417.370 17195 20090 0.855898
181418.311 17196 20091 0.855906
181423.568 17197 20092 0.855913
181424.506 17198 20093 0.855920
181431.221 17199 20094 0.855927
181434.715 17200 20095 0.855934
181437.473 17201 20096 0.855941
181441.666 17202 20097 0.855949
181444.439 17203 20098 0.855956
181447.785 17204 20099 0.855963
181451.360 17205 20100 0.855970
181454.592 17206 20101 0.855977
181457.467 17207 20102 0.855984
181460.776 17208 20103 0.855992
181461.126 17209 20104 0.855999
181462.045 17210 20105 0.856006
181464.590 17211 20106 0.856013
181468.414 17212 20107 0.856020
181468.697 17213 20108 0.856027
181468.842 17214 20109 0.856035
181471.193 17215 20110 0.856042
181475.051 17216 20111 0.856049
181475.063 17217 20112 0.856056
181475.192 17218 20113 0.856063
181478.260 17219 20114 0.856070
181481.831 17220 20115 0.856078
181481.967 17221 20116 0.856085
181482.093 17222 20117 0.856092
181484.753 17223 20118 0.856099
181488.155 17224 20119 0.856106
181489.033 17225 20120 0.856113
181490.890 17226 20121 0.856120
181491.383 17227 20122 0.856128
181494.960 17228 20123 0.856135
181495.987 17229 20124 0.856142
181497.131 17230 20125 0.856149
181498.206 17231 20126 0.856156
181501.344 17232 20127 0.856163
181502.826 17233 20128 0.856171
181504.584 17234 20129 0.856178
181508.138 17235 20130 0.856185
181509.660 17236 20131 0.856192
181511.319 17237 20132 0.856199
181514.716 17238 20133 0.856206
181515.952 17238 20134 0.856164
181517.574 17239 20135 0.856171
181521.303 17240 20136 0.856178
181524.408 17241 20137 0.856185
181531.230 17242 20138 0.856192
181531.676 17243 20139 0.856199
181538.030 17244 20140 0.856207
181538.632 17245 20141 0.856214
181545.106 17246 20142 0.856221
181545.327 17247 20143 0.856228
181548.395 17248 20144 0.856235
181551.213 17248 20145 0.856193
181551.764 17249 20146 0.856200
181555.413 17250 20147 0.856207
181558.311 17251 20148 0.856214
181562.371 17252 20149 0.856221
181565.319 17253 20150 0.856228
181569.142 17254 20151 0.856235
181569.335 17255 20152 0.856243
181571.813 17256 20153 0.856250
181575.727 17256 20154 0.856207
181575.984 17256 20155 0.856165
181578.272 17257 20156 0.856172
181584.906 17257 20157 0.856129
181603.757 17258 20158 0.856137
181610.288 17259 20159 0.856144
181616.723 17260 20160 0.856151
181622.602 17261 20161 0.856158
181627.854 17262 20162 0.856165
181627.867 17263 20163 0.856172
181629.511 17264 20164 0.856179
181634.436 17264 20165 0.856137
181634.654 17265 20166 0.856144
181636.136 17266 20167 0.856151
181637.808 17267 20168 0.856158
181641.293 17268 20169 0.856165
181642.473 17269 20170 0.856173
181644.666 17270 20171 0.856180
181648.657 17271 20172 0.856187
181649.561 17272 20173 0.856194
181651.259 17273 20174 0.856201
181655.146 17274 20175 0.856208
181656.605 17275 20176 0.856215
181657.932 17276 20177 0.856222
181661.308 17277 20178 0.856230
181663.358 17278 20179 0.856237
181664.877 17278 20180 0.856194
181667.928 17279 20181 0.856201
181669.786 17280 20182 0.856209
181674.468 17281 20183 0.856216
181676.736 17282 20184 0.856223
181680.854 17282 20185 0.856180
181683.651 17283 20186 0.856187
181688.364 17284 20187 0.856195
181690.543 17285 20188 0.856202
181694.970 17286 20189 0.856209
181697.254 17287 20190 0.856216
181701.352 17288 20191 0.856223
181704.535 17288 20192 0.856181
181707.704 17289 20193 0.856188
181714.035 17290 20194 0.856195
181719.020 17291 20195 0.856202
181721.016 17292 20196 0.856209
181726.410 17293 20197 0.856216
181728.170 17294 20198 0.856223
181732.891 17295 20199 0.856231
181734.601 17296 20200 0.856238
181735.110 17296 20201 0.856195
181740.151 17297 20202 0.856202
181741.190 17298 20203 0.856209
181747.578 17299 20204 0.856217
181748.055 17300 20205 0.856224
181754.348 17301 20206 0.856231
181754.602 17301 20207 0.856188
181757.806 17302 20208 0.856196
181760.783 17303 20209 0.856203
181764.486 17304 20210 0.856210
181767.354 17305 20211 0.856217
181771.043 17305 20212 0.856175
181773.939 17306 20213 0.856182
181780.293 17307 20214 0.856189
181786.349 17307 20215 0.856146
181787.416 17308 20216 0.856154
181794.391 17308 20217 0.856111
181807.507 17309 20218 0.856118
181814.749 17309 20219 0.856076
181824.128 17310 20220 0.856083
181830.437 17310 20221 0.856041
181839.778 17311 20222 0.856048
181845.761 17312 20223 0.856055
181848.012 17313 20224 0.856062
181852.289 17313 20225 0.856020
181854.301 17314 20226 0.856027
181861.298 17315 20227 0.856034
181866.906 17316 20228 0.856041
181867.609 17317 20229 0.856048
181873.876 17318 20230 0.856055
181874.200 17319 20231 0.856062
181880.196 17320 20232 0.856070
181881.184 17321 20233 0.856077
181883.273 17321 20234 0.856034
181887.154 17322 20235 0.856042
181887.461 17322 20236 0.855999
181893.894 17323 20237 0.856006
181900.829 17323 20238 0.855964
181905.425 17324 20239 0.855971
181911.875 17325 20240 0.855978
181918.749 17326 20241 0.855985
181925.323 17327 20242 0.855992
181931.327 17328 20243 0.856000
181937.123 17329 20244 0.856007
181937.697 17330 20245 0.856014
181939.855 17331 20246 0.856021
181943.786 17332 20247 0.856028
181944.013 17333 20248 0.856035
181946.690 17334 20249 0.856042
181949.920 17334 20250 0.856000
181950.376 17335 20251 0.856007
181953.567 17336 20252 0.856014
181953.661 17337 20253 0.856021
181957.649 17337 20254 0.855979
181960.341 17338 20255 0.855986
181960.480 17339 20256 0.855993
181967.385 17340 20257 0.856000
181967.740 17341 20258 0.856008
181973.812 17341 20259 0.855965
181974.792 17342 20260 0.855972
181981.600 17343 20261 0.855979
181988.034 17343 20262 0.855937
182002.502 17344 20263 0.855944
182008.586 17345 20264 0.855951
182010.949 17346 20265 0.855959
182014.814 17346 20266 0.855916
182017.846 17347 20267 0.855923
182024.391 17348 20268 0.855931
182026.378 17349 20269 0.855938
182031.210 17350 20270 0.855945
182033.540 17351 20271 0.855952
182038.070 17352 20272 0.855959
182040.543 17353 20273 0.855966
182040.698 17354 20274 0.855973
182044.825 17355 20275 0.855980
182046.857 17356 20276 0.855987
182049.374 17357 20277 0.855994
182051.280 17358 20278 0.856002
182053.286 17359 20279 0.856009
182055.990 17360 20280 0.856016
182058.484 17361 20281 0.856023
182060.281 17362 20282 0.856030
182062.878 17363 20283 0.856037
182064.856 17363 20284 0.855995
182066.786 17364 20285 0.856002
182067.471 17364 20286 0.855960
182069.718 17365 20287 0.855967
182073.800 17366 20288 0.855974
182076.828 17367 20289 0.855981
182080.249 17368 20290 0.855988
182083.290 17369 20291 0.855995
182087.732 17370 20292 0.856002
182089.777 17371 20293 0.856009
182094.672 17372 20294 0.856017
182096.697 17372 20295 0.855974
182101.586 17373 20296 0.855981
182108.553 17374 20297 0.855989
182115.629 17375 20298 0.855996
182117.554 17376 20299 0.856003
182119.992 17377 20300 0.856010
182122.478 17378 20301 0.856017
182124.489 17378 20302 0.855975
182126.099 17379 20303 0.855982
182128.903 17380 20304 0.855989
182132.989 17381 20305 0.855996
182135.308 17382 20306 0.856003
182139.271 17383 20307 0.856010
182141.890 17384 20308 0.856017
182146.271 17384 20309 0.855975
182149.099 17385 20310 0.855982
182149.170 17385 20311 0.855940
182156.221 17386 20312 0.855947
182163.006 17387 20313 0.855954
182169.913 17388 20314 0.855961
182177.015 17388 20315 0.855919
182177.366 17389 20316 0.855926
182184.458 17390 20317 0.855933
182191.539 17391 20318 0.855941
182197.979 17392 20319 0.855948
182199.575 17393 20320 0.855955
182202.206 17394 20321 0.855962
182204.445 17395 20322 0.855969
182206.623 17396 20323 0.855976
182208.768 17397 20324 0.855983
182211.518 17398 20325 0.855990
182212.793 17399 20326 0.855997
182216.641 17400 20327 0.856004
182219.233 17401 20328 0.856011
182219.655 17402 20329 0.856018
182223.755 17403 20330 0.856026
182226.356 17404 20331 0.856033
182226.473 17405 20332 0.856040
182229.702 17406 20333 0.856047
182230.748 17407 20334 0.856054
182233.045 17408 20335 0.856061
182234.015 17409 20336 0.856068
182236.355 17410 20337 0.856075
182237.884 17411 20338 0.856082
182240.082 17411 20339 0.856040
182241.618 17412 20340 0.856047
182245.870 17413 20341 0.856054
182248.807 17414 20342 0.856061
182253.015 17415 20343 0.856068
182255.186 17416 20344 0.856076
182259.666 17417 20345 0.856083
182261.597 17418 20346 0.856090
182266.337 17419 20347 0.856097
182268.459 17420 20348 0.856104
182272.820 17421 20349 0.856111
182275.321 17422 20350 0.856118
182279.551 17422 20351 0.856076
182279.731 17423 20352 0.856083
182282.721 17424 20353 0.856090
182286.550 17425 20354 0.856097
182289.728 17426 20355 0.856104
182292.877 17427 20356 0.856111
182294.104 17428 20357 0.856118
182296.615 17429 20358 0.856125
182299.707 17430 20359 0.856132
182300.770 17431 20360 0.856139
182303.149 17432 20361 0.856147
182306.706 17433 20362 0.856154
182307.412 17433 20363 0.856112
182310.336 17433 20364 0.856070
182313.085 17434 20365 0.856077
182319.844 17435 20366 0.856084
182326.438 17436 20367 0.856091
182332.174 17437 20368 0.856098
182333.405 17438 20369 0.856105
182339.134 17438 20370 0.856063
182340.532 17439 20371 0.856070
182346.824 17439 20372 0.856028
182359.540 17440 20373 0.856035
182363.309 17441 20374 0.856042
182370.340 17442 20375 0.856049
182376.877 17443 20376 0.856056
182384.510 17444 20377 0.856063
182392.212 17445 20378 0.856070
182393.413 17446 20379 0.856077
182399.030 17447 20380 0.856084
182399.787 17448 20381 0.856091
182405.846 17449 20382 0.856099
182406.778 17450 20383 0.856106
182407.862 17451 20384 0.856113
182412.095 17452 20385 0.856120
182412.719 17452 20386 0.856078
182413.729 17453 20387 0.856085
182414.877 17454 20388 0.856092
182418.676 17455 20389 0.856099
182420.795 17456 20390 0.856106
182422.000 17457 20391 0.856113
182425.329 17458 20392 0.856120
182428.116 17459 20393 0.856127
182428.682 17460 20394 0.856134
182432.070 17461 20395 0.856141
182435.033 17462 20396 0.856148
182436.822 17463 20397 0.856155
182438.181 17464 20398 0.856162
182442.097 17465 20399 0.856169
182443.815 17465 20400 0.856127
182444.352 17465 20401 0.856085
182449.021 17466 20402 0.856093
182456.017 17467 20403 0.856100
182462.993 17468 20404 0.856107
182465.173 17469 20405 0.856114
182469.860 17470 20406 0.856121
182472.481 17471 20407 0.856128
182476.991 17471 20408 0.856086
182478.823 17472 20409 0.856093
182486.364 17473 20410 0.856100
182493.334 17474 20411 0.856107
182496.468 17475 20412 0.856114
182497.476 17476 20413 0.856121
182500.123 17477 20414 0.856128
182502.862 17478 20415 0.856135
182504.047 17479 20416 0.856142
182506.964 17480 20417 0.856149
182509.348 17480 20418 0.856107
182513.791 17481 20419 0.856114
182514.287 17482 20420 0.856121
182520.733 17483 20421 0.856128
182520.837 17484 20422 0.856136
182526.873 17485 20423 0.856143
182527.922 17485 20424 0.856101
182529.519 17486 20425 0.856108
182533.647 17487 20426 0.856115
182536.720 17487 20427 0.856073
182540.253 17488 20428 0.856080
182546.382 17489 20429 0.856087
182552.487 17490 20430 0.856094
182559.109 17491 20431 0.856101
182561.558 17492 20432 0.856108
182565.829 17493 20433 0.856115
182568.568 17494 20434 0.856122
182572.547 17495 20435 0.856129
182575.582 17496 20436 0.856136
182578.715 17496 20437 0.856094
182580.961 17497 20438 0.856101
182582.220 17498 20439 0.856108
182587.738 17499 20440 0.856115
182589.385 17500 20441 0.856122
182589.787 17501 20442 0.856130
182594.719 17502 20443 0.856137
182596.679 17503 20444 0.856144
182596.770 17504 20445 0.856151
182601.192 17505 20446 0.856158
182603.098 17506 20447 0.856165
182606.429 17506 20448 0.856123
182608.281 17507 20449 0.856130
182610.169 17508 20450 0.856137
182616.893 17509 20451 0.856144
182618.067 17510 20452 0.856151
182623.489 17511 20453 0.856158
182624.959 17512 20454 0.856165
182630.712 17513 20455 0.856172
182631.327 17514 20456 0.856179
182631.811 17515 20457 0.856186
182638.040 17515 20458 0.856144
182638.212 17516 20459 0.856151
182638.212 17517 20460 0.856158
182644.906 17518 20461 0.856165
182651.641 17519 20462 0.856172
182658.352 17520 20463 0.856179
182661.077 17521 20464 0.856186
182664.959 17522 20465 0.856194
182668.031 17523 20466 0.856201
182672.021 17524 20467 0.856208
182674.956 17525 20468 0.856215
182676.314 17526 20469 0.856222
182678.693 17527 20470 0.856229
182681.791 17528 20471 0.856236
182683.229 17529 20472 0.856243
182684.831 17530 20473 0.856250
182688.791 17531 20474 0.856257
182690.403 17531 20475 0.856215
182692.542 17532 20476 0.856222
182699.010 17533 20477 0.856229
182705.183 17534 20478 0.856236
182706.462 17535 20479 0.856243
182711.685 17536 20480 0.856250
182713.483 17537 20481 0.856257
182713.532 17538 20482 0.856264
182718.231 17538 20483 0.856222
182719.990 17539 20484 0.856229
182720.537 17540 20485 0.856236
182727.250 17540 20486 0.856194
182727.633 17541 20487 0.856201
182734.027 17542 20488 0.856209
182740.861 17543 20489 0.856216
182747.685 17544 20490 0.856223
182751.400 17545 20491 0.856230
182754.249 17545 20492 0.856188
182758.232 17546 20493 0.856195
182765.137 17547 20494 0.856202
182769.302 17548 20495 0.856209
182771.752 17549 20496 0.856216
182775.918 17549 20497 0.856174
182778.143 17550 20498 0.856181
182780.036 17551 20499 0.856188
182785.079 17552 20500 0.856195
182786.448 17552 20501 0.856153
182791.541 17553 20502 0.856160
182798.426 17554 20503 0.856167
182805.179 17555 20504 0.856174
182806.541 17556 20505 0.856181
182812.021 17556 20506 0.856140
182813.544 17557 20507 0.856147
182820.197 17558 20508 0.856154
182827.162 17559 20509 0.856161
182828.731 17560 20510 0.856168
182835.191 17561 20511 0.856175
182839.253 17562 20512 0.856182
182841.661 17562 20513 0.856140
182843.707 17563 20514 0.856147
182845.897 17564 20515 0.856154
182850.770 17565 20516 0.856161
182852.453 17565 20517 0.856119
182857.353 17566 20518 0.856126
182863.893 17566 20519 0.856085
182865.262 17567 20520 0.856092
182872.517 17568 20521 0.856099
182879.291 17569 20522 0.856106
182886.186 17569 20523 0.856064
182893.490 17570 20524 0.856071
182899.487 17571 20525 0.856078
182905.068 17572 20526 0.856085
182905.973 17573 20527 0.856092
182912.014 17574 20528 0.856099
182912.529 17575 20529 0.856106
182916.611 17576 20530 0.856113
182918.480 17577 20531 0.856120
182919.113 17578 20532 0.856127
182923.624 17579 20533 0.856134
182925.150 17580 20534 0.856141
182926.230 17580 20535 0.856099
182930.099 17581 20536 0.856106
182931.780 17581 20537 0.856065
182936.609 17582 20538 0.856072
182938.870 17583 20539 0.856079
182943.616 17584 20540 0.856086
182945.736 17585 20541 0.856093
182950.533 17585 20542 0.856051
182952.539 17586 20543 0.856058
182959.304 17587 20544 0.856065
182966.030 17588 20545 0.856072
182972.521 17589 20546 0.856079
182979.149 17589 20547 0.856037
182979.782 17590 20548 0.856044
182984.043 17591 20549 0.856051
182987.088 17592 20550 0.856058
182990.464 17593 20551 0.856065
182994.331 17594 20552 0.856072
182997.269 17595 20553 0.856079
183001.215 17595 20554 0.856038
183003.678 17596 20555 0.856045
183004.146 17597 20556 0.856052
183010.338 17598 20557 0.856059
183010.889 17599 20558 0.856066
183016.523 17600 20559 0.856073
183017.795 17601 20560 0.856080
183023.248 17602 20561 0.856087
183025.049 17603 20562 0.856094
183029.917 17604 20563 0.856101
183032.200 17605 20564 0.856108
183032.314 17606 20565 0.856115
183039.274 17607 20566 0.856122
183045.783 17608 20567 0.856129
183049.070 17608 20568 0.856087
183052.820 17609 20569 0.856094
183058.739 17610 20570 0.856101
183059.810 17611 20571 0.856108
183062.182 17612 20572 0.856115
183065.126 17612 20573 0.856073
183066.350 17613 20574 0.856080
183068.619 17614 20575 0.856087
183073.341 17615 20576 0.856094
183075.858 17616 20577 0.856101
183080.047 17617 20578 0.856108
183082.529 17618 20579 0.856115
183087.169 17619 20580 0.856122
183089.459 17620 20581 0.856129
183094.514 17621 20582 0.856136
183096.096 17622 20583 0.856143
183101.017 17622 20584 0.856102
183101.188 17622 20585 0.856060
183106.113 17622 20586 0.856019
183118.101 17623 20587 0.856026
183124.529 17624 20588 0.856033
183131.527 17625 20589 0.856040
183138.409 17626 20590 0.856047
183145.277 17626 20591 0.856005
183153.827 17627 20592 0.856012
183155.116 17628 20593 0.856019
183158.344 17629 20594 0.856026
183160.534 17630 20595 0.856033
183162.502 17630 20596 0.855991
183165.432 17630 20597 0.855950
183167.702 17631 20598 0.855957
183174.705 17632 20599 0.855964
183181.202 17633 20600 0.855971
183188.321 17634 20601 0.855978
183195.089 17635 20602 0.855985
183197.350 17635 20603 0.855943
183202.149 17635 20604 0.855902
183217.607 17636 20605 0.855909
183220.192 17637 20606 0.855916
183223.938 17638 20607 0.855923
183226.370 17639 20608 0.855930
183230.888 17640 20609 0.855937
183233.602 17641 20610 0.855944
183238.412 17642 20611 0.855951
183240.237 17643 20612 0.855958
183245.036 17644 20613 0.855965
183247.072 17645 20614 0.855972
183250.461 17646 20615 0.855979
183251.333 17647 20616 0.855986
183253.848 17647 20617 0.855944
183254.697 17648 20618 0.855951
183257.038 17649 20619 0.855958
183257.475 17650 20620 0.855965
183261.705 17651 20621 0.855972
183263.984 17652 20622 0.855979
183264.436 17652 20623 0.855938
183268.757 17653 20624 0.855945
183271.188 17654 20625 0.855952
183275.150 17655 20626 0.855958
183278.016 17656 20627 0.855965
183282.501 17656 20628 0.855924
183284.780 17657 20629 0.855931
183291.614 17658 20630 0.855938
183298.495 17659 20631 0.855945
183305.376 17660 20632 0.855952
183308.493 17661 20633 0.855959
183312.884 17662 20634 0.855966
183314.942 17663 20635 0.855973
183319.087 17664 20636 0.855980
183319.832 17664 20637 0.855938
183322.195 17665 20638 0.855945
183325.632 17666 20639 0.855952
183328.491 17667 20640 0.855959
183332.589 17668 20641 0.855966
183335.051 17669 20642 0.855973
183335.335 17670 20643 0.855980
183341.150 17671 20644 0.855987
183342.180 17672 20645 0.855994
183342.192 17673 20646 0.856001
183347.732 17674 20647 0.856008
183349.352 17674 20648 0.855967
183349.410 17675 20649 0.855974
183354.575 17676 20650 0.855981
183356.382 17677 20651 0.855988
183361.082 17678 20652 0.855995
183363.561 17679 20653 0.856002
183367.196 17680 20654 0.856009
183370.866 17681 20655 0.856015
183373.877 17682 20656 0.856022
183374.594 17683 20657 0.856029
183378.158 17684 20658 0.856036
183380.514 17685 20659 0.856043
183381.663 17686 20660 0.856050
183384.615 17687 20661 0.856057
183387.100 17688 20662 0.856064
183388.550 17688 20663 0.856023
183390.981 17689 20664 0.856030
183393.306 17689 20665 0.855988
183397.800 17689 20666 0.855947
183401.652 17690 20667 0.855954
183436.311 17691 20668 0.855961
183441.750 17692 20669 0.855968
183443.597 17693 20670 0.855975
183445.347 17694 20671 0.855982
183449.557 17695 20672 0.855989
183450.488 17696 20673 0.855996
183450.847 17697 20674 0.856003
183452.060 17698 20675 0.856010
183456.054 17699 20676 0.856017
183457.381 17700 20677 0.856024
183457.542 17701 20678 0.856031
183458.812 17702 20679 0.856038
183463.097 17703 20680 0.856044
183464.678 17704 20681 0.856051
183464.982 17705 20682 0.856058
183470.255 17705 20683 0.856017
183471.186 17706 20684 0.856024
183471.897 17707 20685 0.856031
183472.282 17708 20686 0.856038
183478.170 17709 20687 0.856045
183478.369 17709 20688 0.856003
183479.133 17710 20689 0.856010
183485.260 17711 20690 0.856017
183485.374 17712 20691 0.856024
183492.640 17713 20692 0.856031
183495.338 17714 20693 0.856038
183499.432 17715 20694 0.856045
183502.178 17716 20695 0.856052
183506.572 17717 20696 0.856059
183508.722 17718 20697 0.856066
183513.935 17719 20698 0.856073
183515.424 17720 20699 0.856080
183521.088 17721 20700 0.856087
183521.648 17722 20701 0.856094
183523.356 17723 20702 0.856101
183528.139 17724 20703 0.856108
183528.399 17724 20704 0.856066
183529.827 17725 20705 0.856073
183532.876 17726 20706 0.856080
183535.066 17727 20707 0.856087
183537.332 17728 20708 0.856094
183539.827 17729 20709 0.856101
183542.133 17730 20710 0.856108
183544.046 17731 20711 0.856115
183546.585 17732 20712 0.856122
183549.043 17733 20713 0.856129
183550.468 17734 20714 0.856136
183553.505 17735 20715 0.856143
183556.147 17736 20716 0.856150
183557.459 17737 20717 0.856157
183560.838 17738 20718 0.856164
183563.535 17738 20719 0.856122
183564.595 17739 20720 0.856129
183567.836 17739 20721 0.856088
183571.157 17740 20722 0.856095
183578.257 17741 20723 0.856102
183579.702 17741 20724 0.856061
183584.726 17742 20725 0.856068
183591.747 17743 20726 0.856074
183599.605 17744 20727 0.856081
183606.087 17744 20728 0.856040
183616.358 17745 20729 0.856047
183619.536 17746 20730 0.856054
183623.777 17747 20731 0.856061
183625.917 17748 20732 0.856068
183630.487 17749 20733 0.856075
183631.886 17750 20734 0.856082
183632.853 17751 20735 0.856089
183637.100 17752 20736 0.856096
183638.033 17752 20737 0.856054
183640.308 17753 20738 0.856061
183644.130 17754 20739 0.856068
183646.794 17755 20740 0.856075
183651.180 17756 20741 0.856082
183653.939 17757 20742 0.856089
183658.311 17758 20743 0.856096
183658.419 17758 20744 0.856055
183660.832 17759 20745 0.856062
183664.529 17760 20746 0.856069
183667.538 17761 20747 0.856076
183671.398 17762 20748 0.856083
183674.374 17763 20749 0.856089
183678.372 17764 20750 0.856096
183681.018 17765 20751 0.856103
183685.062 17766 20752 0.856110
183688.088 17766 20753 0.856069
183690.115 17767 20754 0.856076
183692.242 17768 20755 0.856083
183697.008 17769 20756 0.856090
183698.889 17770 20757 0.856097
183705.231 17771 20758 0.856104
183705.845 17772 20759 0.856111
183710.967 17773 20760 0.856118
183711.430 17773 20761 0.856076
183712.661 17773 20762 0.856035
183718.233 17774 20763 0.856042
183725.405 17775 20764 0.856049
183731.939 17776 20765 0.856056
183738.724 17776 20766 0.856015
183740.590 17777 20767 0.856022
183745.321 17777 20768 0.855980
183747.412 17778 20769 0.855987
183753.795 17779 20770 0.855994
183759.970 17780 20771 0.856001
183764.317 17781 20772 0.856008
183765.770 17782 20773 0.856015
183766.236 17783 20774 0.856022
183770.893 17784 20775 0.856029
183772.564 17785 20776 0.856036
183773.081 17786 20777 0.856043
183777.905 17787 20778 0.856050
183778.832 17788 20779 0.856057
183780.096 17789 20780 0.856064
183784.623 17790 20781 0.856070
183786.325 17791 20782 0.856077
183786.874 17792 20783 0.856084
183791.227 17793 20784 0.856091
183793.040 17794 20785 0.856098
183793.159 17795 20786 0.856105
183797.508 17796 20787 0.856112
183797.871 17796 20788 0.856071
183799.841 17797 20789 0.856078
183804.483 17798 20790 0.856085
183806.865 17799 20791 0.856092
183808.762 17800 20792 0.856098
183811.446 17801 20793 0.856105
183813.651 17802 20794 0.856112
183816.052 17803 20795 0.856119
183817.975 17804 20796 0.856126
183820.074 17805 20797 0.856133
183822.869 17805 20798 0.856092
183826.939 17806 20799 0.856099
183828.862 17807 20800 0.856106
183835.495 17808 20801 0.856113
183839.641 17809 20802 0.856120
183842.320 17809 20803 0.856078
183846.686 17810 20804 0.856085
183850.321 17810 20805 0.856044
183853.567 17811 20806 0.856051
183860.138 17812 20807 0.856058
183866.790 17812 20808 0.856017
183876.372 17813 20809 0.856024
183882.914 17813 20810 0.855983
183895.171 17814 20811 0.855990
183901.997 17815 20812 0.855997
183903.771 17816 20813 0.856003
183909.055 17817 20814 0.856010
183910.412 17818 20815 0.856017
183917.003 17819 20816 0.856024
183917.523 17820 20817 0.856031
183920.290 17821 20818 0.856038
183924.221 17822 20819 0.856045
183924.357 17823 20820 0.856052
183926.779 17824 20821 0.856059
183930.948 17825 20822 0.856066
183931.461 17826 20823 0.856073
183933.469 17827 20824 0.856080
183935.155 17828 20825 0.856086
183938.350 17829 20826 0.856093
183938.851 17830 20827 0.856100
183941.088 17831 20828 0.856107
183945.153 17832 20829 0.856114
183946.031 17833 20830 0.856121
183947.693 17834 20831 0.856128
183951.757 17835 20832 0.856135
183953.110 17836 20833 0.856142
183954.615 17837 20834 0.856149
183956.763 17838 20835 0.856156
183958.511 17839 20836 0.856162
183960.704 17840 20837 0.856169
183961.389 17841 20838 0.856176
183963.960 17842 20839 0.856183
183965.256 17843 20840 0.856190
183967.131 17843 20841 0.856149
183968.668 17844 20842 0.856156
183970.445 17845 20843 0.856163
183971.482 17846 20844 0.856170
183975.554 17847 20845 0.856177
183976.810 17848 20846 0.856183
183978.311 17849 20847 0.856190
183982.003 17850 20848 0.856197
183983.511 17851 20849 0.856204
183985.028 17852 20850 0.856211
183988.903 17853 20851 0.856218
183990.314 17854 20852 0.856225
183992.919 17855 20853 0.856232
183995.468 17855 20854 0.856191
183997.217 17855 20855 0.856150
183999.144 17856 20856 0.856157
184006.136 17857 20857 0.856163
184012.723 17857 20858 0.856122
184021.554 17858 20859 0.856129
184028.467 17859 20860 0.856136
184035.573 17860 20861 0.856143
184042.609 17861 20862 0.856150
184049.461 17862 20863 0.856157
184050.903 17863 20864 0.856164
184051.139 17864 20865 0.856171
184056.007 17865 20866 0.856178
184057.537 17866 20867 0.856184
184058.191 17867 20868 0.856191
184062.668 17868 20869 0.856198
184064.029 17869 20870 0.856205
184065.318 17870 20871 0.856212
184066.719 17871 20872 0.856219
184069.621 17871 20873 0.856178
184071.254 17872 20874 0.856185
184072.333 17873 20875 0.856192
184073.249 17874 20876 0.856199
184078.468 17875 20877 0.856205
184079.309 17876 20878 0.856212
184079.632 17877 20879 0.856219
184084.892 17878 20880 0.856226
184085.489 17879 20881 0.856233
184086.139 17880 20882 0.856240
184091.547 17881 20883 0.856247
184091.831 17882 20884 0.856254
184092.605 17883 20885 0.856260
184098.075 17884 20886 0.856267
184099.430 17885 20887 0.856274
184099.601 17886 20888 0.856281
184104.303 17887 20889 0.856288
184105.888 17888 20890 0.856295
184106.169 17889 20891 0.856302
184110.976 17889 20892 0.856261
184112.577 17890 20893 0.856268
184112.862 17890 20894 0.856227
184119.045 17891 20895 0.856234
184121.245 17892 20896 0.856240
184125.977 17893 20897 0.856247
184128.151 17893 20898 0.856206
184132.774 17893 20899 0.856165
184163.583 17894 20900 0.856172
184167.550 17895 20901 0.856179
184170.256 17895 20902 0.856138
184174.631 17896 20903 0.856145
184180.249 17897 20904 0.856152
184181.351 17898 20905 0.856159
184185.615 17899 20906 0.856166
184187.098 17900 20907 0.856173
184187.991 17900 20908 0.856132
184192.463 17900 20909 0.856091
184194.133 17901 20910 0.856098
184200.910 17901 20911 0.856057
184222.237 17902 20912 0.856064
184228.644 17903 20913 0.856070
184235.143 17904 20914 0.856077
184240.965 17905 20915 0.856084
184241.122 17906 20916 0.856091
184245.129 17907 20917 0.856098
184247.558 17907 20918 0.856057
184247.719 17908 20919 0.856064
184252.025 17908 20920 0.856023
184254.435 17909 20921 0.856030
184254.467 17910 20922 0.856037
184260.950 17911 20923 0.856044
184261.020 17912 20924 0.856050
184267.488 17913 20925 0.856057
184268.090 17914 20926 0.856064
184274.325 17915 20927 0.856071
184283.869 17915 20928 0.856030
184288.321 17916 20929 0.856037
184295.397 17917 20930 0.856044
184301.934 17918 20931 0.856051
184302.534 17918 20932 0.856010
184306.087 17919 20933 0.856017
184309.000 17920 20934 0.856024
184313.213 17921 20935 0.856031
184315.996 17921 20936 0.855990
184319.829 17922 20937 0.855997
184337.634 17923 20938 0.856003
184343.973 17924 20939 0.856010
184348.797 17925 20940 0.856017
184350.659 17926 20941 0.856024
184355.283 17926 20942 0.855983
184355.558 17926 20943 0.855942
184356.985 17927 20944 0.855949
184363.862 17928 20945 0.855956
184370.491 17929 20946 0.855963
184373.653 17930 20947 0.855970
184381.085 17931 20948 0.855977
184387.543 17931 20949 0.855936
184408.172 17932 20950 0.855943
184408.384 17933 20951 0.855950
184414.798 17934 20952 0.855956
184415.063 17935 20953 0.855963
184417.147 17935 20954 0.855922
184421.180 17936 20955 0.855929
184428.239 17936 20956 0.855889
184439.758 17937 20957 0.855895
184443.971 17938 20958 0.855902
184445.929 17939 20959 0.855909
184450.799 17940 20960 0.855916
184452.045 17941 20961 0.855923
184457.927 17942 20962 0.855930
184458.152 17943 20963 0.855937
184465.095 17943 20964 0.855896
184470.772 17944 20965 0.855903
184473.702 17945 20966 0.855910
184477.420 17946 20967 0.855916
184480.225 17947 20968 0.855923
184480.978 17948 20969 0.855930
184484.364 17948 20970 0.855889
184487.073 17949 20971 0.855896
184487.414 17949 20972 0.855855
184493.916 17950 20973 0.855862
184501.035 17950 20974 0.855821
184516.799 17951 20975 0.855828
184524.121 17952 20976 0.855835
184531.068 17953 20977 0.855842
184537.597 17954 20978 0.855849
184537.632 17955 20979 0.855856
184540.820 17956 20980 0.855863
184545.115 17957 20981 0.855870
184547.926 17957 20982 0.855829
184551.928 17958 20983 0.855836
184554.560 17959 20984 0.855843
184558.890 17960 20985 0.855849
184561.740 17960 20986 0.855809
184566.410 17961 20987 0.855816
184568.414 17962 20988 0.855822
184574.141 17963 20989 0.855829
184574.461 17964 20990 0.855836
184580.582 17965 20991 0.855843
184580.804 17966 20992 0.855850
184587.016 17966 20993 0.855809
184587.942 17967 20994 0.855816
184595.006 17968 20995 0.855823
184601.408 17969 20996 0.855830
184601.603 17970 20997 0.855837
184608.144 17971 20998 0.855843
184608.297 17972 20999 0.855850
184614.892 17972 21000 0.855810
184615.228 17973 21001 0.855816
184615.375 17974 21002 0.855823
184621.680 17975 21003 0.855830
184622.213 17976 21004 0.855837
184628.345 17977 21005 0.855844
184628.650 17978 21006 0.855851
184634.855 17978 21007 0.855810
184635.761 17978 21008 0.855769
184639.056 17979 21009 0.855776
184645.218 17979 21010 0.855735
184667.276 17980 21011 0.855742
184674.094 17981 21012 0.855749
184687.488 17981 21013 0.855708
184689.409 17981 21014 0.855668
184696.657 17982 21015 0.855675
184698.820 17983 21016 0.855681
184703.632 17984 21017 0.855688
184705.158 17985 21018 0.855695
184710.127 17986 21019 0.855702
184712.516 17986 21020 0.855661
184716.784 17987 21021 0.855668
184723.319 17988 21022 0.855675
184730.037 17989 21023 0.855682
184737.344 17990 21024 0.855689
184740.937 17990 21025 0.855648
184741.868 17991 21026 0.855655
184743.865 17992 21027 0.855662
184748.952 17993 21028 0.855669
184750.761 17994 21029 0.855675
184756.049 17995 21030 0.855682
184757.311 17996 21031 0.855689
184763.187 17996 21032 0.855649
184764.623 17997 21033 0.855655
184765.337 17998 21034 0.855662
184771.417 17999 21035 0.855669
184772.408 18000 21036 0.855676
184777.913 18001 21037 0.855683
184778.827 18002 21038 0.855690
184784.601 18003 21039 0.855697
184785.863 18004 21040 0.855703
184791.759 18005 21041 0.855710
184792.694 18006 21042 0.855717
184794.452 18007 21043 0.855724
184799.198 18007 21044 0.855683
184799.276 18007 21045 0.855643
184800.957 18007 21046 0.855602
184816.266 18008 21047 0.855609
184822.671 18009 21048 0.855616
184829.154 18010 21049 0.855623
184836.147 18011 21050 0.855629
184843.471 18012 21051 0.855636
184850.635 18013 21052 0.855643
184851.369 18014 21053 0.855650
184852.218 18015 21054 0.855657
184853.667 18016 21055 0.855664
184857.192 18017 21056 0.855671
184858.350 18018 21057 0.855677
184858.729 18018 21058 0.855637
184859.919 18019 21059 0.855644
184864.178 18020 21060 0.855651
184865.641 18021 21061 0.855657
184866.267 18022 21062 0.855664
184871.144 18023 21063 0.855671
184872.735 18024 21064 0.855678
184878.104 18025 21065 0.855685
184879.687 18026 21066 0.855692
184884.607 18027 21067 0.855698
184886.548 18028 21068 0.855705
184890.080 18029 21069 0.855712
184891.420 18030 21070 0.855719
184892.878 18031 21071 0.855726
184896.786 18032 21072 0.855733
184898.197 18033 21073 0.855740
184899.232 18034 21074 0.855746
184903.578 18035 21075 0.855753
184905.418 18036 21076 0.855760
184906.564 18036 21077 0.855720
184910.451 18037 21078 0.855726
184911.920 18038 21079 0.855733
184912.699 18039 21080 0.855740
184916.841 18040 21081 0.855747
184918.943 18041 21082 0.855754
184919.613 18042 21083 0.855761
184923.249 18043 21084 0.855767
184925.957 18044 21085 0.855774
184926.602 18045 21086 0.855781
184930.202 18046 21087 0.855788
184932.967 18047 21088 0.855795
184933.101 18048 21089 0.855802
184937.321 18049 21090 0.855808
184939.239 18049 21091 0.855768
184940.046 18050 21092 0.855775
184944.291 18051 21093 0.855782
184946.981 18052 21094 0.855788
184951.610 18052 21095 0.855748
184954.193 18053 21096 0.855755
184959.042 18054 21097 0.855761
184960.759 18055 21098 0.855768
184966.022 18055 21099 0.855728
184967.393 18056 21100 0.855735
184977.532 18057 21101 0.855741
184984.196 18058 21102 0.855748
184990.984 18059 21103 0.855755
184991.276 18060 21104 0.855762
184997.869 18061 21105 0.855769
184998.194 18062 21106 0.855776
185003.770 18063 21107 0.855782
185004.227 18064 21108 0.855789
185005.349 18065 21109 0.855796
185010.080 18066 21110 0.855803
185010.978 18067 21111 0.855810
185012.141 18068 21112 0.855817
185016.514 18068 21113 0.855776
185017.731 18069 21114 0.855783
185018.624 18070 21115 0.855790
185022.663 18071 21116 0.855797
185024.142 18072 21117 0.855803
185025.234 18073 21118 0.855810
185028.964 18074 21119 0.855817
185031.054 18075 21120 0.855824
185031.715 18076 21121 0.855831
185035.077 18077 21122 0.855838
185037.760 18078 21123 0.855844
185038.241 18079 21124 0.855851
185041.819 18080 21125 0.855858
185045.086 18081 21126 0.855865
185045.163 18082 21127 0.855872
185048.597 18083 21128 0.855878
185052.167 18084 21129 0.855885
185052.577 18085 21130 0.855892
185055.345 18086 21131 0.855899
185058.725 18087 21132 0.855906
185059.499 18088 21133 0.855913
185062.329 18089 21134 0.855919
185065.787 18090 21135 0.855926
185066.553 18091 21136 0.855933
185068.813 18092 21137 0.855940
185068.943 18093 21138 0.855947
185072.863 18093 21139 0.855906
185075.458 18093 21140 0.855866
185075.623 18094 21141 0.855872
185081.830 18095 21142 0.855879
185088.007 18096 21143 0.855886
185094.674 18097 21144 0.855893
185101.384 18098 21145 0.855900
185103.634 18098 21146 0.855859
185107.959 18099 21147 0.855866
185114.779 18100 21148 0.855873
185121.726 18100 21149 0.855832
185127.119 18101 21150 0.855839
185128.921 18102 21151 0.855846
185134.168 18103 21152 0.855853
185135.464 18104 21153 0.855860
185141.216 18105 21154 0.855867
185142.438 18106 21155 0.855873
185147.589 18107 21156 0.855880
185148.807 18108 21157 0.855887
185155.660 18109 21158 0.855894
185155.910 18110 21159 0.855901
185156.245 18111 21160 0.855907
185162.396 18112 21161 0.855914
185162.951 18113 21162 0.855921
185163.059 18113 21163 0.855881
185169.146 18114 21164 0.855887
185169.961 18114 21165 0.855847
185175.615 18115 21166 0.855854
185175.667 18116 21167 0.855861
185182.613 18117 21168 0.855867
185182.721 18118 21169 0.855874
185189.554 18119 21170 0.855881
185190.047 18120 21171 0.855888
185195.940 18121 21172 0.855895
185202.957 18121 21173 0.855854
185215.063 18122 21174 0.855861
185223.164 18123 21175 0.855868
185227.339 18124 21176 0.855875
185228.913 18125 21177 0.855881
185229.661 18126 21178 0.855888
185233.964 18127 21179 0.855895
185235.943 18128 21180 0.855902
185240.792 18128 21181 0.855861
185242.731 18129 21182 0.855868
185249.082 18130 21183 0.855875
185249.383 18131 21184 0.855882
185255.751 18132 21185 0.855889
185256.061 18133 21186 0.855895
185256.382 18133 21187 0.855855
185261.945 18134 21188 0.855862
185263.337 18135 21189 0.855869
185268.806 18136 21190 0.855875
185269.807 18137 21191 0.855882
185275.365 18138 21192 0.855889
185276.903 18139 21193 0.855896
185282.083 18140 21194 0.855903
185289.080 18141 21195 0.855909
185294.103 18142 21196 0.855916
185295.748 18143 21197 0.855923
185296.924 18144 21198 0.855930
185300.712 18145 21199 0.855937
185302.473 18146 21200 0.855943
185303.483 18147 21201 0.855950
185307.823 18148 21202 0.855957
185309.011 18149 21203 0.855964
185309.240 18150 21204 0.855971
185310.635 18151 21205 0.855977
185314.225 18152 21206 0.855984
185315.305 18153 21207 0.855991
185315.470 18154 21208 0.855998
185317.444 18154 21209 0.855957
185320.655 18154 21210 0.855917
185322.082 18155 21211 0.855924
185322.321 18156 21212 0.855931
185328.449 18157 21213 0.855937
185329.131 18158 21214 0.855944
185334.877 18159 21215 0.855951
185341.336 18160 21216 0.855958
185343.323 18160 21217 0.855917
185348.912 18161 21218 0.855924
185356.075 18162 21219 0.855931
185371.021 18163 21220 0.855938
185372.642 18164 21221 0.855945
185377.883 18165 21222 0.855951
185379.448 18166 21223 0.855958
185382.835 18167 21224 0.855965
185384.386 18168 21225 0.855972
185385.825 18169 21226 0.855979
185390.283 18170 21227 0.855985
185391.330 18171 21228 0.855992
185392.884 18172 21229 0.855999
185396.682 18173 21230 0.856006
185397.367 18174 21231 0.856012
185398.460 18175 21232 0.856019
185399.337 18176 21233 0.856026
185403.483 18177 21234 0.856033
185404.245 18178 21235 0.856040
185405.006 18179 21236 0.856046
185405.872 18180 21237 0.856053
185410.115 18181 21238 0.856060
185411.238 18182 21239 0.856067
185412.045 18183 21240 0.856073
185412.894 18184 21241 0.856080
185416.300 18185 21242 0.856087
185417.666 18186 21243 0.856094
185418.463 18187 21244 0.856101
185419.828 18188 21245 0.856107
185422.858 18188 21246 0.856067
185424.220 18189 21247 0.856074
185426.431 18190 21248 0.856081
185430.747 18190 21249 0.856040
185439.993 18191 21250 0.856047
185446.877 18191 21251 0.856007
185461.170 18192 21252 0.856014
185467.709 18193 21253 0.856020
185474.740 18194 21254 0.856027
185475.030 18195 21255 0.856034
185482.002 18196 21256 0.856041
185482.053 18197 21257 0.856047
185482.982 18197 21258 0.856007
185488.616 18198 21259 0.856014
185489.418 18199 21260 0.856021
185495.524 18199 21261 0.855980
185495.991 18200 21262 0.855987
185500.955 18201 21263 0.855994
185502.426 18202 21264 0.856001
185508.096 18202 21265 0.855960
185509.712 18203 21266 0.855967
185517.034 18204 21267 0.855974
185523.260 18205 21268 0.855981
185529.492 18206 21269 0.855988
185535.667 18207 21270 0.855994
185536.515 18208 21271 0.856001
185542.574 18208 21272 0.855961
185543.492 18209 21273 0.855968
185548.897 18210 21274 0.855974
185550.268 18211 21275 0.855981
185555.712 18212 21276 0.855988
185559.654 18213 21277 0.855995
185562.672 18214 21278 0.856002
185566.300 18215 21279 0.856008
185566.662 18216 21280 0.856015
185569.595 18216 21281 0.855975
185572.910 18216 21282 0.855935
185573.914 18217 21283 0.855941
185580.455 18218 21284 0.855948
185587.517 18219 21285 0.855955
185594.129 18220 21286 0.855962
185594.549 18220 21287 0.855921
185601.548 18221 21288 0.855928
185609.192 18222 21289 0.855935
185615.713 18223 21290 0.855942
185622.733 18224 21291 0.855949
185625.621 18225 21292 0.855955
185628.927 18226 21293 0.855962
185632.942 18226 21294 0.855922
185635.626 18227 21295 0.855929
185642.486 18228 21296 0.855935
185644.334 18229 21297 0.855942
185647.713 18230 21298 0.855949
185651.428 18231 21299 0.855956
185654.645 18232 21300 0.855962
185658.339 18233 21301 0.855969
185661.565 18234 21302 0.855976
185665.553 18235 21303 0.855983
185668.478 18236 21304 0.855989
185670.074 18237 21305 0.855996
185672.924 18238 21306 0.856003
185675.618 18239 21307 0.856010
185676.782 18240 21308 0.856017
185679.959 18240 21309 0.855976
185682.608 18241 21310 0.855983
185683.717 18242 21311 0.855990
185689.151 18242 21312 0.855950
185689.861 18243 21313 0.855956
185689.876 18244 21314 0.855963
185696.571 18244 21315 0.855923
185716.044 18245 21316 0.855930
185723.235 18246 21317 0.855937
185730.561 18247 21318 0.855943
185732.556 18248 21319 0.855950
185737.753 18249 21320 0.855957
185739.327 18250 21321 0.855964
185741.108 18251 21322 0.855970
185744.378 18252 21323 0.855977
185746.252 18252 21324 0.855937
185747.519 18253 21325 0.855944
185749.590 18254 21326 0.855950
185751.175 18254 21327 0.855910
185754.679 18255 21328 0.855917
185755.976 18256 21329 0.855924
185761.059 18257 21330 0.855931
185763.384 18258 21331 0.855937
185768.868 18259 21332 0.855944
185770.104 18260 21333 0.855951
185775.741 18261 21334 0.855958
185782.751 18262 21335 0.855964
185782.974 18263 21336 0.855971
185789.105 18264 21337 0.855978
185789.721 18265 21338 0.855985
185795.252 18266 21339 0.855991
185796.793 18267 21340 0.855998
185799.198 18268 21341 0.856005
185802.160 18269 21342 0.856012
185803.731 18270 21343 0.856018
185803.987 18271 21344 0.856025
185808.388 18271 21345 0.855985
185810.769 18272 21346 0.855992
185811.055 18272 21347 0.855952
185817.683 18272 21348 0.855912
185819.220 18273 21349 0.855918
185825.811 18274 21350 0.855925
185839.694 18275 21351 0.855932
185847.316 18276 21352 0.855939
185853.759 18277 21353 0.855945
185860.524 18278 21354 0.855952
185860.766 18279 21355 0.855959
185863.413 18279 21356 0.855919
185866.772 18280 21357 0.855925
185868.077 18281 21358 0.855932
185870.233 18282 21359 0.855939
185873.440 18283 21360 0.855946
185874.673 18284 21361 0.855952
185876.847 18285 21362 0.855959
185880.075 18286 21363 0.855966
185881.458 18286 21364 0.855926
185884.104 18287 21365 0.855933
185886.564 18288 21366 0.855939
185891.275 18289 21367 0.855946
185892.850 18290 21368 0.855953
185898.233 18291 21369 0.855960
185898.933 18292 21370 0.855966
185904.736 18293 21371 0.855973
185905.560 18293 21372 0.855933
185911.267 18294 21373 0.855940
185916.580 18295 21374 0.855946
185918.197 18295 21375 0.855906
185923.848 18296 21376 0.855913
185930.599 18297 21377 0.855920
185935.203 18298 21378 0.855927
185937.627 18299 21379 0.855933
185941.698 18300 21380 0.855940
185946.228 18301 21381 0.855947
185948.738 18302 21382 0.855954
185953.336 18303 21383 0.855960
185955.182 18304 21384 0.855967
185957.418 18305 21385 0.855974
185959.837 18306 21386 0.855981
185962.093 18307 21387 0.855987
185964.413 18308 21388 0.855994
185967.147 18309 21389 0.856001
185969.099 18310 21390 0.856007
185970.049 18311 21391 0.856014
185971.242 18312 21392 0.856021
185974.323 18313 21393 0.856028
185976.078 18313 21394 0.855988
185976.898 18314 21395 0.855994
185977.533 18315 21396 0.856001
185981.618 18316 21397 0.856008
185983.893 18317 21398 0.856015
185989.172 18318 21399 0.856021
185990.856 18319 21400 0.856028
185995.757 18320 21401 0.856035
185997.264 18321 21402 0.856041
186002.977 18322 21403 0.856048
186004.267 18323 21404 0.856055
186009.584 18324 21405 0.856062
186014.458 18325 21406 0.856068
186016.815 18326 21407 0.856075
186017.279 18327 21408 0.856082
186021.446 18328 21409 0.856089
186023.519 18328 21410 0.856049
186024.677 18329 21411 0.856055
186028.200 18330 21412 0.856062
186028.290 18331 21413 0.856069
186031.867 18331 21414 0.856029
186035.103 18331 21415 0.855989
186035.450 18332 21416 0.855996
186042.571 18332 21417 0.855956
186076.090 18333 21418 0.855962
186082.961 18334 21419 0.855969
186085.511 18334 21420 0.855929
186086.536 18334 21421 0.855889
186090.675 18335 21422 0.855896
186097.319 18336 21423 0.855903
186097.419 18336 21424 0.855863
186104.139 18337 21425 0.855869
186111.191 18338 21426 0.855876
186117.630 18339 21427 0.855883
186124.497 18340 21428 0.855889
186131.603 18341 21429 0.855896
186137.691 18342 21430 0.855903
186139.045 18343 21431 0.855910
186139.155 18344 21432 0.855916
186144.215 18344 21433 0.855876
186145.515 18345 21434 0.855883
186145.840 18346 21435 0.855890
186149.529 18347 21436 0.855897
186152.269 18348 21437 0.855903
186152.376 18349 21438 0.855910
186156.616 18350 21439 0.855917
186159.047 18351 21440 0.855924
186159.976 18352 21441 0.855930
186163.712 18353 21442 0.855937
186166.253 18354 21443 0.855944
186166.514 18355 21444 0.855950
186170.209 18356 21445 0.855957
186172.772 18357 21446 0.855964
186173.711 18358 21447 0.855971
186177.520 18359 21448 0.855977
186179.041 18360 21449 0.855984
186180.801 18361 21450 0.855991
186184.345 18362 21451 0.855997
186185.605 18363 21452 0.856004
186187.371 18364 21453 0.856011
186190.891 18365 21454 0.856018
186192.467 18366 21455 0.856024
186194.016 18367 21456 0.856031
186197.866 18368 21457 0.856038
186198.067 18369 21458 0.856044
186199.313 18370 21459 0.856051
186201.300 18371 21460 0.856058
186204.599 18372 21461 0.856064
186205.569 18373 21462 0.856071
186205.586 18374 21463 0.856078
186207.947 18375 21464 0.856085
186211.589 18376 21465 0.856091
186211.843 18377 21466 0.856098
186212.604 18377 21467 0.856058
186214.379 18377 21468 0.856018
186218.823 18378 21469 0.856025
186218.840 18379 21470 0.856032
186219.474 18380 21471 0.856038
186225.883 18381 21472 0.856045
186225.988 18382 21473 0.856052
186226.416 18383 21474 0.856058
186232.694 18384 21475 0.856065
186232.895 18385 21476 0.856072
186239.928 18385 21477 0.856032
186240.035 18385 21478 0.855992
186248.551 18386 21479 0.855999
186255.373 18387 21480 0.856006
186261.970 18388 21481 0.856012
186268.523 18388 21482 0.855972
186270.382 18388 21483 0.855933
186291.668 18389 21484 0.855939
186292.531 18390 21485 0.855946
186299.561 18390 21486 0.855906
186319.351 18391 21487 0.855913
186321.424 18392 21488 0.855920
186324.007 18393 21489 0.855926
186326.105 18394 21490 0.855933
186328.557 18395 21491 0.855940
186331.216 18396 21492 0.855946
186332.668 18397 21493 0.855953
186335.286 18398 21494 0.855960
186337.872 18399 21495 0.855967
186339.348 18400 21496 0.855973
186342.337 18400 21497 0.855933
186345.008 18401 21498 0.855940
186346.187 18402 21499 0.855947
186351.548 18403 21500 0.855953
186352.063 18404 21501 0.855960
186353.274 18404 21502 0.855920
186358.690 18405 21503 0.855927
186359.300 18406 21504 0.855934
186365.357 18407 21505 0.855940
186365.983 18408 21506 0.855947
186371.844 18409 21507 0.855954
186373.009 18410 21508 0.855961
186379.053 18411 21509 0.855967
186380.082 18412 21510 0.855974
186386.392 18413 21511 0.855981
186387.434 18414 21512 0.855987
186393.529 18415 21513 0.855994
186394.697 18416 21514 0.856001
186396.379 18417 21515 0.856007
186400.694 18418 21516 0.856014
186401.852 18419 21517 0.856021
186405.971 18419 21518 0.855981
186407.896 18420 21519 0.855988
186409.105 18420 21520 0.855948
186415.168 18421 21521 0.855955
186422.106 18422 21522 0.855961
186429.040 18423 21523 0.855968
186429.755 18424 21524 0.855975
186435.706 18425 21525 0.855981
186436.982 18426 21526 0.855988
186443.565 18427 21527 0.855995
186446.016 18428 21528 0.856001
186450.575 18429 21529 0.856008
186452.544 18430 21530 0.856015
186458.175 18431 21531 0.856022
186458.856 18431 21532 0.855982
186463.112 18432 21533 0.855988
186464.799 18433 21534 0.855995
186468.284 18434 21535 0.856002
186470.426 18435 21536 0.856009
186472.104 18436 21537 0.856015
186475.316 18437 21538 0.856022
186478.838 18438 21539 0.856029
186480.415 18439 21540 0.856035
186482.459 18440 21541 0.856042
186486.186 18441 21542 0.856049
186487.780 18442 21543 0.856055
186489.483 18443 21544 0.856062
186493.361 18444 21545 0.856069
186494.889 18445 21546 0.856075
186496.588 18445 21547 0.856036
186501.112 18446 21548 0.856042
186502.047 18447 21549 0.856049
186507.699 18448 21550 0.856056
186508.732 18449 21551 0.856062
186512.262 18450 21552 0.856069
186515.068 18451 21553 0.856076
186515.343 18452 21554 0.856082
186519.340 18453 21555 0.856089
186522.327 18454 21556 0.856096
186523.147 18454 21557 0.856056
186526.060 18455 21558 0.856063
186529.315 18455 21559 0.856023
186532.582 18456 21560 0.856030
186539.719 18457 21561 0.856036
186546.262 18457 21562 0.855997
186551.744 18458 21563 0.856003
186566.750 18459 21564 0.856010
186576.791 18460 21565 0.856017
186580.991 18461 21566 0.856023
186583.248 18462 21567 0.856030
186588.026 18463 21568 0.856037
186588.311 18464 21569 0.856043
186590.256 18465 21570 0.856050
186594.567 18465 21571 0.856010
186595.365 18466 21572 0.856017
186597.279 18467 21573 0.856024
186599.105 18468 21574 0.856030
186602.222 18468 21575 0.855991
186604.593 18468 21576 0.855951
186606.119 18469 21577 0.855958
186612.480 18470 21578 0.855964
186627.725 18471 21579 0.855971
186637.601 18472 21580 0.855978
186643.897 18473 21581 0.855984
186647.863 18474 21582 0.855991
186650.778 18475 21583 0.855998
186654.655 18476 21584 0.856004
186655.048 18477 21585 0.856011
186657.100 18478 21586 0.856018
186657.524 18479 21587 0.856024
186661.174 18480 21588 0.856031
186661.377 18480 21589 0.855991
186663.927 18481 21590 0.855998
186664.727 18482 21591 0.856005
186667.696 18483 21592 0.856011
186670.240 18484 21593 0.856018
186671.714 18485 21594 0.856025
186675.135 18486 21595 0.856031
186677.002 18487 21596 0.856038
186682.379 18488 21597 0.856045
186683.958 18489 21598 0.856051
186688.924 18490 21599 0.856058
186695.631 18491 21600 0.856065
186702.867 18492 21601 0.856071
186709.994 18493 21602 0.856078
186714.150 18494 21603 0.856085
186716.096 18495 21604 0.856091
186716.830 18496 21605 0.856098
186721.068 18497 21606 0.856105
186722.763 18497 21607 0.856065
186722.900 18498 21608 0.856072
186728.980 18498 21609 0.856032
186730.178 18499 21610 0.856039
186731.215 18500 21611 0.856046
186737.277 18501 21612 0.856052
186737.780 18501 21613 0.856013
186744.333 18502 21614 0.856019
186751.670 18503 21615 0.856026
186758.191 18504 21616 0.856033
186765.380 18505 21617 0.856039
186772.355 18505 21618 0.856000
186774.410 18505 21619 0.855960
186782.098 18506 21620 0.855967
186789.574 18506 21621 0.855927
186792.410 18507 21622 0.855934
186799.390 18508 21623 0.855940
186806.607 18509 21624 0.855947
186813.777 18509 21625 0.855908
186826.187 18510 21626 0.855914
186826.742 18511 21627 0.855921
186832.873 18512 21628 0.855928
186833.016 18513 21629 0.855934
186839.469 18514 21630 0.855941
186840.447 18515 21631 0.855947
186843.527 18516 21632 0.855954
186846.083 18516 21633 0.855915
186847.182 18517 21634 0.855921
186851.099 18518 21635 0.855928
186854.690 18518 21636 0.855888
186858.109 18519 21637 0.855895
186865.433 18520 21638 0.855902
186867.311 18521 21639 0.855908
186872.146 18521 21640 0.855869
186874.722 18522 21641 0.855875
186881.755 18523 21642 0.855882
186889.052 18524 21643 0.855889
186896.884 18525 21644 0.855895
186899.082 18526 21645 0.855902
186904.208 18527 21646 0.855909
186905.794 18528 21647 0.855915
186908.023 18529 21648 0.855922
186910.928 18530 21649 0.855929
186912.031 18531 21650 0.855935
186915.234 18532 21651 0.855942
186918.285 18533 21652 0.855949
186918.415 18534 21653 0.855955
186922.383 18535 21654 0.855962
186924.591 18536 21655 0.855969
186924.631 18537 21656 0.855975
186930.013 18538 21657 0.855982
186930.923 18538 21658 0.855942
186931.772 18539 21659 0.855949
186938.795 18539 21660 0.855910
186939.009 18540 21661 0.855916
186946.102 18541 21662 0.855923
186961.349 18542 21663 0.855929
186963.920 18543 21664 0.855936
186968.597 18544 21665 0.855943
186971.122 18545 21666 0.855949
186975.263 18546 21667 0.855956
186978.349 18547 21668 0.855963
186982.103 18547 21669 0.855923
186984.147 18548 21670 0.855930
186985.406 18549 21671 0.855937
186990.408 18550 21672 0.855943
186990.587 18551 21673 0.855950
186992.395 18552 21674 0.855956
186996.541 18553 21675 0.855963
186997.265 18554 21676 0.855970
186998.932 18555 21677 0.855976
187003.120 18556 21678 0.855983
187004.242 18557 21679 0.855990
187006.070 18558 21680 0.855996
187009.671 18559 21681 0.856003
187011.971 18559 21682 0.855963
187012.718 18560 21683 0.855970
187016.491 18561 21684 0.855977
187019.490 18562 21685 0.855983
187026.372 18563 21686 0.855990
187027.242 18564 21687 0.855997
187034.096 18565 21688 0.856003
187034.498 18566 21689 0.856010
187034.901 18567 21690 0.856017
187040.977 18568 21691 0.856023
187041.406 18569 21692 0.856030
187041.675 18570 21693 0.856037
187047.687 18571 21694 0.856043
187048.574 18571 21695 0.856004
187048.947 18571 21696 0.855964
187054.557 18572 21697 0.855971
187061.494 18573 21698 0.855978
187064.626 18574 21699 0.855984
187067.745 18575 21700 0.855991
187071.393 18576 21701 0.855997
187074.706 18576 21702 0.855958
187081.121 18577 21703 0.855965
187082.236 18578 21704 0.855971
187087.490 18578 21705 0.855932
187088.494 18579 21706 0.855938
187094.796 18580 21707 0.855945
187101.326 18581 21708 0.855952
187101.593 18582 21709 0.855958
187101.761 18583 21710 0.855965
187108.309 18583 21711 0.855926
187108.384 18584 21712 0.855932
187108.769 18585 21713 0.855939
187115.441 18586 21714 0.855945
187115.917 18587 21715 0.855952
187122.347 18588 21716 0.855959
187122.850 18589 21717 0.855965
187128.859 18589 21718 0.855926
187129.551 18590 21719 0.855933
187136.609 18591 21720 0.855939
187140.178 18592 21721 0.855946
187143.924 18593 21722 0.855952
187146.836 18594 21723 0.855959
187153.401 18595 21724 0.855966
187159.546 18596 21725 0.855972
187161.115 18596 21726 0.855933
187166.308 18597 21727 0.855940
187172.460 18597 21728 0.855900
187182.565 18598 21729 0.855907
187183.979 18599 21730 0.855913
187189.726 18600 21731 0.855920
187191.063 18601 21732 0.855927
187196.257 18602 21733 0.855933
187197.682 18603 21734 0.855940
187202.816 18603 21735 0.855901
187204.673 18604 21736 0.855907
187211.606 18605 21737 0.855914
187215.683 18606 21738 0.855921
187218.299 18607 21739 0.855927
187222.183 18608 21740 0.855934
187224.146 18609 21741 0.855940
187225.442 18609 21742 0.855901
187229.189 18610 21743 0.855908
187230.857 18611 21744 0.855914
187237.479 18611 21745 0.855875
187238.356 18612 21746 0.855882
187245.456 18612 21747 0.855842
187255.642 18613 21748 0.855849
187262.833 18614 21749 0.855855
187269.974 18615 21750 0.855862
187276.520 18616 21751 0.855869
187277.808 18617 21752 0.855875
187283.821 18618 21753 0.855882
187284.798 18619 21754 0.855889
187291.333 18620 21755 0.855895
187291.434 18620 21756 0.855856
187291.487 18621 21757 0.855862
187298.294 18622 21758 0.855869
187298.503 18623 21759 0.855876
187298.993 18624 21760 0.855882
187305.285 18625 21761 0.855889
187305.672 18626 21762 0.855896
187306.207 18627 21763 0.855902
187311.810 18628 21764 0.855909
187312.413 18629 21765 0.855915
187312.807 18629 21766 0.855876
187318.205 18630 21767 0.855883
187319.078 18631 21768 0.855889
187324.657 18632 21769 0.855896
187326.119 18633 21770 0.855903
187331.497 18634 21771 0.855909
187332.802 18635 21772 0.855916
187338.768 18636 21773 0.855922
187339.624 18637 21774 0.855929
187344.796 18638 21775 0.855936
187346.363 18638 21776 0.855896
187351.737 18639 21777 0.855903
187354.050 18640 21778 0.855910
187358.628 18641 21779 0.855916
187361.152 18642 21780 0.855923
187365.200 18643 21781 0.855929
187365.447 18644 21782 0.855936
187368.169 18645 21783 0.855943
187372.104 18645 21784 0.855903
187372.508 18646 21785 0.855910
187374.813 18647 21786 0.855917
187375.435 18648 21787 0.855923
187379.444 18649 21788 0.855930
187381.828 18650 21789 0.855936
187382.550 18651 21790 0.855943
187386.024 18652 21791 0.855950
187388.288 18653 21792 0.855956
187388.849 18654 21793 0.855963
187392.564 18655 21794 0.855970
187394.886 18656 21795 0.855976
187395.866 18657 21796 0.855983
187398.919 18658 21797 0.855989
187401.347 18659 21798 0.855996
187402.823 18660 21799 0.856003
187406.521 18661 21800 0.856009
187408.511 18662 21801 0.856016
187409.772 18663 21802 0.856022
187413.433 18664 21803 0.856029
187415.026 18664 21804 0.855990
187416.594 18665 21805 0.855996
187420.117 18666 21806 0.856003
187423.562 18667 21807 0.856010
187424.470 18668 21808 0.856016
187427.043 18669 21809 0.856023
187430.395 18670 21810 0.856029
187431.931 18671 21811 0.856036
187434.025 18672 21812 0.856043
187437.309 18673 21813 0.856049
187438.918 18674 21814 0.856056
187441.060 18675 21815 0.856062
187444.056 18676 21816 0.856069
187445.686 18677 21817 0.856076
187447.893 18678 21818 0.856082
187450.521 18679 21819 0.856089
187452.492 18680 21820 0.856095
187454.180 18681 21821 0.856102
187457.463 18681 21822 0.856063
187459.255 18682 21823 0.856069
187460.666 18683 21824 0.856076
187465.658 18684 21825 0.856082
187468.165 18685 21826 0.856089
187468.673 18685 21827 0.856050
187472.491 18686 21828 0.856056
187475.127 18687 21829 0.856063
187479.290 18688 21830 0.856070
187481.918 18689 21831 0.856076
187486.290 18690 21832 0.856083
187488.786 18691 21833 0.856089
187492.589 18692 21834 0.856096
187495.202 18693 21835 0.856103
187498.916 18694 21836 0.856109
187501.897 18695 21837 0.856116
187505.788 18696 21838 0.856122
187508.763 18696 21839 0.856083
187509.612 18697 21840 0.856090
187512.141 18698 21841 0.856096
187515.993 18699 21842 0.856103
187519.041 18699 21843 0.856064
187520.632 18699 21844 0.856025
187522.977 18700 21845 0.856031
187530.398 18701 21846 0.856038
187537.435 18702 21847 0.856044
187544.347 18703 21848 0.856051
187550.689 18704 21849 0.856057
187556.964 18705 21850 0.856064
187562.000 18706 21851 0.856071
187563.967 18707 21852 0.856077
187568.564 18708 21853 0.856084
187570.468 18709 21854 0.856090
187572.048 18710 21855 0.856097
187574.985 18711 21856 0.856104
187575.316 18712 21857 0.856110
187577.196 18713 21858 0.856117
187578.444 18714 21859 0.856123
187582.219 18715 21860 0.856130
187582.708 18716 21861 0.856136
187584.054 18717 21862 0.856143
187584.874 18718 21863 0.856150
187589.177 18718 21864 0.856111
187591.180 18718 21865 0.856071
187591.851 18719 21866 0.856078
187595.132 18720 21867 0.856085
187598.801 18720 21868 0.856045
187602.468 18720 21869 0.856006
187641.157 18721 21870 0.856013
187644.881 18722 21871 0.856019
187648.020 18723 21872 0.856026
187650.920 18723 21873 0.855987
187651.672 18724 21874 0.855993
187655.015 18725 21875 0.856000
187655.373 18726 21876 0.856007
187658.550 18727 21877 0.856013
187662.461 18728 21878 0.856020
187662.699 18728 21879 0.855981
187665.161 18729 21880 0.855987
187669.082 18730 21881 0.855994
187671.963 18731 21882 0.856000
187675.965 18732 21883 0.856007
187678.746 18733 21884 0.856014
187682.199 18734 21885 0.856020
187685.052 18735 21886 0.856027
187689.309 18736 21887 0.856033
187692.370 18737 21888 0.856040
187696.240 18738 21889 0.856046
187698.540 18739 21890 0.856053
187702.751 18740 21891 0.856060
187705.154 18741 21892 0.856066
187705.723 18742 21893 0.856073
187709.465 18743 21894 0.856079
187711.663 18744 21895 0.856086
187716.653 18745 21896 0.856092
187717.920 18746 21897 0.856099
187718.340 18746 21898 0.856060
187720.697 18747 21899 0.856066
187723.450 18748 21900 0.856073
187724.409 18749 21901 0.856080
187727.655 18750 21902 0.856086
187730.485 18751 21903 0.856093
187730.975 18752 21904 0.856099
187734.037 18753 21905 0.856106
187737.695 18754 21906 0.856112
187737.787 18755 21907 0.856119
187740.919 18756 21908 0.856126
187744.857 18757 21909 0.856132
187745.044 18758 21910 0.856139
187747.775 18759 21911 0.856145
187752.107 18760 21912 0.856152
187752.185 18760 21913 0.856113
187754.776 18760 21914 0.856074
187758.944 18761 21915 0.856080
187765.586 18762 21916 0.856087
187771.634 18763 21917 0.856093
187772.808 18764 21918 0.856100
187778.709 18765 21919 0.856107
187779.860 18766 21920 0.856113
187785.695 18767 21921 0.856120
187786.990 18767 21922 0.856081
187792.697 18768 21923 0.856087
187794.088 18769 21924 0.856094
187799.574 18770 21925 0.856100
187800.507 18770 21926 0.856061
187803.668 18771 21927 0.856068
187805.970 18772 21928 0.856074
187807.719 18773 21929 0.856081
187810.379 18774 21930 0.856088
187812.584 18775 21931 0.856094
187814.445 18775 21932 0.856055
187817.050 18775 21933 0.856016
187819.158 18775 21934 0.855977
187853.629 18776 21935 0.855984
187860.560 18777 21936 0.855990
187867.270 18778 21937 0.855997
187868.161 18779 21938 0.856003
187869.703 18780 21939 0.856010
187872.091 18781 21940 0.856016
187874.254 18782 21941 0.856023
187874.915 18783 21942 0.856030
187876.520 18784 21943 0.856036
187879.034 18785 21944 0.856043
187881.125 18786 21945 0.856049
187882.549 18787 21946 0.856056
187883.481 18787 21947 0.856017
187885.929 18788 21948 0.856023
187888.098 18789 21949 0.856030
187889.317 18789 21950 0.855991
187893.078 18790 21951 0.855997
187894.519 18791 21952 0.856004
187899.883 18792 21953 0.856011
187904.887 18793 21954 0.856017
187906.753 18794 21955 0.856024
187911.665 18795 21956 0.856030
187913.146 18796 21957 0.856037
187918.803 18797 21958 0.856043
187920.460 18798 21959 0.856050
187925.265 18799 21960 0.856056
187927.308 18800 21961 0.856063
187933.604 18801 21962 0.856070
187935.737 18802 21963 0.856076
187939.878 18803 21964 0.856083
187939.927 18804 21965 0.856089
187941.023 18805 21966 0.856096
187942.660 18806 21967 0.856102
187946.690 18807 21968 0.856109
187946.856 18808 21969 0.856115
187948.993 18809 21970 0.856122
187953.237 18809 21971 0.856083
187953.707 18810 21972 0.856090
187956.084 18811 21973 0.856096
187960.682 18811 21974 0.856057
187962.425 18812 21975 0.856064
187964.128 18812 21976 0.856025
187969.135 18813 21977 0.856031
187970.775 18814 21978 0.856038
187975.855 18815 21979 0.856044
187976.900 18816 21980 0.856051
187982.738 18817 21981 0.856058
187983.708 18818 21982 0.856064
187989.555 18819 21983 0.856071
187990.509 18820 21984 0.856077
187997.126 18821 21985 0.856084
187997.427 18822 21986 0.856090
188004.356 18823 21987 0.856097
188005.399 18824 21988 0.856103
188006.830 18825 21989 0.856110
188011.226 18825 21990 0.856071
188012.278 18826 21991 0.856077
188013.161 18827 21992 0.856084
188013.273 18828 21993 0.856091
188019.295 18829 21994 0.856097
188020.073 18830 21995 0.856104
188020.242 18831 21996 0.856110
188026.145 18832 21997 0.856117
188026.987 18833 21998 0.856123
188027.434 18834 21999 0.856130
188032.450 18835 22000 0.856136
188033.964 18836 22001 0.856143
188034.294 18837 22002 0.856149
188038.760 18838 22003 0.856156
188040.776 18838 22004 0.856117
188041.177 18838 22005 0.856078
188045.764 18839 22006 0.856085
188052.741 18840 22007 0.856091
188059.535 18841 22008 0.856098
188065.227 18842 22009 0.856104
188065.817 18843 22010 0.856111
188072.038 18844 22011 0.856117
188072.731 18844 22012 0.856079
188078.829 18845 22013 0.856085
188085.334 18846 22014 0.856092
188093.662 18847 22015 0.856098
188093.893 18848 22016 0.856105
188094.490 18849 22017 0.856111
188100.484 18850 22018 0.856118
188101.166 18851 22019 0.856124
188101.284 18851 22020 0.856085
188108.091 18852 22021 0.856092
188114.470 18853 22022 0.856098
188117.844 18854 22023 0.856105
188121.584 18855 22024 0.856112
188124.480 18856 22025 0.856118
188125.183 18857 22026 0.856125
188128.708 18858 22027 0.856131
188131.075 18858 22028 0.856092
188132.165 18859 22029 0.856099
188135.160 18860 22030 0.856105
188139.299 18861 22031 0.856112
188142.483 18861 22032 0.856073
188146.644 18861 22033 0.856034
188155.189 18862 22034 0.856041
188162.304 18863 22035 0.856047
188169.491 18864 22036 0.856054
188176.548 18865 22037 0.856060
188183.568 18866 22038 0.856067
188183.770 18867 22039 0.856073
188190.138 18868 22040 0.856080
188190.161 18869 22041 0.856086
188195.631 18870 22042 0.856093
188196.751 18870 22043 0.856054
188197.722 18871 22044 0.856061
188199.440 18872 22045 0.856067
188202.183 18872 22046 0.856028
188204.173 18873 22047 0.856035
188206.104 18874 22048 0.856041
188211.202 18874 22049 0.856003
188212.717 18875 22050 0.856009
188219.531 18876 22051 0.856016
188226.940 18877 22052 0.856022
188234.245 18878 22053 0.856029
188240.917 18879 22054 0.856035
188247.946 18880 22055 0.856042
188248.938 18881 22056 0.856048
188254.835 18881 22057 0.856009
188254.960 18882 22058 0.856016
188256.091 18883 22059 0.856022
188262.141 18883 22060 0.855984
188263.252 18884 22061 0.855990
188264.137 18885 22062 0.855997
188270.291 18886 22063 0.856003
188274.080 18887 22064 0.856010
188276.432 18888 22065 0.856016
188281.182 18889 22066 0.856023
188283.028 18890 22067 0.856029
188288.590 18891 22068 0.856036
188289.268 18892 22069 0.856042
188295.305 18893 22070 0.856049
188295.373 18894 22071 0.856055
188302.178 18895 22072 0.856062
188302.595 18895 22073 0.856023
188307.788 18896 22074 0.856030
188309.009 18897 22075 0.856036
188314.942 18898 22076 0.856043
188315.742 18899 22077 0.856049
188316.639 18900 22078 0.856056
188321.909 18901 22079 0.856062
188321.919 18902 22080 0.856069
188323.662 18902 22081 0.856030
188328.805 18903 22082 0.856037
188329.472 18904 22083 0.856043
188335.917 18905 22084 0.856050
188336.280 18906 22085 0.856056
188342.680 18907 22086 0.856063
188343.166 18908 22087 0.856069
188349.248 18909 22088 0.856076
188350.348 18910 22089 0.856082
188354.893 18911 22090 0.856089
188355.362 18912 22091 0.856095
188356.921 18912 22092 0.856056
188361.607 18912 22093 0.856018
188362.063 18913 22094 0.856024
188369.072 18914 22095 0.856031
188375.770 18915 22096 0.856037
188375.834 18916 22097 0.856044
188382.533 18917 22098 0.856050
188388.043 18917 22099 0.856012
188388.730 18918 22100 0.856018
188395.567 18919 22101 0.856025
188402.332 18920 22102 0.856031
188408.968 18920 22103 0.855992
188410.319 18921 22104 0.855999
188416.740 18922 22105 0.856005
188423.537 18923 22106 0.856012
188424.934 18924 22107 0.856018
188429.874 18925 22108 0.856025
188431.981 18926 22109 0.856031
188437.232 18926 22110 0.855993
188438.586 18927 22111 0.855999
188441.707 18928 22112 0.856006
188445.372 18929 22113 0.856012
188448.191 18930 22114 0.856019
188451.868 18931 22115 0.856025
188455.047 18932 22116 0.856032
188458.334 18933 22117 0.856038
188461.836 18934 22118 0.856045
188462.298 18935 22119 0.856051
188464.966 18936 22120 0.856058
188468.249 18937 22121 0.856064
188469.707 18938 22122 0.856071
188472.835 18939 22123 0.856077
188475.255 18939 22124 0.856039
188476.341 18940 22125 0.856045
188479.794 18940 22126 0.856007
188483.465 18941 22127 0.856013
188490.971 18942 22128 0.856020
188491.400 18943 22129 0.856026
188498.071 18944 22130 0.856033
188498.165 18945 22131 0.856039
188505.697 18945 22132 0.856000
188505.719 18946 22133 0.856007
188513.461 18947 22134 0.856013
188520.653 18948 22135 0.856020
188527.861 18948 22136 0.855981
188528.701 18949 22137 0.855988
188534.048 18949 22138 0.855949
188535.430 18950 22139 0.855956
188541.566 18951 22140 0.855962
188548.366 18952 22141 0.855969
188554.678 18953 22142 0.855975
188558.475 18954 22143 0.855982
188561.650 18955 22144 0.855988
188565.168 18956 22145 0.855995
188568.931 18957 22146 0.856001
188572.514 18958 22147 0.856008
188575.852 18958 22148 0.855969
188579.595 18959 22149 0.855975
188580.135 18960 22150 0.855982
188586.141 18961 22151 0.855988
188587.435 18962 22152 0.855995
188589.225 18963 22153 0.856001
188593.368 18964 22154 0.856008
188594.883 18965 22155 0.856014
188596.503 18965 22156 0.855976
188600.485 18966 22157 0.855982
188601.342 18967 22158 0.855989
188607.143 18968 22159 0.855995
188608.718 18969 22160 0.856002
188613.605 18970 22161 0.856008
188616.030 18971 22162 0.856015
188620.584 18972 22163 0.856021
188623.208 18973 22164 0.856028
188627.749 18974 22165 0.856034
188628.392 18975 22166 0.856041
188630.491 18975 22167 0.856002
188634.460 18976 22168 0.856009
188635.275 18977 22169 0.856015
188641.046 18978 22170 0.856022
188646.386 18978 22171 0.855983
188648.193 18979 22172 0.855990
188650.264 18979 22173 0.855951
188655.423 18980 22174 0.855957
188662.469 18980 22175 0.855919
188685.091 18981 22176 0.855925
188692.129 18982 22177 0.855932
188699.409 18982 22178 0.855893
188699.747 18982 22179 0.855855
188703.855 18983 22180 0.855861
188711.258 18983 22181 0.855823
188716.730 18984 22182 0.855829
188723.976 18985 22183 0.855836
188730.546 18986 22184 0.855842
188737.887 18987 22185 0.855849
188744.363 18988 22186 0.855855
188751.473 18989 22187 0.855862
188751.505 18990 22188 0.855868
188751.975 18991 22189 0.855875
188758.242 18992 22190 0.855881
188758.434 18993 22191 0.855888
188758.683 18994 22192 0.855894
188765.028 18995 22193 0.855901
188765.555 18996 22194 0.855907
188765.826 18997 22195 0.855913
188765.884 18998 22196 0.855920
188771.855 18999 22197 0.855926
188772.153 19000 22198 0.855933
188772.821 19001 22199 0.855939
188772.939 19002 22200 0.855946
188779.333 19003 22201 0.855952
188780.242 19004 22202 0.855959
188780.768 19004 22203 0.855920
188786.930 19005 22204 0.855927
188787.380 19006 22205 0.855933
188794.020 19007 22206 0.855940
188794.241 19008 22207 0.855946
188800.787 19009 22208 0.855953
188801.496 19010 22209 0.855959
188804.474 19011 22210 0.855966
188808.017 19012 22211 0.855972
188808.568 19013 22212 0.855979
188810.699 19014 22213 0.855985
188814.600 19015 22214 0.855992
188815.211 19015 22215 0.855953
188817.309 19015 22216 0.855915
188821.855 19016 22217 0.855921
188829.215 19017 22218 0.855928
188834.331 19018 22219 0.855934
188836.167 19019 22220 0.855941
188841.433 19020 22221 0.855947
188843.486 19021 22222 0.855954
188848.188 19022 22223 0.855960
188850.547 19023 22224 0.855967
188855.015 19024 22225 0.855973
188857.528 19025 22226 0.855979
188862.126 19025 22227 0.855941
188864.086 19026 22228 0.855947
188868.226 19027 22229 0.855954
188869.653 19028 22230 0.855960
188870.621 19029 22231 0.855967
188875.010 19030 22232 0.855973
188876.238 19031 22233 0.855980
188877.763 19032 22234 0.855986
188882.260 19033 22235 0.855993
188883.625 19034 22236 0.855999
188885.246 19035 22237 0.856006
188889.502 19036 22238 0.856012
188890.271 19037 22239 0.856019
188891.821 19038 22240 0.856025
188896.731 19038 22241 0.855987
188896.908 19039 22242 0.855993
188903.699 19040 22243 0.856000
188910.526 19041 22244 0.856006
188913.863 19042 22245 0.856013
188915.575 19043 22246 0.856019
188916.710 19043 22247 0.855981
188921.167 19044 22248 0.855987
188922.768 19045 22249 0.855994
188928.394 19046 22250 0.856000
188929.364 19047 22251 0.856006
188934.840 19048 22252 0.856013
188935.903 19049 22253 0.856019
188942.043 19049 22254 0.855981
188942.477 19050 22255 0.855987
188949.278 19051 22256 0.855994
188949.679 19052 22257 0.856000
188956.180 19053 22258 0.856007
188956.542 19054 22259 0.856013
188962.993 19055 22260 0.856020
188963.205 19056 22261 0.856026
188969.048 19057 22262 0.856033
188969.532 19057 22263 0.855994
188970.347 19058 22264 0.856001
188976.054 19059 22265 0.856007
188977.112 19060 22266 0.856014
188982.876 19061 22267 0.856020
188987.669 19062 22268 0.856027
188992.631 19063 22269 0.856033
188994.864 19063 22270 0.855995
188995.165 19064 22271 0.856001
188999.503 19064 22272 0.855963
189002.612 19065 22273 0.855969
189009.771 19065 22274 0.855931
189022.901 19066 22275 0.855937
189030.141 19067 22276 0.855944
189037.502 19068 22277 0.855950
189044.858 19069 22278 0.855957
189048.649 19069 22279 0.855918
189052.209 19070 22280 0.855925
189054.324 19070 22281 0.855886
189058.877 19070 22282 0.855848
189062.459 19071 22283 0.855854
189070.087 19072 22284 0.855861
189083.867 19073 22285 0.855867
189091.229 19074 22286 0.855874
189098.587 19075 22287 0.855880
189101.626 19075 22288 0.855842
189105.777 19076 22289 0.855848
189109.149 19076 22290 0.855810
189111.455 19077 22291 0.855816
189112.841 19078 22292 0.855823
189118.584 19078 22293 0.855784
189119.595 19079 22294 0.855791
189126.005 19080 22295 0.855797
189132.724 19081 22296 0.855804
189148.739 19082 22297 0.855810
189154.668 19083 22298 0.855817
189155.409 19084 22299 0.855823
189161.886 19085 22300 0.855830
189161.965 19086 22301 0.855836
189162.933 19086 22302 0.855798
189168.459 19087 22303 0.855804
189168.976 19088 22304 0.855811
189171.888 19089 22305 0.855817
189175.140 19090 22306 0.855824
189176.130 19091 22307 0.855830
189178.977 19092 22308 0.855836
189181.657 19092 22309 0.855798
189183.945 19092 22310 0.855760
189186.004 19093 22311 0.855766
189193.663 19094 22312 0.855773
189201.146 19095 22313 0.855779
189208.609 19096 22314 0.855786
189215.186 19097 22315 0.855792
189215.472 19097 22316 0.855754
189221.311 19098 22317 0.855760
189228.389 19099 22318 0.855767
189234.921 19099 22319 0.855728
189235.182 19100 22320 0.855735
189237.610 19101 22321 0.855741
189242.280 19102 22322 0.855748
189243.849 19103 22323 0.855754
189248.997 19104 22324 0.855761
189250.334 19105 22325 0.855767
189256.063 19106 22326 0.855774
189256.539 19106 22327 0.855735
189262.887 19107 22328 0.855742
189268.276 19108 22329 0.855748
189269.885 19108 22330 0.855710
189275.363 19109 22331 0.855716
189283.108 19110 22332 0.855723
189287.705 19111 22333 0.855729
189290.422 19112 22334 0.855736
189294.561 19113 22335 0.855742
189297.735 19114 22336 0.855749
189301.255 19115 22337 0.855755
189305.046 19116 22338 0.855761
189307.874 19116 22339 0.855723
189310.287 19117 22340 0.855730
189312.239 19117 22341 0.855691
189317.254 19118 22342 0.855698
189322.933 19119 22343 0.855704
189324.602 19120 22344 0.855711
189329.516 19120 22345 0.855672
189331.937 19120 22346 0.855634
189361.335 19121 22347 0.855641
189364.560 19122 22348 0.855647
189367.492 19123 22349 0.855653
189371.165 19124 22350 0.855660
189374.219 19125 22351 0.855666
189377.903 19126 22352 0.855673
189380.938 19127 22353 0.855679
189383.659 19128 22354 0.855686
189384.259 19129 22355 0.855692
189384.932 19130 22356 0.855699
189387.687 19131 22357 0.855705
189390.762 19132 22358 0.855712
189391.591 19133 22359 0.855718
189392.239 19134 22360 0.855725
189394.606 19135 22361 0.855731
189398.700 19135 22362 0.855693
189398.811 19136 22363 0.855699
189401.477 19137 22364 0.855706
189405.368 19138 22365 0.855712
189408.619 19139 22366 0.855719
189412.670 19140 22367 0.855725
189413.508 19140 22368 0.855687
189415.670 19141 22369 0.855693
189419.419 19142 22370 0.855700
189422.982 19143 22371 0.855706
189426.674 19144 22372 0.855712
189429.458 19145 22373 0.855719
189433.956 19146 22374 0.855725
189436.467 19147 22375 0.855732
189441.130 19148 22376 0.855738
189443.571 19149 22377 0.855745
189452.254 19150 22378 0.855751
189459.113 19151 22379 0.855758
189459.176 19152 22380 0.855764
189459.616 19152 22381 0.855726
189466.385 19153 22382 0.855732
189466.560 19154 22383 0.855739
189473.105 19155 22384 0.855745
189473.221 19156 22385 0.855752
189479.797 19157 22386 0.855758
189480.347 19157 22387 0.855720
189485.261 19158 22388 0.855726
189486.849 19158 22389 0.855688
189492.231 19159 22390 0.855695
189499.118 19160 22391 0.855701
189505.794 19161 22392 0.855707
189511.515 19162 22393 0.855714
189512.040 19163 22394 0.855720
189518.689 19164 22395 0.855727
189521.961 19165 22396 0.855733
189527.857 19166 22397 0.855740
189528.973 19167 22398 0.855746
189535.067 19168 22399 0.855752
189535.482 19169 22400 0.855759
189541.127 19170 22401 0.855765
189541.501 19171 22402 0.855772
189541.624 19172 22403 0.855778
189542.768 19172 22404 0.855740
189547.828 19172 22405 0.855702
189548.076 19172 22406 0.855664
189548.695 19173 22407 0.855670
189555.966 19174 22408 0.855677
189562.792 19175 22409 0.855683
189582.524 19175 22410 0.855645
189595.874 19175 22411 0.855607
189600.734 19176 22412 0.855613
189601.506 19177 22413 0.855620
189607.451 19178 22414 0.855626
189608.872 19179 22415 0.855632
189614.215 19180 22416 0.855639
189616.109 19181 22417 0.855645
189620.433 19182 22418 0.855652
189623.269 19183 22419 0.855658
189627.222 19184 22420 0.855665
189630.137 19184 22421 0.855626
189633.713 19185 22422 0.855633
189634.750 19186 22423 0.855639
189640.432 19187 22424 0.855646
189642.319 19188 22425 0.855652
189646.948 19189 22426 0.855659
189648.766 19189 22427 0.855620
189649.175 19189 22428 0.855582
189653.074 19189 22429 0.855544
189684.418 19189 22430 0.855506
189702.048 19190 22431 0.855512
189704.949 19191 22432 0.855519
189704.965 19191 22433 0.855481
189709.492 19192 22434 0.855487
189716.387 19193 22435 0.855494
189716.892 19194 22436 0.855500
189723.022 19195 22437 0.855507
189724.130 19196 22438 0.855513
189729.702 19196 22439 0.855475
189731.363 19197 22440 0.855481
189736.445 19198 22441 0.855488
189738.773 19199 22442 0.855494
189744.291 19199 22443 0.855456
189745.517 19200 22444 0.855462
189757.987 19201 22445 0.855469
189765.092 19202 22446 0.855475
189772.227 19203 22447 0.855482
189785.044 19204 22448 0.855488
189790.214 19205 22449 0.855495
189791.275 19206 22450 0.855501
189796.848 19207 22451 0.855508
189797.610 19208 22452 0.855514
189797.933 19208 22453 0.855476
189803.981 19209 22454 0.855482
189804.710 19210 22455 0.855489
189810.842 19211 22456 0.855495
189811.825 19211 22457 0.855457
189818.847 19212 22458 0.855464
189821.755 19213 22459 0.855470
189825.546 19214 22460 0.855476
189828.748 19215 22461 0.855483
189832.793 19216 22462 0.855489
189835.853 19217 22463 0.855496
189839.544 19218 22464 0.855502
189847.269 19219 22465 0.855509
189851.141 19220 22466 0.855515
189853.900 19221 22467 0.855521
189858.516 19222 22468 0.855528
189860.694 19223 22469 0.855534
189864.568 19224 22470 0.855541
189865.750 19225 22471 0.855547
189867.938 19226 22472 0.855554
189870.911 19227 22473 0.855560
189872.927 19228 22474 0.855566
189875.099 19229 22475 0.855573
189877.406 19230 22476 0.855579
189879.994 19231 22477 0.855586
189880.548 19232 22478 0.855592
189881.877 19233 22479 0.855599
189883.738 19234 22480 0.855605
189887.134 19235 22481 0.855611
189887.186 19236 22482 0.855618
189888.602 19237 22483 0.855624
189890.225 19238 22484 0.855631
189893.628 19239 22485 0.855637
189893.806 19239 22486 0.855599
189895.202 19240 22487 0.855605
189897.235 19240 22488 0.855567
189900.237 19241 22489 0.855574
189901.850 19242 22490 0.855580
189906.826 19243 22491 0.855587
189909.455 19244 22492 0.855593
189913.722 19245 22493 0.855600
189916.597 19246 22494 0.855606
189920.723 19247 22495 0.855612
189924.162 19248 22496 0.855619
189928.479 19249 22497 0.855625
189935.902 19250 22498 0.855632
189942.944 19251 22499 0.855638
189948.044 19252 22500 0.855644
189949.821 19253 22501 0.855651
189950.786 19254 22502 0.855657
189950.854 19255 22503 0.855664
189955.202 19256 22504 0.855670
189956.423 19257 22505 0.855677
189958.484 19257 22506 0.855638
189960.034 19258 22507 0.855645
189963.279 19259 22508 0.855651
189963.705 19260 22509 0.855658
189966.848 19260 22510 0.855620
189970.475 19260 22511 0.855582
189970.748 19261 22512 0.855588
189978.061 19262 22513 0.855595
189985.111 19263 22514 0.855601
189992.222 19264 22515 0.855607
189999.484 19265 22516 0.855614
190006.587 19265 22517 0.855576
190011.084 19266 22518 0.855582
190018.396 19267 22519 0.855589
190020.268 19268 22520 0.855595
190022.578 19269 22521 0.855601
190025.443 19270 22522 0.855608
190027.104 19271 22523 0.855614
190029.680 19272 22524 0.855621
190032.341 19273 22525 0.855627
190033.691 19273 22526 0.855589
190036.900 19274 22527 0.855596
190038.962 19275 22528 0.855602
190043.702 19276 22529 0.855608
190046.230 19276 22530 0.855570
190050.744 19277 22531 0.855577
190057.873 19278 22532 0.855583
190058.493 19279 22533 0.855590
190064.930 19280 22534 0.855596
190064.956 19281 22535 0.855602
190071.515 19282 22536 0.855609
190072.061 19283 22537 0.855615
190078.149 19284 22538 0.855622
190079.184 19284 22539 0.855584
190086.179 19285 22540 0.855590
190089.420 19286 22541 0.855596
190093.831 19287 22542 0.855603
190096.179 19288 22543 0.855609
190100.486 19289 22544 0.855616
190101.247 19290 22545 0.855622
190102.687 19291 22546 0.855628
190108.371 19292 22547 0.855635
190108.494 19293 22548 0.855641
190108.911 19294 22549 0.855648
190115.182 19295 22550 0.855654
190115.379 19296 22551 0.855661
190115.797 19297 22552 0.855667
190121.605 19298 22553 0.855673
190122.535 19299 22554 0.855680
190122.969 19300 22555 0.855686
190128.844 19301 22556 0.855692
190130.260 19302 22557 0.855699
190130.291 19303 22558 0.855705
190131.724 19304 22559 0.855712
190135.628 19304 22560 0.855674
190137.345 19304 22561 0.855636
190138.975 19305 22562 0.855642
190145.523 19306 22563 0.855649
190152.970 19307 22564 0.855655
190160.342 19308 22565 0.855661
190166.993 19309 22566 0.855668
190173.618 19310 22567 0.855674
190179.444 19311 22568 0.855681
190180.049 19312 22569 0.855687
190186.646 19313 22570 0.855693
190187.148 19314 22571 0.855700
190188.427 19314 22572 0.855662
190190.091 19315 22573 0.855668
190193.681 19316 22574 0.855675
190197.757 19317 22575 0.855681
190200.775 19318 22576 0.855687
190205.187 19318 22577 0.855650
190207.811 19319 22578 0.855656
190214.325 19320 22579 0.855662
190219.342 19321 22580 0.855669
190221.610 19322 22581 0.855675
190226.569 19322 22582 0.855637
190228.698 19323 22583 0.855644
190235.124 19323 22584 0.855606
190241.728 19324 22585 0.855612
190248.173 19325 22586 0.855619
190255.134 19326 22587 0.855625
190257.785 19326 22588 0.855587
190262.512 19327 22589 0.855593
190269.299 19328 22590 0.855600
190276.265 19329 22591 0.855606
190278.310 19329 22592 0.855568
190283.375 19329 22593 0.855530
190288.520 19330 22594 0.855537
190295.778 19331 22595 0.855543
190302.470 19332 22596 0.855550
190309.537 19332 22597 0.855512
190311.619 19333 22598 0.855518
190318.628 19333 22599 0.855480
190331.054 19334 22600 0.855487
190337.023 19335 22601 0.855493
190338.611 19336 22602 0.855500
190343.355 19337 22603 0.855506
190346.130 19338 22604 0.855512
190350.241 19339 22605 0.855519
190353.405 19339 22606 0.855481
190356.692 19340 22607 0.855487
190363.319 19341 22608 0.855494
190364.076 19341 22609 0.855456
190370.112 19342 22610 0.855462
190372.175 19343 22611 0.855469
190377.242 19343 22612 0.855431
190378.836 19344 22613 0.855437
190406.681 19345 22614 0.855444
190414.146 19346 22615 0.855450
190415.953 19347 22616 0.855456
190416.517 19348 22617 0.855463
190420.912 19349 22618 0.855469
190423.144 19350 22619 0.855475
190423.278 19351 22620 0.855482
190427.605 19352 22621 0.855488
190429.431 19353 22622 0.855495
190429.643 19354 22623 0.855501
190430.566 19355 22624 0.855507
190434.858 19356 22625 0.855514
190435.890 19357 22626 0.855520
190436.542 19358 22627 0.855527
190437.179 19359 22628 0.855533
190442.767 19360 22629 0.855539
190444.177 19361 22630 0.855546
190444.941 19362 22631 0.855552
190446.866 19363 22632 0.855559
190449.031 19364 22633 0.855565
190451.232 19365 22634 0.855571
190452.403 19365 22635 0.855533
190454.059 19366 22636 0.855540
190455.467 19367 22637 0.855546
190460.584 19368 22638 0.855553
190462.352 19369 22639 0.855559
190467.840 19370 22640 0.855565
190467.979 19371 22641 0.855572
190468.623 19372 22642 0.855578
190474.580 19372 22643 0.855540
190475.143 19373 22644 0.855547
190475.538 19373 22645 0.855509
190482.105 19374 22646 0.855515
190489.600 19375 22647 0.855522
190496.731 19376 22648 0.855528
190503.984 19377 22649 0.855534
190505.350 19378 22650 0.855541
190511.180 19379 22651 0.855547
190511.999 19380 22652 0.855554
190517.779 19381 22653 0.855560
190519.034 19382 22654 0.855566
190524.490 19383 22655 0.855573
190526.650 19384 22656 0.855579
190528.324 19384 22657 0.855541
190528.611 19385 22658 0.855548
190531.146 19386 22659 0.855554
190533.405 19386 22660 0.855516
190535.106 19387 22661 0.855523
190538.101 19388 22662 0.855529
190542.453 19389 22663 0.855535
190545.215 19389 22664 0.855498
190549.177 19390 22665 0.855504
190556.180 19391 22666 0.855510
190562.654 19392 22667 0.855517
190569.598 19393 22668 0.855523
190576.953 19394 22669 0.855530
190581.278 19395 22670 0.855536
190583.491 19396 22671 0.855542
190586.901 19397 22672 0.855549
190587.889 19398 22673 0.855555
190590.909 19398 22674 0.855517
190594.103 19399 22675 0.855524
190594.274 19400 22676 0.855530
190597.751 19401 22677 0.855536
190600.987 19402 22678 0.855543
190604.610 19403 22679 0.855549
190607.834 19404 22680 0.855556
190611.309 19405 22681 0.855562
190616.051 19406 22682 0.855568
190618.656 19407 22683 0.855575
190622.449 19408 22684 0.855581
190624.391 19409 22685 0.855587
190625.545 19409 22686 0.855550
190628.602 19410 22687 0.855556
190631.930 19410 22688 0.855518
190635.445 19411 22689 0.855525
190641.784 19412 22690 0.855531
190643.617 19413 22691 0.855537
190648.482 19414 22692 0.855544
190650.816 19415 22693 0.855550
190657.442 19416 22694 0.855557
190658.693 19417 22695 0.855563
190664.664 19417 22696 0.855525
190665.438 19418 22697 0.855532
190671.755 19419 22698 0.855538
190678.815 19420 22699 0.855544
190678.956 19421 22700 0.855551
190685.157 19422 22701 0.855557
190685.916 19423 22702 0.855563
190691.939 19424 22703 0.855570
190692.658 19424 22704 0.855532
190699.242 19425 22705 0.855538
190706.471 19426 22706 0.855545
190708.528 19427 22707 0.855551
190713.217 19428 22708 0.855558
190715.593 19429 22709 0.855564
190717.225 19429 22710 0.855526
190720.527 19430 22711 0.855533
190728.059 19431 22712 0.855539
190728.187 19432 22713 0.855545
190734.724 19432 22714 0.855508
190734.971 19433 22715 0.855514
190742.071 19434 22716 0.855520
190745.752 19435 22717 0.855527
190749.661 19436 22718 0.855533
190752.222 19437 22719 0.855539
190756.869 19438 22720 0.855546
190759.923 19439 22721 0.855552
190764.200 19440 22722 0.855558
190766.398 19441 22723 0.855565
190770.868 19442 22724 0.855571
190771.229 19443 22725 0.855578
190773.255 19444 22726 0.855584
190778.336 19445 22727 0.855590
190780.552 19446 22728 0.855597
190785.302 19447 22729 0.855603
190787.140 19448 22730 0.855609
190787.401 19449 22731 0.855616
190791.893 19450 22732 0.855622
190794.732 19451 22733 0.855628
190797.598 19452 22734 0.855635
190799.046 19453 22735 0.855641
190801.839 19454 22736 0.855647
190803.270 19455 22737 0.855654
190804.584 19456 22738 0.855660
190805.781 19457 22739 0.855666
190808.918 19458 22740 0.855673
190811.842 19459 22741 0.855679
190812.694 19459 22742 0.855642
190816.206 19460 22743 0.855648
190818.975 19461 22744 0.855654
190823.489 19462 22745 0.855661
190826.262 19463 22746 0.855667
190828.615 19464 22747 0.855673
190830.639 19465 22748 0.855680
190833.596 19466 22749 0.855686
190834.910 19467 22750 0.855692
190837.857 19468 22751 0.855699
190841.062 19469 22752 0.855705
190841.175 19469 22753 0.855667
190845.063 19470 22754 0.855674
190847.852 19471 22755 0.855680
190851.778 19471 22756 0.855642
190866.965 19472 22757 0.855649
190868.484 19473 22758 0.855655
190874.352 19474 22759 0.855661
190875.185 19475 22760 0.855668
190881.507 19476 22761 0.855674
190881.835 19477 22762 0.855681
190888.461 19478 22763 0.855687
190889.303 19479 22764 0.855693
190894.986 19480 22765 0.855700
190895.786 19481 22766 0.855706
190896.077 19482 22767 0.855712
190901.792 19483 22768 0.855719
190902.371 19484 22769 0.855725
190902.672 19485 22770 0.855731
190904.727 19486 22771 0.855738
190908.599 19486 22772 0.855700
190908.937 19487 22773 0.855706
190909.361 19488 22774 0.855713
190912.576 19489 22775 0.855719
190916.180 19490 22776 0.855725
190919.863 19491 22777 0.855732
190923.469 19492 22778 0.855738
190926.663 19493 22779 0.855744
190931.176 19494 22780 0.855751
190932.978 19494 22781 0.855713
190934.262 19495 22782 0.855719
190937.769 19496 22783 0.855726
190941.480 19497 22784 0.855732
190944.834 19498 22785 0.855738
190948.818 19499 22786 0.855745
190951.373 19500 22787 0.855751
190955.537 19500 22788 0.855714
190958.411 19501 22789 0.855720
190961.741 19502 22790 0.855726
190965.021 19503 22791 0.855733
190968.938 19504 22792 0.855739
190972.263 19505 22793 0.855745
190975.243 19506 22794 0.855752
190978.822 19507 22795 0.855758
190983.145 19508 22796 0.855764
190985.761 19509 22797 0.855770
190986.135 19510 22798 0.855777
190989.824 19511 22799 0.855783
190992.835 19512 22800 0.855789
190993.088 19513 22801 0.855796
190996.142 19514 22802 0.855802
190999.791 19515 22803 0.855808
191000.324 19516 22804 0.855815
191002.921 19517 22805 0.855821
191006.652 19518 22806 0.855827
191007.617 19519 22807 0.855834
191007.942 19519 22808 0.855796
191009.360 19520 22809 0.855803
191013.899 19521 22810 0.855809
191014.749 19521 22811 0.855771
191015.578 19522 22812 0.855778
191021.303 19523 22813 0.855784
191021.992 19524 22814 0.855790
191028.582 19524 22815 0.855753
191028.798 19525 22816 0.855759
191035.641 19525 22817 0.855722
191060.528 19526 22818 0.855728
191067.365 19527 22819 0.855734
191067.373 19528 22820 0.855741
191073.813 19529 22821 0.855747
191074.737 19530 22822 0.855753
191080.649 19531 22823 0.855760
191081.717 19531 22824 0.855722
191082.012 19531 22825 0.855685
191087.810 19532 22826 0.855691
191088.298 19533 22827 0.855697
191094.721 19534 22828 0.855704
191095.164 19535 22829 0.855710
191101.390 19536 22830 0.855716
191101.956 19537 22831 0.855722
191108.293 19538 22832 0.855729
191122.631 19539 22833 0.855735
191125.443 19540 22834 0.855741
191129.885 19540 22835 0.855704
191132.164 19541 22836 0.855710
191134.681 19542 22837 0.855717
191135.083 19543 22838 0.855723
191139.207 19544 22839 0.855729
191141.379 19545 22840 0.855736
191142.536 19546 22841 0.855742
191146.880 19547 22842 0.855748
191148.638 19548 22843 0.855754
191150.396 19549 22844 0.855761
191154.107 19550 22845 0.855767
191155.918 19550 22846 0.855730
191157.567 19551 22847 0.855736
191161.330 19552 22848 0.855742
191162.640 19553 22849 0.855749
191165.110 19554 22850 0.855755
191168.645 19555 22851 0.855761
191169.962 19556 22852 0.855768
191172.231 19557 22853 0.855774
191175.638 19558 22854 0.855780
191176.652 19559 22855 0.855786
191179.307 19560 22856 0.855793
191182.816 19561 22857 0.855799
191183.227 19562 22858 0.855805
191183.720 19563 22859 0.855812
191186.542 19563 22860 0.855774
191190.383 19564 22861 0.855781
191190.540 19565 22862 0.855787
191190.779 19566 22863 0.855793
191197.425 19567 22864 0.855800
191197.459 19568 22865 0.855806
191197.859 19569 22866 0.855812
191204.376 19569 22867 0.855775
191205.009 19570 22868 0.855781
191205.063 19571 22869 0.855787
191212.242 19571 22870 0.855750
191215.414 19572 22871 0.855756
191222.668 19573 22872 0.855763
191229.665 19574 22873 0.855769
191239.966 19575 22874 0.855775
191247.121 19576 22875 0.855781
191254.571 19577 22876 0.855788
191256.417 19578 22877 0.855794
191258.206 19579 22878 0.855800
191261.623 19580 22879 0.855807
191263.004 19581 22880 0.855813
191264.643 19582 22881 0.855819
191265.570 19583 22882 0.855826
191268.910 19584 22883 0.855832
191270.019 19585 22884 0.855838
191271.568 19585 22885 0.855801
191272.671 19586 22886 0.855807
191276.250 19587 22887 0.855813
191277.059 19588 22888 0.855820
191279.789 19588 22889 0.855782
191283.207 19589 22890 0.855789
191283.760 19590 22891 0.855795
191290.535 19591 22892 0.855801
191297.975 19592 22893 0.855807
191305.183 19593 22894 0.855814
191306.018 19594 22895 0.855820
191312.432 19595 22896 0.855826
191313.207 19595 22897 0.855789
191319.646 19596 22898 0.855795
191324.693 19597 22899 0.855802
191326.402 19598 22900 0.855808
191331.872 19599 22901 0.855814
191333.254 19600 22902 0.855820
191338.927 19601 22903 0.855827
191339.766 19602 22904 0.855833
191346.316 19602 22905 0.855796
191346.710 19602 22906 0.855758
191366.342 19602 22907 0.855721
191370.405 19603 22908 0.855727
191377.714 19604 22909 0.855734
191384.426 19605 22910 0.855740
191391.677 19606 22911 0.855746
191398.465 19607 22912 0.855752
191399.544 19608 22913 0.855759
191399.620 19609 22914 0.855765
191405.705 19610 22915 0.855771
191406.965 19611 22916 0.855778
191412.483 19612 22917 0.855784
191412.951 19613 22918 0.855790
191414.347 19613 22919 0.855753
191419.101 19614 22920 0.855759
191419.175 19615 22921 0.855765
191420.498 19616 22922 0.855772
191421.491 19617 22923 0.855778
191425.852 19618 22924 0.855784
191426.009 19619 22925 0.855791
191428.352 19620 22926 0.855797
191432.657 19620 22927 0.855760
191433.355 19621 22928 0.855766
191435.137 19622 22929 0.855772
191441.234 19622 22930 0.855735
191441.966 19623 22931 0.855741
191449.264 19624 22932 0.855747
191449.905 19625 22933 0.855754
191456.521 19625 22934 0.855716
191457.254 19626 22935 0.855723
191464.714 19627 22936 0.855729
191471.369 19628 22937 0.855735
191478.100 19629 22938 0.855742
191485.176 19630 22939 0.855748
191485.664 19631 22940 0.855754
191492.270 19632 22941 0.855760
191492.859 19633 22942 0.855767
191495.638 19634 22943 0.855773
191499.548 19635 22944 0.855779
191499.664 19636 22945 0.855786
191502.648 19637 22946 0.855792
191506.019 19638 22947 0.855798
191507.025 19639 22948 0.855804
191509.658 19640 22949 0.855811
191509.986 19640 22950 0.855773
191512.311 19640 22951 0.855736
191514.350 19641 22952 0.855742
191516.925 19641 22953 0.855705
191522.205 19642 22954 0.855711
191529.966 19643 22955 0.855718
191536.990 19643 22956 0.855680
191562.986 19644 22957 0.855687
191565.467 19645 22958 0.855693
191569.671 19646 22959 0.855699
191571.317 19647 22960 0.855706
191572.331 19648 22961 0.855712
191576.381 19649 22962 0.855718
191579.000 19650 22963 0.855724
191579.245 19651 22964 0.855731
191583.300 19652 22965 0.855737
191585.717 19653 22966 0.855743
191586.179 19654 22967 0.855750
191589.982 19654 22968 0.855712
191590.159 19655 22969 0.855719
191592.247 19656 22970 0.855725
191592.998 19657 22971 0.855731
191597.459 19658 22972 0.855737
191599.310 19658 22973 0.855700
191600.245 19659 22974 0.855706
191604.078 19660 22975 0.855713
191607.099 19661 22976 0.855719
191610.832 19662 22977 0.855725
191614.623 19663 22978 0.855732
191617.857 19664 22979 0.855738
191622.041 19665 22980 0.855744
191625.662 19666 22981 0.855750
191629.599 19667 22982 0.855757
191633.030 19668 22983 0.855763
191636.982 19669 22984 0.855769
191640.391 19670 22985 0.855776
191644.227 19671 22986 0.855782
191647.812 19672 22987 0.855788
191649.068 19673 22988 0.855794
191651.444 19673 22989 0.855757
191652.079 19674 22990 0.855763
191655.159 19675 22991 0.855770
191656.362 19676 22992 0.855776
191662.625 19677 22993 0.855782
191663.530 19678 22994 0.855788
191666.510 19679 22995 0.855795
191669.297 19680 22996 0.855801
191673.981 19681 22997 0.855807
191676.670 19682 22998 0.855814
191678.336 19683 22999 0.855820
191681.319 19684 23000 0.855826
191683.748 19684 23001 0.855789
191685.907 19685 23002 0.855795
191690.770 19686 23003 0.855801
191692.921 19687 23004 0.855808
191697.339 19688 23005 0.855814
191699.507 19689 23006 0.855820
191703.868 19690 23007 0.855826
191704.063 19691 23008 0.855833
191710.431 19692 23009 0.855839
191710.662 19693 23010 0.855845
191717.206 19693 23011 0.855808
191718.281 19694 23012 0.855814
191718.881 19695 23013 0.855821
191725.029 19696 23014 0.855827
191725.777 19697 23015 0.855833
191731.598 19698 23016 0.855839
191732.350 19699 23017 0.855846
191737.600 19700 23018 0.855852
191738.139 19701 23019 0.855858
191739.517 19702 23020 0.855864
191744.808 19703 23021 0.855871
191745.033 19704 23022 0.855877
191746.556 19705 23023 0.855883
191751.991 19706 23024 0.855890
191752.123 19707 23025 0.855896
191753.537 19708 23026 0.855902
191759.044 19709 23027 0.855908
191759.272 19710 23028 0.855915
191760.386 19711 23029 0.855921
191765.884 19712 23030 0.855927
191765.988 19713 23031 0.855933
191767.151 19714 23032 0.855940
191769.642 19715 23033 0.855946
191772.604 19716 23034 0.855952
191773.044 19717 23035 0.855958
191774.555 19718 23036 0.855965
191776.884 19719 23037 0.855971
191779.402 19720 23038 0.855977
191779.997 19721 23039 0.855983
191781.707 19722 23040 0.855990
191784.391 19723 23041 0.855996
191786.359 19724 23042 0.856002
191788.397 19725 23043 0.856008
191791.274 19726 23044 0.856015
191793.134 19727 23045 0.856021
191793.303 19728 23046 0.856027
191795.176 19729 23047 0.856033
191798.484 19730 23048 0.856040
191800.080 19731 23049 0.856046
191800.485 19732 23050 0.856052
191802.001 19732 23051 0.856015
191805.585 19732 23052 0.855978
191807.000 19733 23053 0.855984
191807.554 19734 23054 0.855990
191813.418 19735 23055 0.855997
191815.135 19736 23056 0.856003
191820.264 19737 23057 0.856009
191822.350 19738 23058 0.856015
191827.136 19739 23059 0.856022
191829.830 19740 23060 0.856028
191833.438 19740 23061 0.855991
191837.202 19741 23062 0.855997
191844.564 19742 23063 0.856003
191851.485 19743 23064 0.856009
191854.475 19744 23065 0.856016
191859.142 19744 23066 0.855978
191859.344 19745 23067 0.855985
191861.095 19746 23068 0.855991
191866.440 19747 23069 0.855997
191867.996 19748 23070 0.856003
191873.634 19749 23071 0.856010
191875.178 19750 23072 0.856016
191880.870 19750 23073 0.855979
191882.356 19751 23074 0.855985
191885.796 19752 23075 0.855991
191889.870 19753 23076 0.855998
191892.234 19754 23077 0.856004
191896.714 19755 23078 0.856010
191899.259 19756 23079 0.856016
191903.178 19757 23080 0.856023
191905.725 19758 23081 0.856029
191909.560 19758 23082 0.855992
191911.963 19759 23083 0.855998
191912.599 19760 23084 0.856004
191919.368 19761 23085 0.856010
191920.796 19762 23086 0.856017
191926.383 19763 23087 0.856023
191927.840 19764 23088 0.856029
191933.234 19765 23089 0.856035
191934.153 19765 23090 0.855998
191935.029 19766 23091 0.856005
191940.194 19767 23092 0.856011
191942.190 19768 23093 0.856017
191946.964 19769 23094 0.856023
191949.548 19770 23095 0.856029
191953.885 19771 23096 0.856036
191956.596 19772 23097 0.856042
191960.811 19772 23098 0.856005
191961.602 19773 23099 0.856011
191964.870 19774 23100 0.856017
191968.865 19775 23101 0.856024
191972.979 19776 23102 0.856030
191976.103 19777 23103 0.856036
191981.066 19778 23104 0.856042
191982.721 19779 23105 0.856048
191986.762 19780 23106 0.856055
191988.667 19781 23107 0.856061
191989.300 19782 23108 0.856067
191993.664 19783 23109 0.856073
191995.887 19784 23110 0.856080
191996.502 19785 23111 0.856086
192000.792 19786 23112 0.856092
192003.317 19787 23113 0.856098
192003.941 19788 23114 0.856105
192008.146 19789 23115 0.856111
192010.111 19790 23116 0.856117
192010.549 19791 23117 0.856123
192013.285 19792 23118 0.856129
192015.055 19792 23119 0.856092
192017.380 19793 23120 0.856099
192017.428 19794 23121 0.856105
192020.190 19795 23122 0.856111
192024.350 19796 23123 0.856117
192024.550 19797 23124 0.856124
192027.130 19798 23125 0.856130
192031.594 19799 23126 0.856136
192031.944 19800 23127 0.856142
192033.979 19801 23128 0.856148
192039.003 19802 23129 0.856155
192039.238 19803 23130 0.856161
192040.197 19804 23131 0.856167
192046.299 19805 23132 0.856173
192046.524 19806 23133 0.856179
192046.631 19807 23134 0.856186
192052.875 19808 23135 0.856192
192053.395 19809 23136 0.856198
192053.615 19810 23137 0.856204
192059.901 19811 23138 0.856211
192060.891 19812 23139 0.856217
192060.916 19813 23140 0.856223
192067.124 19813 23141 0.856186
192067.182 19814 23142 0.856192
192067.360 19815 23143 0.856198
192068.306 19816 23144 0.856205
192073.759 19817 23145 0.856211
192074.375 19818 23146 0.856217
192075.420 19819 23147 0.856223
192081.223 19819 23148 0.856186
192081.584 19820 23149 0.856192
192082.231 19821 23150 0.856199
192088.414 19822 23151 0.856205
192089.543 19823 23152 0.856211
192095.796 19824 23153 0.856217
192096.716 19825 23154 0.856224
192102.392 19825 23155 0.856187
192103.816 19825 23156 0.856150
192120.550 19826 23157 0.856156
192127.615 19827 23158 0.856162
192133.946 19828 23159 0.856168
192134.738 19829 23160 0.856174
192140.900 19830 23161 0.856181
192142.074 19831 23162 0.856187
192147.262 19832 23163 0.856193
192149.430 19833 23164 0.856199
192153.561 19834 23165 0.856205
192156.144 19835 23166 0.856212
192156.385 19836 23167 0.856218
192156.714 19837 23168 0.856224
192160.196 19838 23169 0.856230
192163.344 19839 23170 0.856237
192163.814 19840 23171 0.856243
192163.953 19841 23172 0.856249
192166.586 19842 23173 0.856255
192170.245 19843 23174 0.856261
192170.716 19843 23175 0.856224
192171.464 19844 23176 0.856231
192173.095 19844 23177 0.856194
192178.290 19845 23178 0.856200
192178.759 19846 23179 0.856206
192185.056 19847 23180 0.856212
192185.347 19848 23181 0.856218
192192.006 19849 23182 0.856225
192192.567 19850 23183 0.856231
192199.258 19850 23184 0.856194
192222.340 19851 23185 0.856200
192224.703 19852 23186 0.856206
192227.022 19853 23187 0.856213
192229.065 19853 23188 0.856176
192231.275 19854 23189 0.856182
192233.695 19855 23190 0.856188
192238.087 19856 23191 0.856194
192240.379 19856 23192 0.856157
192252.523 19857 23193 0.856163
192259.289 19858 23194 0.856170
192265.960 19859 23195 0.856176
192272.682 19859 23196 0.856139
192276.125 19860 23197 0.856145
192282.418 19861 23198 0.856151
192282.554 19862 23199 0.856158
192289.500 19863 23200 0.856164
192289.786 19863 23201 0.856127
192294.823 19863 23202 0.856090
192296.140 19864 23203 0.856096
192302.455 19865 23204 0.856102
192309.440 19866 23205 0.856109
192316.342 19867 23206 0.856115
192322.673 19868 23207 0.856121
192324.855 19869 23208 0.856127
192329.407 19870 23209 0.856133
192331.875 19871 23210 0.856140
192336.165 19872 23211 0.856146
192339.306 19873 23212 0.856152
192342.969 19874 23213 0.856158
192344.785 19875 23214 0.856164
192346.505 19875 23215 0.856128
192347.451 19876 23216 0.856134
192349.882 19877 23217 0.856140
192351.884 19878 23218 0.856146
192354.298 19879 23219 0.856152
192356.983 19880 23220 0.856158
192359.074 19881 23221 0.856165
192361.098 19882 23222 0.856171
192363.630 19883 23223 0.856177
192366.347 19883 23224 0.856140
192367.801 19884 23225 0.856146
192370.877 19885 23226 0.856153
192374.629 19886 23227 0.856159
192377.929 19886 23228 0.856122
192381.420 19887 23229 0.856128
192388.817 19888 23230 0.856134
192396.320 19889 23231 0.856141
192399.600 19889 23232 0.856104
192403.685 19889 23233 0.856067
192419.789 19889 23234 0.856030
192430.275 19890 23235 0.856036
192436.882 19891 23236 0.856042
192443.968 19892 23237 0.856049
192450.471 19893 23238 0.856055
192452.918 19894 23239 0.856061
192456.970 19895 23240 0.856067
192457.809 19896 23241 0.856073
192459.839 19897 23242 0.856080
192464.742 19898 23243 0.856086
192466.370 19899 23244 0.856092
192467.280 19900 23245 0.856098
192471.489 19901 23246 0.856104
192472.674 19902 23247 0.856110
192472.888 19903 23248 0.856117
192475.279 19904 23249 0.856123
192478.716 19905 23250 0.856129
192480.827 19906 23251 0.856135
192482.002 19907 23252 0.856141
192485.507 19908 23253 0.856148
192487.927 19909 23254 0.856154
192492.136 19909 23255 0.856117
192492.724 19910 23256 0.856123
192499.401 19911 23257 0.856129
192502.214 19912 23258 0.856136
192504.533 19913 23259 0.856142
192506.624 19914 23260 0.856148
192509.186 19915 23261 0.856154
192511.529 19916 23262 0.856160
192513.272 19917 23263 0.856166
192515.817 19918 23264 0.856173
192518.291 19919 23265 0.856179
192520.501 19920 23266 0.856185
192523.508 19921 23267 0.856191
192524.694 19922 23268 0.856197
192527.759 19923 23269 0.856204
192530.256 19924 23270 0.856210
192531.593 19925 23271 0.856216
192534.989 19926 23272 0.856222
192537.700 19927 23273 0.856228
192538.057 19928 23274 0.856234
192541.681 19929 23275 0.856241
192544.506 19929 23276 0.856204
192544.735 19929 23277 0.856167
192545.227 19930 23278 0.856173
192548.919 19931 23279 0.856179
192552.820 19932 23280 0.856186
192555.666 19933 23281 0.856192
192560.448 19934 23282 0.856198
192563.035 19934 23283 0.856161
192568.223 19934 23284 0.856124
192597.934 19935 23285 0.856131
192598.968 19936 23286 0.856137
192604.498 19937 23287 0.856143
192606.520 19938 23288 0.856149
192611.565 19939 23289 0.856155
192613.146 19940 23290 0.856161
192616.144 19941 23291 0.856168
192618.203 19942 23292 0.856174
192620.153 19943 23293 0.856180
192621.289 19944 23294 0.856186
192623.388 19945 23295 0.856192
192625.034 19946 23296 0.856198
192626.914 19946 23297 0.856162
192628.664 19947 23298 0.856168
192630.118 19948 23299 0.856174
192631.892 19949 23300 0.856180
192636.181 19950 23301 0.856186
192636.871 19951 23302 0.856193
192638.722 19952 23303 0.856199
192643.424 19953 23304 0.856205
192643.618 19954 23305 0.856211
192645.990 19955 23306 0.856217
192650.790 19956 23307 0.856223
192650.897 19957 23308 0.856230
192653.014 19958 23309 0.856236
192657.493 19959 23310 0.856242
192657.559 19959 23311 0.856205
192660.013 19960 23312 0.856211
192664.610 19961 23313 0.856218
192666.919 19962 23314 0.856224
192671.595 19963 23315 0.856230
192674.062 19963 23316 0.856193
192678.225 19964 23317 0.856199
192679.365 19964 23318 0.856163
192684.965 19965 23319 0.856169
192692.866 19966 23320 0.856175
192700.290 19967 23321 0.856181
192707.957 19968 23322 0.856187
192710.724 19969 23323 0.856193
192715.251 19970 23324 0.856200
192718.067 19971 23325 0.856206
192722.626 19972 23326 0.856212
192726.979 19972 23327 0.856175
192727.694 19973 23328 0.856181
192729.872 19974 23329 0.856188
192731.820 19975 23330 0.856194
192734.132 19976 23331 0.856200
192734.963 19977 23332 0.856206
192737.165 19978 23333 0.856212
192739.131 19979 23334 0.856218
192740.976 19980 23335 0.856225
192742.344 19981 23336 0.856231
192743.969 19982 23337 0.856237
192745.786 19983 23338 0.856243
192749.066 19984 23339 0.856249
192751.029 19985 23340 0.856255
192753.243 19986 23341 0.856262
192755.722 19987 23342 0.856268
192757.924 19987 23343 0.856231
192758.293 19988 23344 0.856237
192760.307 19989 23345 0.856243
192762.828 19990 23346 0.856249
192765.387 19991 23347 0.856256
192767.944 19992 23348 0.856262
192769.705 19993 23349 0.856268
192772.182 19993 23350 0.856231
192774.543 19994 23351 0.856237
192776.480 19995 23352 0.856244
192781.715 19996 23353 0.856250
192783.728 19997 23354 0.856256
192788.655 19998 23355 0.856262
192791.040 19999 23356 0.856268
192795.894 20000 23357 0.856274
192798.494 20001 23358 0.856281
192802.679 20001 23359 0.856244
192810.627 20002 23360 0.856250
192811.103 20002 23361 0.856213
192817.127 20003 23362 0.856220
192824.567 20004 23363 0.856226
192825.259 20005 23364 0.856232
192830.989 20005 23365 0.856195
192832.664 20006 23366 0.856201
192839.797 20007 23367 0.856207
192846.680 20007 23368 0.856171
192855.495 20008 23369 0.856177
192862.880 20008 23370 0.856140
192863.538 20008 23371 0.856104
192883.781 20009 23372 0.856110
192890.055 20010 23373 0.856116
192896.263 20011 23374 0.856122
192899.676 20012 23375 0.856128
192903.123 20013 23376 0.856134
192907.077 20014 23377 0.856141
192909.349 20015 23378 0.856147
192913.995 20016 23379 0.856153
192916.140 20017 23380 0.856159
192917.544 20018 23381 0.856165
192918.607 20019 23382 0.856171
192920.763 20020 23383 0.856178
192922.637 20021 23384 0.856184
192925.590 20022 23385 0.856190
192928.189 20023 23386 0.856196
192928.960 20023 23387 0.856159
192932.996 20024 23388 0.856166
192935.069 20025 23389 0.856172
192935.553 20026 23390 0.856178
192940.175 20026 23391 0.856141
192942.379 20026 23392 0.856105
192943.085 20027 23393 0.856111
192950.312 20028 23394 0.856117
192957.547 20029 23395 0.856123
192964.147 20030 23396 0.856129
192972.270 20031 23397 0.856135
192981.710 20032 23398 0.856142
192988.546 20033 23399 0.856148
192992.126 20034 23400 0.856154
192995.551 20034 23401 0.856117
192996.535 20035 23402 0.856123
192996.996 20036 23403 0.856130
192999.002 20037 23404 0.856136
193003.755 20038 23405 0.856142
193003.784 20039 23406 0.856148
193006.439 20039 23407 0.856111
193010.358 20040 23408 0.856118
193011.891 20041 23409 0.856124
193017.805 20042 23410 0.856130
193019.312 20043 23411 0.856136
193024.422 20044 23412 0.856142
193026.074 20045 23413 0.856148
193032.052 20046 23414 0.856154
193032.867 20046 23415 0.856118
193039.366 20047 23416 0.856124
193048.191 20048 23417 0.856130
193048.299 20049 23418 0.856136
193054.627 20050 23419 0.856142
193054.915 20051 23420 0.856149
193061.143 20052 23421 0.856155
193061.560 20053 23422 0.856161
193062.142 20054 23423 0.856167
193067.877 20054 23424 0.856130
193071.560 20055 23425 0.856137
193078.226 20056 23426 0.856143
193085.449 20057 23427 0.856149
193085.587 20057 23428 0.856112
193086.924 20058 23429 0.856118
193092.263 20059 23430 0.856125
193092.907 20060 23431 0.856131
193099.634 20061 23432 0.856137
193100.029 20062 23433 0.856143
193101.806 20062 23434 0.856107
193107.421 20063 23435 0.856113
193107.487 20064 23436 0.856119
193114.208 20065 23437 0.856125
193114.857 20065 23438 0.856088
193120.647 20066 23439 0.856095
193121.406 20067 23440 0.856101
193127.455 20067 23441 0.856064
193129.219 20068 23442 0.856070
193136.947 20069 23443 0.856076
193145.171 20070 23444 0.856083
193152.597 20071 23445 0.856089
193154.195 20072 23446 0.856095
193159.267 20073 23447 0.856101
193160.875 20074 23448 0.856107
193166.541 20075 23449 0.856113
193167.348 20076 23450 0.856119
193168.421 20077 23451 0.856126
193173.297 20078 23452 0.856132
193173.921 20079 23453 0.856138
193176.185 20080 23454 0.856144
193179.839 20081 23455 0.856150
193180.564 20082 23456 0.856156
193181.246 20083 23457 0.856162
193183.510 20083 23458 0.856126
193187.282 20084 23459 0.856132
193187.425 20085 23460 0.856138
193188.493 20086 23461 0.856144
193194.077 20087 23462 0.856150
193194.891 20088 23463 0.856157
193195.519 20089 23464 0.856163
193200.711 20090 23465 0.856169
193203.377 20091 23466 0.856175
193207.790 20091 23467 0.856138
193210.701 20091 23468 0.856102
193231.509 20092 23469 0.856108
193237.997 20093 23470 0.856114
193245.508 20094 23471 0.856120
193252.739 20095 23472 0.856126
193255.631 20096 23473 0.856133
193259.646 20097 23474 0.856139
193261.103 20098 23475 0.856145
193264.598 20099 23476 0.856151
193266.822 20099 23477 0.856114
193268.176 20100 23478 0.856121
193271.503 20101 23479 0.856127
193272.213 20102 23480 0.856133
193274.684 20103 23481 0.856139
193279.073 20104 23482 0.856145
193279.490 20104 23483 0.856109
193281.417 20104 23484 0.856072
193285.853 20105 23485 0.856078
193292.545 20106 23486 0.856084
193299.290 20106 23487 0.856048
193318.848 20107 23488 0.856054
193325.776 20107 23489 0.856018
193334.332 20108 23490 0.856024
193334.734 20109 23491 0.856030
193340.563 20110 23492 0.856036
193342.026 20111 23493 0.856042
193347.530 20112 23494 0.856048
193349.289 20113 23495 0.856054
193353.928 20114 23496 0.856061
193354.041 20115 23497 0.856067
193356.602 20116 23498 0.856073
193360.635 20117 23499 0.856079
193364.069 20118 23500 0.856085
193365.733 20119 23501 0.856091
193367.807 20120 23502 0.856097
193371.743 20121 23503 0.856103
193372.673 20122 23504 0.856110
193375.022 20123 23505 0.856116
193379.037 20124 23506 0.856122
193379.828 20125 23507 0.856128
193380.433 20126 23508 0.856134
193382.667 20127 23509 0.856140
193386.587 20128 23510 0.856146
193386.895 20129 23511 0.856152
193387.617 20129 23512 0.856116
193389.885 20129 23513 0.856080
193393.353 20130 23514 0.856086
193393.970 20131 23515 0.856092
193400.862 20132 23516 0.856098
193401.014 20132 23517 0.856062
193408.103 20133 23518 0.856068
193415.395 20134 23519 0.856074
193422.746 20135 23520 0.856080
193429.619 20136 23521 0.856086
193436.348 20137 23522 0.856092
193440.361 20138 23523 0.856098
193443.108 20139 23524 0.856104
193443.324 20140 23525 0.856111
193447.821 20141 23526 0.856117
193450.540 20142 23527 0.856123
193450.606 20143 23528 0.856129
193453.484 20144 23529 0.856135
193454.767 20145 23530 0.856141
193457.622 20146 23531 0.856147
193457.801 20147 23532 0.856153
193460.417 20148 23533 0.856159
193462.141 20149 23534 0.856166
193464.850 20150 23535 0.856172
193465.370 20151 23536 0.856178
193467.567 20152 23537 0.856184
193468.928 20153 23538 0.856190
193472.190 20153 23539 0.856154
193472.888 20154 23540 0.856160
193474.536 20155 23541 0.856166
193479.002 20156 23542 0.856172
193480.236 20157 23543 0.856178
193481.060 20157 23544 0.856142
193485.743 20158 23545 0.856148
193487.344 20159 23546 0.856154
193492.544 20160 23547 0.856160
193494.385 20161 23548 0.856166
193499.874 20162 23549 0.856172
193501.460 20163 23550 0.856178
193508.728 20164 23551 0.856184
193513.429 20165 23552 0.856191
193515.948 20166 23553 0.856197
193520.066 20167 23554 0.856203
193523.204 20168 23555 0.856209
193525.439 20169 23556 0.856215
193527.420 20169 23557 0.856179
193532.652 20170 23558 0.856185
193533.386 20171 23559 0.856191
193539.846 20172 23560 0.856197
193540.045 20173 23561 0.856203
193546.783 20174 23562 0.856209
193547.586 20175 23563 0.856215
193551.287 20176 23564 0.856221
193553.784 20177 23565 0.856227
193555.024 20178 23566 0.856234
193558.066 20179 23567 0.856240
193560.360 20180 23568 0.856246
193562.362 20181 23569 0.856252
193564.952 20182 23570 0.856258
193567.218 20183 23571 0.856264
193569.755 20184 23572 0.856270
193571.974 20184 23573 0.856234
193574.397 20185 23574 0.856240
193577.056 20186 23575 0.856246
193580.770 20187 23576 0.856252
193580.928 20187 23577 0.856216
193583.852 20188 23578 0.856222
193588.000 20189 23579 0.856228
193591.068 20190 23580 0.856234
193595.336 20191 23581 0.856240
193598.023 20192 23582 0.856246
193602.541 20193 23583 0.856252
193605.367 20194 23584 0.856258
193609.505 20195 23585 0.856265
193612.677 20196 23586 0.856271
193616.996 20197 23587 0.856277
193620.196 20197 23588 0.856240
193624.438 20198 23589 0.856247
193625.257 20199 23590 0.856253
193631.310 20200 23591 0.856259
193632.801 20201 23592 0.856265
193633.770 20202 23593 0.856271
193639.123 20203 23594 0.856277
193640.086 20204 23595 0.856283
193640.788 20205 23596 0.856289
193646.476 20206 23597 0.856295
193647.221 20206 23598 0.856259
193647.234 20207 23599 0.856265
193653.312 20208 23600 0.856271
193653.727 20209 23601 0.856277
193660.715 20210 23602 0.856283
193660.955 20211 23603 0.856289
193668.041 20212 23604 0.856296
193668.634 20213 23605 0.856302
193673.971 20214 23606 0.856308
193675.065 20215 23607 0.856314
193676.002 20216 23608 0.856320
193682.286 20217 23609 0.856326
193683.427 20218 23610 0.856332
193689.297 20219 23611 0.856338
193690.578 20220 23612 0.856344
193696.316 20221 23613 0.856350
193697.938 20222 23614 0.856356
193698.721 20223 23615 0.856362
193701.342 20224 23616 0.856369
193702.820 20225 23617 0.856375
193705.340 20225 23618 0.856338
193705.819 20226 23619 0.856344
193708.165 20227 23620 0.856351
193709.307 20227 23621 0.856314
193713.812 20228 23622 0.856320
193715.450 20229 23623 0.856326
193721.204 20229 23624 0.856290
193722.156 20230 23625 0.856296
193729.303 20231 23626 0.856302
193736.266 20232 23627 0.856308
193743.037 20233 23628 0.856315
193749.698 20234 23629 0.856321
193756.998 20234 23630 0.856284
193757.501 20235 23631 0.856290
193761.597 20236 23632 0.856297
193764.952 20237 23633 0.856303
193768.557 20238 23634 0.856309
193772.168 20239 23635 0.856315
193774.219 20240 23636 0.856321
193775.125 20241 23637 0.856327
193779.124 20242 23638 0.856333
193781.229 20243 23639 0.856339
193782.317 20244 23640 0.856345
193786.078 20245 23641 0.856351
193788.357 20246 23642 0.856357
193788.895 20247 23643 0.856363
193793.022 20248 23644 0.856369
193795.309 20249 23645 0.856376
193796.007 20250 23646 0.856382
193801.972 20251 23647 0.856388
193803.202 20252 23648 0.856394
193808.935 20253 23649 0.856400
193809.885 20254 23650 0.856406
193810.535 20255 23651 0.856412
193812.577 20256 23652 0.856418
193816.523 20257 23653 0.856424
193816.762 20258 23654 0.856430
193817.647 20258 23655 0.856394
193820.112 20259 23656 0.856400
193823.384 20260 23657 0.856406
193823.645 20261 23658 0.856412
193827.638 20262 23659 0.856418
193830.280 20263 23660 0.856424
193831.124 20264 23661 0.856430
193837.157 20265 23662 0.856436
193837.992 20266 23663 0.856443
193838.021 20267 23664 0.856449
193843.539 20268 23665 0.856455
193845.173 20269 23666 0.856461
193845.388 20270 23667 0.856467
193850.078 20271 23668 0.856473
193852.445 20272 23669 0.856479
193852.607 20272 23670 0.856443
193856.468 20273 23671 0.856449
193860.285 20274 23672 0.856455
193863.385 20275 23673 0.856461
193867.701 20276 23674 0.856467
193870.305 20277 23675 0.856473
193870.843 20278 23676 0.856479
193874.983 20279 23677 0.856485
193877.087 20280 23678 0.856491
193878.294 20281 23679 0.856497
193882.117 20282 23680 0.856503
193883.962 20283 23681 0.856509
193885.411 20284 23682 0.856515
193888.951 20285 23683 0.856522
193890.800 20285 23684 0.856485
193892.139 20286 23685 0.856491
193896.360 20287 23686 0.856498
193899.239 20288 23687 0.856504
193903.790 20289 23688 0.856510
193906.057 20290 23689 0.856516
193906.366 20291 23690 0.856522
193911.111 20292 23691 0.856528
193913.477 20293 23692 0.856534
193913.577 20294 23693 0.856540
193918.605 20295 23694 0.856546
193920.616 20296 23695 0.856552
193920.658 20296 23696 0.856516
193925.819 20296 23697 0.856480
193932.585 20297 23698 0.856486
193939.405 20298 23699 0.856492
193944.238 20299 23700 0.856498
193946.277 20300 23701 0.856504
193951.088 20301 23702 0.856510
193953.003 20301 23703 0.856474
193959.302 20302 23704 0.856480
193965.702 20303 23705 0.856486
193972.423 20304 23706 0.856492
193973.874 20305 23707 0.856498
193979.191 20306 23708 0.856504
193979.646 20307 23709 0.856510
193981.291 20308 23710 0.856516
193986.158 20309 23711 0.856522
193987.014 20309 23712 0.856486
193988.565 20310 23713 0.856492
193993.157 20311 23714 0.856498
193996.429 20312 23715 0.856504
193999.639 20313 23716 0.856510
194003.163 20314 23717 0.856516
194006.831 20315 23718 0.856522
194007.329 20315 23719 0.856486
194009.866 20316 23720 0.856492
194013.569 20317 23721 0.856498
194016.771 20318 23722 0.856505
194020.423 20319 23723 0.856511
194023.452 20319 23724 0.856474
194026.936 20320 23725 0.856481
194034.461 20321 23726 0.856487
194039.669 20322 23727 0.856493
194041.125 20323 23728 0.856499
194046.675 20323 23729 0.856463
194048.176 20324 23730 0.856469
194054.854 20325 23731 0.856475
194061.112 20326 23732 0.856481
194061.369 20327 23733 0.856487
194068.217 20328 23734 0.856493
194068.587 20328 23735 0.856457
194075.644 20329 23736 0.856463
194075.990 20330 23737 0.856469
194082.932 20331 23738 0.856475
194083.002 20332 23739 0.856481
194089.925 20332 23740 0.856445
194090.173 20333 23741 0.856451
194097.384 20334 23742 0.856457
194102.676 20334 23743 0.856421
194104.703 20334 23744 0.856385
194120.696 20335 23745 0.856391
194127.190 20335 23746 0.856355
194144.568 20336 23747 0.856361
194152.099 20337 23748 0.856367
194155.633 20338 23749 0.856373
194157.889 20339 23750 0.856379
194159.797 20339 23751 0.856343
194162.952 20340 23752 0.856349
194165.178 20341 23753 0.856355
194170.170 20342 23754 0.856361
194172.353 20343 23755 0.856367
194176.866 20344 23756 0.856373
194179.413 20345 23757 0.856379
194181.587 20346 23758 0.856385
194183.626 20347 23759 0.856391
194186.106 20348 23760 0.856397
194188.523 20348 23761 0.856361
194190.922 20349 23762 0.856367
194193.236 20350 23763 0.856373
194197.795 20351 23764 0.856379
194199.946 20351 23765 0.856343
194204.963 20352 23766 0.856349
194211.748 20352 23767 0.856313
194215.816 20353 23768 0.856319
194223.840 20354 23769 0.856325
194231.284 20355 23770 0.856332
194238.405 20356 23771 0.856338
194243.382 20357 23772 0.856344
194245.814 20357 23773 0.856308
194252.324 20358 23774 0.856314
194259.628 20359 23775 0.856320
194262.789 20360 23776 0.856326
194266.823 20361 23777 0.856332
194269.666 20362 23778 0.856338
194273.573 20363 23779 0.856344
194276.550 20364 23780 0.856350
194278.094 20365 23781 0.856356
194281.136 20366 23782 0.856362
194284.876 20367 23783 0.856368
194285.243 20367 23784 0.856332
194288.259 20367 23785 0.856296
194291.648 20368 23786 0.856302
194299.061 20369 23787 0.856308
194300.210 20370 23788 0.856314
194306.468 20371 23789 0.856320
194307.471 20372 23790 0.856326
194313.618 20373 23791 0.856332
194314.817 20374 23792 0.856338
194320.901 20375 23793 0.856344
194322.159 20375 23794 0.856308
194328.208 20375 23795 0.856272
194338.369 20376 23796 0.856278
194341.264 20377 23797 0.856284
194345.355 20378 23798 0.856290
194348.139 20379 23799 0.856296
194351.920 20380 23800 0.856303
194354.890 20381 23801 0.856309
194358.731 20382 23802 0.856315
194364.983 20383 23803 0.856321
194366.020 20383 23804 0.856285
194372.444 20384 23805 0.856291
194377.783 20385 23806 0.856297
194379.091 20386 23807 0.856303
194381.817 20386 23808 0.856267
194385.014 20387 23809 0.856273
194386.418 20388 23810 0.856279
194392.809 20389 23811 0.856285
194393.220 20390 23812 0.856291
194400.181 20391 23813 0.856297
194400.208 20392 23814 0.856303
194407.695 20393 23815 0.856309
194408.140 20394 23816 0.856315
194414.328 20395 23817 0.856321
194415.401 20396 23818 0.856327
194418.881 20397 23819 0.856333
194421.550 20398 23820 0.856339
194422.185 20399 23821 0.856345
194425.716 20399 23822 0.856309
194428.828 20399 23823 0.856273
194429.789 20400 23824 0.856279
194436.291 20401 23825 0.856285
194436.699 20402 23826 0.856291
194443.649 20402 23827 0.856256
194443.918 20402 23828 0.856220
194477.308 20403 23829 0.856226
194482.105 20404 23830 0.856232
194484.249 20405 23831 0.856238
194490.788 20406 23832 0.856244
194491.679 20407 23833 0.856250
194496.366 20408 23834 0.856256
194496.977 20409 23835 0.856262
194497.644 20410 23836 0.856268
194499.200 20411 23837 0.856274
194503.756 20412 23838 0.856280
194503.927 20413 23839 0.856286
194504.616 20414 23840 0.856292
194506.177 20415 23841 0.856298
194511.306 20416 23842 0.856304
194511.892 20417 23843 0.856310
194513.313 20418 23844 0.856316
194518.901 20419 23845 0.856322
194519.114 20420 23846 0.856328
194520.320 20421 23847 0.856334
194521.946 20422 23848 0.856340
194525.886 20423 23849 0.856346
194526.638 20424 23850 0.856352
194527.331 20425 23851 0.856358
194529.437 20426 23852 0.856364
194532.793 20426 23853 0.856328
194534.260 20427 23854 0.856334
194534.402 20428 23855 0.856340
194536.492 20429 23856 0.856346
194541.084 20430 23857 0.856352
194541.443 20431 23858 0.856358
194543.334 20432 23859 0.856364
194547.813 20433 23860 0.856370
194548.795 20434 23861 0.856377
194550.168 20434 23862 0.856341
194554.369 20434 23863 0.856305
194556.177 20435 23864 0.856311
194563.481 20435 23865 0.856275
194586.191 20436 23866 0.856281
194593.770 20437 23867 0.856287
194600.551 20438 23868 0.856293
194603.644 20438 23869 0.856257
194607.768 20438 23870 0.856221
194608.044 20439 23871 0.856227
194615.820 20440 23872 0.856233
194616.914 20441 23873 0.856239
194622.596 20442 23874 0.856245
194624.257 20443 23875 0.856251
194630.873 20444 23876 0.856257
194632.208 20445 23877 0.856263
194637.533 20446 23878 0.856269
194639.435 20447 23879 0.856275
194644.745 20448 23880 0.856281
194646.783 20449 23881 0.856287
194654.043 20450 23882 0.856293
194657.287 20451 23883 0.856299
194660.782 20452 23884 0.856305
194660.891 20453 23885 0.856311
194664.741 20454 23886 0.856318
194667.280 20455 23887 0.856324
194667.947 20456 23888 0.856330
194672.109 20456 23889 0.856294
194674.808 20457 23890 0.856300
194675.462 20458 23891 0.856306
194675.680 20459 23892 0.856312
194681.357 20459 23893 0.856276
194682.736 20460 23894 0.856282
194682.795 20461 23895 0.856288
194689.442 20462 23896 0.856294
194690.127 20463 23897 0.856300
194696.636 20463 23898 0.856264
194697.187 20463 23899 0.856228
194724.275 20464 23900 0.856234
194731.996 20465 23901 0.856240
194735.255 20466 23902 0.856246
194739.293 20467 23903 0.856252
194741.654 20468 23904 0.856258
194746.024 20468 23905 0.856223
194748.524 20469 23906 0.856229
194749.443 20469 23907 0.856193
194750.530 20470 23908 0.856199
194755.010 20470 23909 0.856163
194757.300 20471 23910 0.856169
194764.039 20472 23911 0.856175
194771.788 20473 23912 0.856181
194779.028 20474 23913 0.856187
194786.132 20475 23914 0.856193
194792.700 20476 23915 0.856199
194799.690 20476 23916 0.856163
194799.753 20477 23917 0.856169
194803.609 20477 23918 0.856133
194806.252 20478 23919 0.856139
194808.956 20479 23920 0.856145
194813.123 20479 23921 0.856110
194816.524 20480 23922 0.856116
194823.260 20481 23923 0.856122
194829.847 20482 23924 0.856128
194836.866 20483 23925 0.856134
194844.101 20484 23926 0.856140
194850.876 20485 23927 0.856146
194851.527 20486 23928 0.856152
194857.686 20486 23929 0.856116
194858.550 20487 23930 0.856122
194858.626 20488 23931 0.856128
194865.641 20489 23932 0.856134
194865.889 20490 23933 0.856140
194866.134 20491 23934 0.856146
194872.712 20492 23935 0.856152
194872.906 20493 23936 0.856158
194873.021 20494 23937 0.856164
194879.493 20495 23938 0.856170
194879.780 20496 23939 0.856176
194884.783 20497 23940 0.856182
194886.723 20498 23941 0.856188
194886.868 20499 23942 0.856194
194891.907 20500 23943 0.856200
194893.503 20501 23944 0.856206
194893.603 20502 23945 0.856212
194899.348 20503 23946 0.856218
194900.103 20504 23947 0.856224
194901.474 20504 23948 0.856188
194906.697 20505 23949 0.856194
194907.395 20506 23950 0.856200
194910.588 20507 23951 0.856206
194913.592 20508 23952 0.856212
194914.028 20509 23953 0.856218
194917.520 20510 23954 0.856224
194921.179 20510 23955 0.856189
194921.469 20511 23956 0.856195
194924.459 20512 23957 0.856201
194928.626 20513 23958 0.856207
194931.429 20514 23959 0.856213
194935.866 20515 23960 0.856219
194938.582 20516 23961 0.856225
194942.403 20517 23962 0.856231
194945.738 20518 23963 0.856237
194949.563 20518 23964 0.856201
194952.750 20519 23965 0.856207
194954.683 20520 23966 0.856213
194959.829 20521 23967 0.856219
194967.123 20522 23968 0.856225
194973.798 20523 23969 0.856231
194974.397 20524 23970 0.856237
194977.912 20525 23971 0.856243
194980.954 20526 23972 0.856249
194984.732 20527 23973 0.856255
194986.543 20528 23974 0.856261
194988.200 20529 23975 0.856267
194991.975 20529 23976 0.856231
194993.616 20530 23977 0.856237
194995.441 20531 23978 0.856243
195000.899 20532 23979 0.856249
195001.610 20533 23980 0.856255
195002.811 20534 23981 0.856261
195007.943 20535 23982 0.856267
195008.804 20536 23983 0.856273
195010.037 20537 23984 0.856279
195014.459 20538 23985 0.856285
195015.773 20538 23986 0.856249
195016.885 20539 23987 0.856255
195021.512 20540 23988 0.856261
195023.522 20541 23989 0.856267
195028.691 20542 23990 0.856273
195030.783 20543 23991 0.856279
195035.725 20544 23992 0.856285
195037.526 20545 23993 0.856291
195042.259 20546 23994 0.856297
195044.865 20547 23995 0.856303
195045.958 20548 23996 0.856309
195049.144 20549 23997 0.856315
195051.568 20550 23998 0.856321
195053.077 20551 23999 0.856327
195056.340 20552 24000 0.856333
195058.390 20553 24001 0.856339
195059.544 20554 24002 0.856345
195063.236 20554 24003 0.856310
195065.823 20555 24004 0.856316
195066.418 20556 24005 0.856322
195068.914 20557 24006 0.856328
195072.849 20557 24007 0.856292
195073.230 20558 24008 0.856298
195075.603 20559 24009 0.856304
195080.306 20560 24010 0.856310
195082.749 20561 24011 0.856316
195086.864 20562 24012 0.856322
195089.900 20563 24013 0.856328
195094.684 20563 24014 0.856292
195097.119 20564 24015 0.856298
195104.266 20565 24016 0.856304
195111.568 20566 24017 0.856310
195116.230 20566 24018 0.856274
195118.571 20567 24019 0.856280
195125.750 20568 24020 0.856286
195126.140 20569 24021 0.856292
195132.869 20569 24022 0.856257
195132.870 20569 24023 0.856221
195147.747 20569 24024 0.856185
195169.093 20569 24025 0.856150
195186.033 20570 24026 0.856156
195186.158 20571 24027 0.856162
195192.412 20572 24028 0.856168
195193.210 20573 24029 0.856174
195198.896 20574 24030 0.856180
195199.802 20575 24031 0.856186
195200.467 20576 24032 0.856192
195207.066 20577 24033 0.856198
195207.880 20578 24034 0.856204
195213.987 20579 24035 0.856210
195214.998 20580 24036 0.856216
195220.715 20581 24037 0.856222
195220.742 20582 24038 0.856228
195222.062 20583 24039 0.856234
195228.027 20584 24040 0.856240
195228.227 20585 24041 0.856246
195228.641 20586 24042 0.856252
195234.733 20587 24043 0.856258
195235.254 20588 24044 0.856264
195236.205 20589 24045 0.856269
195241.839 20590 24046 0.856275
195241.882 20591 24047 0.856281
195243.142 20591 24048 0.856246
195244.469 20592 24049 0.856252
195248.576 20593 24050 0.856258
195249.158 20593 24051 0.856222
195251.549 20594 24052 0.856228
195255.196 20595 24053 0.856234
195258.665 20596 24054 0.856240
195261.873 20597 24055 0.856246
195265.688 20598 24056 0.856252
195269.172 20599 24057 0.856258
195272.253 20600 24058 0.856264
195276.218 20601 24059 0.856270
195278.805 20601 24060 0.856234
195283.356 20602 24061 0.856240
195290.850 20603 24062 0.856246
195295.661 20604 24063 0.856252
195298.049 20605 24064 0.856258
195301.880 20606 24065 0.856264
195302.954 20607 24066 0.856270
195305.226 20608 24067 0.856276
195309.330 20609 24068 0.856282
195309.743 20610 24069 0.856288
195312.510 20611 24070 0.856294
195316.665 20611 24071 0.856259
195317.224 20612 24072 0.856265
195319.856 20613 24073 0.856271
195327.383 20613 24074 0.856235
195330.763 20614 24075 0.856241
195337.700 20615 24076 0.856247
195338.095 20616 24077 0.856253
195344.819 20617 24078 0.856259
195346.110 20618 24079 0.856265
195352.755 20619 24080 0.856271
195353.808 20620 24081 0.856277
195360.654 20621 24082 0.856283
195361.613 20622 24083 0.856289
195367.353 20623 24084 0.856295
195368.396 20624 24085 0.856301
195369.855 20625 24086 0.856307
195374.736 20626 24087 0.856313
195375.609 20627 24088 0.856318
195377.136 20627 24089 0.856283
195381.094 20628 24090 0.856289
195382.472 20629 24091 0.856295
195383.392 20630 24092 0.856301
195388.998 20631 24093 0.856307
195389.557 20631 24094 0.856271
195390.087 20632 24095 0.856277
195396.385 20633 24096 0.856283
195397.086 20634 24097 0.856289
195403.895 20635 24098 0.856295
195411.431 20635 24099 0.856260
195425.229 20636 24100 0.856266
195430.697 20637 24101 0.856272
195432.233 20638 24102 0.856277
195438.743 20639 24103 0.856283
195439.453 20640 24104 0.856289
195441.930 20641 24105 0.856295
195445.887 20642 24106 0.856301
195446.494 20643 24107 0.856307
195449.244 20644 24108 0.856313
195453.115 20645 24109 0.856319
195456.528 20646 24110 0.856325
195460.964 20647 24111 0.856331
195463.167 20648 24112 0.856337
195464.809 20649 24113 0.856343
195468.064 20650 24114 0.856349
195470.581 20651 24115 0.856355
195471.755 20652 24116 0.856361
195475.185 20653 24117 0.856367
195478.203 20654 24118 0.856373
195478.976 20655 24119 0.856379
195479.359 20656 24120 0.856385
195482.678 20657 24121 0.856391
195485.541 20658 24122 0.856397
195486.082 20659 24123 0.856403
195486.201 20660 24124 0.856409
195490.615 20661 24125 0.856415
195492.221 20662 24126 0.856420
195493.379 20663 24127 0.856426
195493.416 20664 24128 0.856432
195497.695 20665 24129 0.856438
195498.769 20666 24130 0.856444
195500.447 20667 24131 0.856450
195500.480 20667 24132 0.856415
195504.957 20668 24133 0.856421
195506.478 20669 24134 0.856427
195507.223 20669 24135 0.856391
195507.655 20670 24136 0.856397
195512.244 20671 24137 0.856403
195513.398 20672 24138 0.856409
195514.253 20673 24139 0.856415
195519.434 20673 24140 0.856379
195520.675 20674 24141 0.856385
195521.233 20675 24142 0.856391
195527.702 20676 24143 0.856397
195528.454 20677 24144 0.856403
195534.318 20678 24145 0.856409
195535.904 20679 24146 0.856415
195541.416 20679 24147 0.856380
195543.394 20680 24148 0.856386
195550.074 20681 24149 0.856392
195556.662 20682 24150 0.856398
195559.092 20683 24151 0.856403
195563.143 20684 24152 0.856409
195566.048 20685 24153 0.856415
195572.084 20686 24154 0.856421
195573.232 20687 24155 0.856427
195573.709 20688 24156 0.856433
195579.299 20689 24157 0.856439
195579.936 20690 24158 0.856445
195580.869 20691 24159 0.856451
195586.038 20692 24160 0.856457
195586.857 20693 24161 0.856463
195587.454 20694 24162 0.856469
195593.241 20695 24163 0.856475
195594.137 20696 24164 0.856481
195594.460 20697 24165 0.856487
195594.564 20698 24166 0.856493
195600.083 20699 24167 0.856499
195600.762 20700 24168 0.856504
195601.716 20701 24169 0.856510
195602.684 20702 24170 0.856516
195607.552 20703 24171 0.856522
195607.640 20704 24172 0.856528
195608.841 20705 24173 0.856534
195609.783 20706 24174 0.856540
195614.736 20706 24175 0.856505
195614.856 20707 24176 0.856511
195616.623 20708 24177 0.856517
195622.150 20709 24178 0.856522
195622.184 20710 24179 0.856528
195623.598 20711 24180 0.856534
195628.969 20712 24181 0.856540
195629.468 20713 24182 0.856546
195630.763 20714 24183 0.856552
195636.050 20715 24184 0.856558
195636.618 20716 24185 0.856564
195637.311 20716 24186 0.856529
195643.321 20717 24187 0.856535
195643.634 20718 24188 0.856540
195644.327 20719 24189 0.856546
195650.005 20719 24190 0.856511
195650.662 20720 24191 0.856517
195651.575 20720 24192 0.856481
195657.146 20721 24193 0.856487
195658.433 20722 24194 0.856493
195665.748 20723 24195 0.856499
195673.142 20724 24196 0.856505
195673.332 20725 24197 0.856511
195679.773 20726 24198 0.856517
195680.172 20727 24199 0.856523
195686.418 20728 24200 0.856529
195687.963 20728 24201 0.856494
195691.470 20729 24202 0.856499
195693.336 20730 24203 0.856505
195698.420 20731 24204 0.856511
195700.390 20732 24205 0.856517
195702.128 20733 24206 0.856523
195705.435 20734 24207 0.856529
195707.510 20735 24208 0.856535
195709.303 20736 24209 0.856541
195712.663 20737 24210 0.856547
195714.627 20738 24211 0.856553
195716.377 20739 24212 0.856559
195719.493 20739 24213 0.856523
195721.748 20740 24214 0.856529
195723.151 20741 24215 0.856535
195729.087 20742 24216 0.856541
195730.586 20743 24217 0.856547
195735.621 20744 24218 0.856553
195738.454 20745 24219 0.856559
195740.580 20746 24220 0.856565
195742.841 20747 24221 0.856571
195745.619 20748 24222 0.856577
195748.701 20749 24223 0.856583
195749.820 20750 24224 0.856589
195752.920 20751 24225 0.856594
195755.347 20752 24226 0.856600
195757.153 20753 24227 0.856606
195760.823 20754 24228 0.856612
195764.375 20755 24229 0.856618
195768.335 20756 24230 0.856624
195770.867 20757 24231 0.856630
195774.171 20757 24232 0.856595
195775.553 20758 24233 0.856601
195776.281 20759 24234 0.856606
195777.765 20760 24235 0.856612
195782.874 20761 24236 0.856618
195783.679 20762 24237 0.856624
195784.746 20763 24238 0.856630
195789.554 20764 24239 0.856636
195791.618 20765 24240 0.856642
195793.258 20766 24241 0.856648
195796.806 20767 24242 0.856654
195798.877 20767 24243 0.856618
195800.069 20768 24244 0.856624
195804.277 20768 24245 0.856589
195807.145 20769 24246 0.856595
195814.460 20770 24247 0.856601
195821.269 20770 24248 0.856565
195826.847 20771 24249 0.856571
195833.608 20772 24250 0.856577
195841.334 20772 24251 0.856542
195853.378 20773 24252 0.856548
195857.193 20774 24253 0.856554
195865.069 20774 24254 0.856519
195874.031 20775 24255 0.856524
195880.428 20776 24256 0.856530
195880.745 20777 24257 0.856536
195887.658 20778 24258 0.856542
195888.038 20779 24259 0.856548
195894.333 20780 24260 0.856554
195894.751 20781 24261 0.856560
195895.296 20781 24262 0.856525
195901.383 20781 24263 0.856489
195901.914 20782 24264 0.856495
195909.049 20783 24265 0.856501
195915.841 20784 24266 0.856507
195918.051 20785 24267 0.856513
195922.438 20786 24268 0.856519
195929.078 20786 24269 0.856484
195933.372 20787 24270 0.856489
195941.820 20788 24271 0.856495
195947.028 20789 24272 0.856501
195948.415 20790 24273 0.856507
195954.028 20791 24274 0.856513
195954.444 20792 24275 0.856519
195955.454 20793 24276 0.856525
195961.082 20794 24277 0.856531
195961.572 20795 24278 0.856537
195962.597 20796 24279 0.856543
195968.066 20797 24280 0.856549
195969.074 20798 24281 0.856555
195969.279 20799 24282 0.856560
195975.858 20800 24283 0.856566
195976.168 20801 24284 0.856572
195976.560 20802 24285 0.856578
195981.507 20803 24286 0.856584
195982.936 20804 24287 0.856590
195983.227 20805 24288 0.856596
195983.730 20805 24289 0.856561
195988.924 20806 24290 0.856566
195989.943 20806 24291 0.856531
195990.478 20807 24292 0.856537
195995.613 20807 24293 0.856502
195997.978 20808 24294 0.856508
196005.185 20808 24295 0.856473
196036.959 20809 24296 0.856478
196043.928 20810 24297 0.856484
196044.154 20811 24298 0.856490
196050.109 20812 24299 0.856496
196051.197 20813 24300 0.856502
196051.450 20814 24301 0.856508
196057.585 20815 24302 0.856514
196058.269 20816 24303 0.856520
196058.658 20817 24304 0.856526
196058.857 20818 24305 0.856532
196064.282 20818 24306 0.856496
196065.507 20818 24307 0.856461
196066.005 20819 24308 0.856467
196067.288 20820 24309 0.856473
196072.570 20821 24310 0.856479
196073.138 20822 24311 0.856485
196074.549 20823 24312 0.856491
196079.860 20824 24313 0.856497
196080.181 20825 24314 0.856502
196081.913 20826 24315 0.856508
196086.926 20827 24316 0.856514
196087.564 20827 24317 0.856479
196088.757 20828 24318 0.856485
196094.027 20828 24319 0.856450
196096.097 20829 24320 0.856456
196116.508 20830 24321 0.856461
196123.458 20831 24322 0.856467
196129.920 20832 24323 0.856473
196137.005 20833 24324 0.856479
196138.490 20834 24325 0.856485
196140.818 20835 24326 0.856491
196144.014 20836 24327 0.856497
196145.683 20837 24328 0.856503
196146.022 20838 24329 0.856509
196147.850 20839 24330 0.856515
196151.104 20840 24331 0.856520
196152.850 20841 24332 0.856526
196152.934 20841 24333 0.856491
196154.945 20842 24334 0.856497
196158.174 20843 24335 0.856503
196159.935 20844 24336 0.856509
196161.605 20845 24337 0.856515
196164.761 20846 24338 0.856521
196167.328 20847 24339 0.856527
196168.198 20848 24340 0.856532
196171.335 20849 24341 0.856538
196174.214 20850 24342 0.856544
196174.931 20851 24343 0.856550
196178.041 20852 24344 0.856556
196181.173 20853 24345 0.856562
196182.281 20854 24346 0.856568
196185.417 20855 24347 0.856574
196189.269 20856 24348 0.856580
196189.848 20857 24349 0.856585
196193.605 20858 24350 0.856591
196196.150 20859 24351 0.856597
196197.407 20860 24352 0.856603
196201.329 20861 24353 0.856609
196203.455 20862 24354 0.856615
196205.428 20863 24355 0.856621
196207.754 20864 24356 0.856627
196208.728 20865 24357 0.856633
196210.921 20866 24358 0.856638
196212.319 20866 24359 0.856603
196214.570 20867 24360 0.856609
196218.441 20868 24361 0.856615
196221.228 20869 24362 0.856621
196221.295 20870 24363 0.856627
196226.214 20871 24364 0.856633
196228.076 20872 24365 0.856639
196228.434 20872 24366 0.856603
196234.008 20873 24367 0.856609
196235.291 20874 24368 0.856615
196241.212 20875 24369 0.856621
196242.726 20876 24370 0.856627
196248.064 20877 24371 0.856633
196249.892 20877 24372 0.856598
196255.430 20878 24373 0.856604
196262.643 20879 24374 0.856610
196265.721 20880 24375 0.856615
196269.374 20881 24376 0.856621
196272.972 20882 24377 0.856627
196276.814 20883 24378 0.856633
196280.744 20884 24379 0.856639
196281.289 20884 24380 0.856604
196284.288 20885 24381 0.856610
196287.915 20886 24382 0.856616
196291.356 20887 24383 0.856621
196294.686 20888 24384 0.856627
196298.100 20889 24385 0.856633
196302.000 20890 24386 0.856639
196302.748 20891 24387 0.856645
196305.400 20891 24388 0.856610
196309.349 20892 24389 0.856616
196309.739 20893 24390 0.856622
196316.508 20894 24391 0.856627
196317.108 20895 24392 0.856633
196323.052 20896 24393 0.856639
196330.249 20897 24394 0.856645
196335.905 20898 24395 0.856651
196337.625 20899 24396 0.856657
196344.436 20900 24397 0.856663
196351.726 20901 24398 0.856669
196354.475 20902 24399 0.856674
196358.258 20902 24400 0.856639
196361.034 20903 24401 0.856645
196368.430 20903 24402 0.856610
196380.912 20904 24403 0.856616
196387.851 20905 24404 0.856622
196388.260 20906 24405 0.856628
196395.216 20907 24406 0.856634
196395.585 20908 24407 0.856639
196401.888 20909 24408 0.856645
196408.859 20910 24409 0.856651
196412.173 20911 24410 0.856657
196415.725 20912 24411 0.856663
196419.359 20913 24412 0.856669
196421.328 20914 24413 0.856675
196422.722 20915 24414 0.856681
196427.794 20916 24415 0.856686
196428.977 20917 24416 0.856692
196429.765 20918 24417 0.856698
196436.288 20919 24418 0.856704
196436.610 20920 24419 0.856710
196439.147 20921 24420 0.856716
196440.839 20921 24421 0.856681
196443.594 20922 24422 0.856687
196443.671 20923 24423 0.856692
196446.246 20924 24424 0.856698
196450.729 20925 24425 0.856704
196450.731 20925 24426 0.856669
196453.456 20925 24427 0.856634
196457.922 20925 24428 0.856599
196494.866 20926 24429 0.856605
196502.112 20927 24430 0.856611
196503.771 20928 24431 0.856617
196505.924 20928 24432 0.856582
196509.548 20929 24433 0.856587
196510.852 20930 24434 0.856593
196511.261 20931 24435 0.856599
196517.277 20932 24436 0.856605
196517.438 20933 24437 0.856611
196518.681 20933 24438 0.856576
196524.371 20933 24439 0.856541
196524.817 20934 24440 0.856547
196531.989 20935 24441 0.856553
196538.485 20936 24442 0.856558
196545.343 20937 24443 0.856564
196552.359 20938 24444 0.856570
196558.826 20939 24445 0.856576
196559.413 20940 24446 0.856582
196566.070 20941 24447 0.856588
196566.531 20941 24448 0.856553
196572.187 20942 24449 0.856559
196573.412 20943 24450 0.856564
196577.587 20943 24451 0.856529
196580.011 20944 24452 0.856535
196586.928 20944 24453 0.856500
196590.743 20944 24454 0.856465
196619.118 20944 24455 0.856430
196626.031 20945 24456 0.856436
196631.747 20946 24457 0.856442
196633.043 20947 24458 0.856448
196638.671 20947 24459 0.856413
196640.386 20948 24460 0.856419
196640.759 20949 24461 0.856425
196643.641 20950 24462 0.856430
196647.591 20951 24463 0.856436
196648.415 20952 24464 0.856442
196651.496 20953 24465 0.856448
196654.867 20954 24466 0.856454
196655.651 20955 24467 0.856460
196658.841 20956 24468 0.856466
196661.545 20957 24469 0.856471
196662.939 20958 24470 0.856477
196666.205 20959 24471 0.856483
196668.246 20960 24472 0.856489
196670.292 20961 24473 0.856495
196673.553 20962 24474 0.856501
196674.915 20963 24475 0.856507
196676.991 20964 24476 0.856513
196680.364 20965 24477 0.856518
196682.794 20966 24478 0.856524
196684.219 20967 24479 0.856530
196687.008 20967 24480 0.856495
196689.745 20968 24481 0.856501
196691.329 20969 24482 0.856507
196691.453 20970 24483 0.856513
196697.237 20971 24484 0.856519
196698.553 20972 24485 0.856524
196699.233 20973 24486 0.856530
196704.051 20974 24487 0.856536
196705.969 20975 24488 0.856542
196710.744 20976 24489 0.856548
196717.706 20977 24490 0.856554
196724.274 20978 24491 0.856560
196731.245 20979 24492 0.856565
196738.038 20980 24493 0.856571
196738.408 20980 24494 0.856536
196740.479 20981 24495 0.856542
196745.077 20982 24496 0.856548
196747.885 20983 24497 0.856554
196749.233 20983 24498 0.856519
196752.466 20984 24499 0.856525
196755.676 20985 24500 0.856531
196762.427 20986 24501 0.856536
196763.996 20987 24502 0.856542
196769.584 20988 24503 0.856548
196770.528 20988 24504 0.856513
196776.864 20989 24505 0.856519
196784.096 20990 24506 0.856525
196790.492 20991 24507 0.856531
196790.992 20992 24508 0.856537
196797.452 20993 24509 0.856542
196797.829 20994 24510 0.856548
196802.847 20995 24511 0.856554
196804.472 20995 24512 0.856519
196805.009 20996 24513 0.856525
196809.936 20996 24514 0.856490
196812.066 20997 24515 0.856496
196819.171 20998 24516 0.856502
196824.426 20998 24517 0.856467
196826.296 20999 24518 0.856473
196832.908 21000 24519 0.856479
196840.030 21001 24520 0.856485
196846.625 21002 24521 0.856490
196853.695 21002 24522 0.856455
196858.147 21003 24523 0.856461
196863.586 21004 24524 0.856467
196865.130 21005 24525 0.856473
196870.412 21006 24526 0.856479
196872.545 21007 24527 0.856485
196877.331 21007 24528 0.856450
196879.504 21008 24529 0.856456
196880.300 21009 24530 0.856461
196886.684 21010 24531 0.856467
196891.203 21011 24532 0.856473
196895.723 21011 24533 0.856438
196898.040 21012 24534 0.856444
196905.286 21013 24535 0.856450
196907.005 21013 24536 0.856415
196912.625 21013 24537 0.856380
196929.242 21014 24538 0.856386
196936.277 21015 24539 0.856392
196943.038 21016 24540 0.856398
196950.334 21017 24541 0.856404
196950.571 21018 24542 0.856409
196957.519 21019 24543 0.856415
196958.291 21020 24544 0.856421
196958.949 21021 24545 0.856427
196964.819 21022 24546 0.856433
196965.334 21023 24547 0.856439
196965.468 21023 24548 0.856404
196966.123 21024 24549 0.856410
196971.508 21025 24550 0.856415
196972.630 21026 24551 0.856421
196974.721 21027 24552 0.856427
196978.326 21028 24553 0.856433
196979.919 21029 24554 0.856439
196981.483 21030 24555 0.856445
196985.123 21031 24556 0.856451
196988.059 21032 24557 0.856456
196992.771 21033 24558 0.856462
196994.603 21034 24559 0.856468
196999.914 21035 24560 0.856474
197001.468 21036 24561 0.856480
197007.145 21037 24562 0.856486
197008.571 21038 24563 0.856491
197015.401 21039 24564 0.856497
197017.022 21039 24565 0.856462
197021.470 21040 24566 0.856468
197022.387 21040 24567 0.856433
197027.857 21041 24568 0.856439
197028.346 21042 24569 0.856445
197034.944 21043 24570 0.856451
197035.653 21044 24571 0.856457
197042.040 21045 24572 0.856463
197042.337 21046 24573 0.856468
197049.178 21047 24574 0.856474
197049.503 21047 24575 0.856439
197056.545 21048 24576 0.856445
197063.789 21049 24577 0.856451
197070.219 21050 24578 0.856457
197070.903 21051 24579 0.856463
197076.821 21052 24580 0.856469
197077.731 21053 24581 0.856475
197077.836 21054 24582 0.856480
197084.270 21055 24583 0.856486
197085.026 21056 24584 0.856492
197085.053 21057 24585 0.856498
197091.559 21058 24586 0.856504
197092.405 21059 24587 0.856510
197092.470 21060 24588 0.856515
197098.853 21060 24589 0.856481
197099.350 21061 24590 0.856486
197099.664 21062 24591 0.856492
197102.397 21062 24592 0.856457
197106.713 21063 24593 0.856463
197106.899 21064 24594 0.856469
197114.078 21064 24595 0.856434
197115.717 21065 24596 0.856440
197122.658 21066 24597 0.856446
197129.861 21067 24598 0.856452
197136.580 21068 24599 0.856458
197144.160 21069 24600 0.856463
197151.228 21070 24601 0.856469
197152.752 21071 24602 0.856475
197156.096 21072 24603 0.856481
197158.359 21073 24604 0.856487
197159.904 21074 24605 0.856493
197162.793 21075 24606 0.856498
197166.164 21076 24607 0.856504
197167.322 21076 24608 0.856469
197167.679 21077 24609 0.856475
197170.851 21078 24610 0.856481
197173.484 21079 24611 0.856487
197175.306 21080 24612 0.856493
197178.023 21081 24613 0.856499
197180.431 21082 24614 0.856504
197182.177 21083 24615 0.856510
197185.304 21084 24616 0.856516
197187.537 21085 24617 0.856522
197189.622 21086 24618 0.856528
197191.958 21087 24619 0.856534
197194.625 21087 24620 0.856499
197196.785 21087 24621 0.856464
197199.404 21088 24622 0.856470
197206.568 21089 24623 0.856476
197213.147 21090 24624 0.856481
197219.833 21091 24625 0.856487
197221.410 21092 24626 0.856493
197226.981 21093 24627 0.856499
197229.063 21094 24628 0.856505
197233.518 21094 24629 0.856470
197236.354 21094 24630 0.856435
197246.867 21095 24631 0.856441
197249.419 21096 24632 0.856447
197254.095 21097 24633 0.856453
197256.198 21098 24634 0.856459
197261.154 21099 24635 0.856464
197262.826 21100 24636 0.856470
197267.625 21101 24637 0.856476
197269.592 21102 24638 0.856482
197274.239 21103 24639 0.856488
197276.321 21104 24640 0.856494
197280.889 21105 24641 0.856499
197284.217 21106 24642 0.856505
197287.578 21107 24643 0.856511
197287.997 21108 24644 0.856517
197290.315 21109 24645 0.856523
197291.426 21109 24646 0.856488
197294.182 21110 24647 0.856494
197294.836 21111 24648 0.856500
197296.989 21111 24649 0.856465
197300.942 21111 24650 0.856430
197301.967 21112 24651 0.856436
197308.383 21112 24652 0.856401
197345.293 21113 24653 0.856407
197349.582 21114 24654 0.856413
197352.796 21114 24655 0.856378
197353.531 21115 24656 0.856384
197356.705 21116 24657 0.856390
197360.294 21117 24658 0.856395
197362.878 21118 24659 0.856401
197363.790 21119 24660 0.856407
197366.970 21120 24661 0.856413
197369.395 21121 24662 0.856419
197371.249 21122 24663 0.856425
197373.956 21123 24664 0.856430
197376.254 21124 24665 0.856436
197378.446 21125 24666 0.856442
197381.065 21126 24667 0.856448
197383.195 21127 24668 0.856454
197386.014 21128 24669 0.856460
197387.631 21129 24670 0.856465
197389.643 21130 24671 0.856471
197392.882 21131 24672 0.856477
197394.240 21132 24673 0.856483
197396.622 21133 24674 0.856489
197400.053 21134 24675 0.856494
197401.418 21134 24676 0.856460
197403.673 21134 24677 0.856425
197405.757 21135 24678 0.856431
197407.482 21136 24679 0.856437
197413.029 21136 24680 0.856402
197414.117 21136 24681 0.856367
197455.397 21137 24682 0.856373
197456.243 21138 24683 0.856379
197463.515 21139 24684 0.856385
197463.757 21140 24685 0.856391
197465.897 21141 24686 0.856396
197467.033 21142 24687 0.856402
197470.682 21143 24688 0.856408
197471.158 21144 24689 0.856414
197473.189 21145 24690 0.856420
197474.329 21145 24691 0.856385
197478.242 21146 24692 0.856391
197478.504 21146 24693 0.856356
197480.373 21147 24694 0.856362
197485.459 21148 24695 0.856368
197487.344 21149 24696 0.856374
197492.517 21150 24697 0.856379
197494.050 21151 24698 0.856385
197499.822 21152 24699 0.856391
197500.822 21153 24700 0.856397
197506.477 21154 24701 0.856403
197508.211 21155 24702 0.856408
197513.546 21156 24703 0.856414
197515.717 21157 24704 0.856420
197520.217 21158 24705 0.856426
197526.822 21159 24706 0.856432
197527.802 21160 24707 0.856437
197532.116 21161 24708 0.856443
197533.912 21162 24709 0.856449
197535.161 21163 24710 0.856455
197539.308 21164 24711 0.856461
197541.247 21165 24712 0.856466
197546.047 21166 24713 0.856472
197546.619 21167 24714 0.856478
197548.437 21167 24715 0.856443
197553.338 21168 24716 0.856449
197554.020 21169 24717 0.856455
197558.627 21170 24718 0.856461
197560.596 21171 24719 0.856467
197561.110 21172 24720 0.856472
197566.095 21172 24721 0.856438
197567.889 21173 24722 0.856444
197568.073 21174 24723 0.856449
197574.653 21175 24724 0.856455
197575.539 21176 24725 0.856461
197581.428 21177 24726 0.856467
197582.611 21177 24727 0.856432
197589.269 21178 24728 0.856438
197596.945 21179 24729 0.856444
197601.479 21180 24730 0.856450
197603.526 21181 24731 0.856455
197608.471 21182 24732 0.856461
197610.744 21183 24733 0.856467
197615.738 21184 24734 0.856473
197617.941 21184 24735 0.856438
197618.604 21184 24736 0.856404
197623.225 21185 24737 0.856409
197629.912 21186 24738 0.856415
197636.437 21187 24739 0.856421
197637.004 21188 24740 0.856427
197643.248 21189 24741 0.856433
197644.052 21190 24742 0.856438
197650.208 21191 24743 0.856444
197651.266 21192 24744 0.856450
197657.514 21193 24745 0.856456
197657.906 21194 24746 0.856462
197664.173 21195 24747 0.856467
197665.069 21195 24748 0.856433
197671.250 21196 24749 0.856439
197671.627 21197 24750 0.856444
197672.862 21198 24751 0.856450
197678.369 21199 24752 0.856456
197679.139 21200 24753 0.856462
197679.808 21201 24754 0.856468
197685.372 21202 24755 0.856473
197685.929 21203 24756 0.856479
197686.859 21204 24757 0.856485
197692.558 21205 24758 0.856491
197693.585 21206 24759 0.856497
197693.960 21207 24760 0.856502
197699.924 21208 24761 0.856508
197701.009 21209 24762 0.856514
197701.047 21210 24763 0.856520
197706.737 21211 24764 0.856526
197708.189 21212 24765 0.856531
197708.383 21213 24766 0.856537
197713.317 21214 24767 0.856543
197715.377 21214 24768 0.856508
197715.523 21215 24769 0.856514
197718.280 21216 24770 0.856520
197720.641 21217 24771 0.856526
197722.311 21218 24772 0.856532
197725.452 21219 24773 0.856537
197727.924 21219 24774 0.856503
197728.979 21219 24775 0.856468
197732.484 21220 24776 0.856474
197739.715 21221 24777 0.856480
197746.309 21222 24778 0.856486
197753.587 21223 24779 0.856491
197760.711 21224 24780 0.856497
197767.609 21225 24781 0.856503
197769.419 21226 24782 0.856509
197774.729 21227 24783 0.856515
197781.365 21228 24784 0.856520
197781.518 21229 24785 0.856526
197781.658 21230 24786 0.856532
197782.270 21231 24787 0.856538
197788.040 21232 24788 0.856543
197788.901 21233 24789 0.856549
197788.929 21234 24790 0.856555
197788.971 21235 24791 0.856561
197794.867 21235 24792 0.856526
197795.640 21236 24793 0.856532
197795.648 21237 24794 0.856538
197796.206 21238 24795 0.856544
197802.331 21239 24796 0.856549
197802.414 21240 24797 0.856555
197803.319 21241 24798 0.856561
197809.401 21242 24799 0.856567
197809.529 21243 24800 0.856573
197810.368 21244 24801 0.856578
197816.574 21245 24802 0.856584
197816.869 21246 24803 0.856590
197816.974 21247 24804 0.856596
197823.494 21248 24805 0.856601
197823.989 21249 24806 0.856607
197824.093 21250 24807 0.856613
197830.676 21251 24808 0.856619
197830.691 21252 24809 0.856625
197831.230 21253 24810 0.856630
197837.527 21254 24811 0.856636
197837.867 21255 24812 0.856642
197838.706 21256 24813 0.856648
197845.016 21257 24814 0.856654
197845.052 21258 24815 0.856659
197845.487 21259 24816 0.856665
197847.987 21260 24817 0.856671
197851.882 21261 24818 0.856677
197852.045 21262 24819 0.856682
197853.819 21262 24820 0.856648
197854.807 21263 24821 0.856654
197859.549 21264 24822 0.856659
197860.106 21265 24823 0.856665
197862.012 21266 24824 0.856671
197867.071 21267 24825 0.856677
197867.360 21268 24826 0.856683
197868.978 21269 24827 0.856688
197873.966 21270 24828 0.856694
197874.551 21271 24829 0.856700
197876.052 21272 24830 0.856706
197881.763 21273 24831 0.856711
197882.774 21274 24832 0.856717
197886.767 21275 24833 0.856723
197889.035 21276 24834 0.856729
197889.911 21277 24835 0.856734
197894.284 21278 24836 0.856740
197895.766 21278 24837 0.856706
197897.016 21279 24838 0.856711
197900.897 21280 24839 0.856717
197906.818 21281 24840 0.856723
197913.417 21282 24841 0.856729
197920.040 21283 24842 0.856735
197927.418 21284 24843 0.856740
197928.327 21285 24844 0.856746
197934.132 21286 24845 0.856752
197935.011 21287 24846 0.856758
197935.353 21288 24847 0.856763
197941.221 21289 24848 0.856769
197942.428 21290 24849 0.856775
197943.088 21291 24850 0.856781
197948.562 21292 24851 0.856786
197948.949 21293 24852 0.856792
197949.693 21294 24853 0.856798
197951.057 21295 24854 0.856804
197956.092 21295 24855 0.856769
197956.391 21296 24856 0.856775
197956.602 21296 24857 0.856741
197958.501 21297 24858 0.856746
197963.373 21298 24859 0.856752
197965.730 21299 24860 0.856758
197970.689 21300 24861 0.856764
197973.071 21301 24862 0.856769
197978.120 21302 24863 0.856775
197980.485 21303 24864 0.856781
197985.026 21304 24865 0.856787
197987.871 21305 24866 0.856792
197991.849 21306 24867 0.856798
197994.768 21307 24868 0.856804
197999.134 21308 24869 0.856810
198002.613 21309 24870 0.856815
198007.829 21310 24871 0.856821
198009.551 21311 24872 0.856827
198010.098 21312 24873 0.856833
198015.498 21313 24874 0.856838
198016.893 21314 24875 0.856844
198016.906 21315 24876 0.856850
198022.741 21316 24877 0.856856
198024.214 21317 24878 0.856861
198024.371 21317 24879 0.856827
198025.038 21318 24880 0.856833
198030.157 21319 24881 0.856839
198030.974 21320 24882 0.856844
198031.624 21321 24883 0.856850
198037.537 21322 24884 0.856856
198038.046 21323 24885 0.856862
198038.425 21324 24886 0.856867
198044.769 21324 24887 0.856833
198045.194 21325 24888 0.856839
198046.005 21326 24889 0.856844
198052.553 21327 24890 0.856850
198052.664 21327 24891 0.856816
198059.163 21328 24892 0.856821
198066.068 21329 24893 0.856827
198073.123 21330 24894 0.856833
198078.021 21331 24895 0.856839
198082.433 21332 24896 0.856844
198084.624 21333 24897 0.856850
198089.603 21334 24898 0.856856
198091.460 21335 24899 0.856862
198096.912 21336 24900 0.856867
198096.922 21337 24901 0.856873
198098.286 21338 24902 0.856879
198103.652 21338 24903 0.856845
198104.163 21339 24904 0.856850
198105.455 21340 24905 0.856856
198107.313 21341 24906 0.856862
198111.553 21341 24907 0.856827
198112.132 21342 24908 0.856833
198114.613 21343 24909 0.856839
198119.244 21344 24910 0.856845
198121.708 21344 24911 0.856810
198125.995 21344 24912 0.856776
198158.912 21345 24913 0.856782
198164.877 21346 24914 0.856787
198165.576 21347 24915 0.856793
198173.967 21348 24916 0.856799
198175.216 21349 24917 0.856805
198176.829 21350 24918 0.856810
198178.949 21350 24919 0.856776
198181.186 21350 24920 0.856742
198182.426 21351 24921 0.856747
198184.085 21351 24922 0.856713
198189.168 21352 24923 0.856719
198205.147 21353 24924 0.856724
198212.001 21354 24925 0.856730
198219.282 21354 24926 0.856696
198232.410 21354 24927 0.856661
198234.483 21354 24928 0.856627
198241.072 21355 24929 0.856633
198248.157 21356 24930 0.856639
198255.516 21357 24931 0.856644
198262.516 21358 24932 0.856650
198269.805 21359 24933 0.856656
198271.590 21360 24934 0.856662
198278.765 21361 24935 0.856667
198285.186 21362 24936 0.856673
198286.033 21362 24937 0.856639
198288.730 21363 24938 0.856644
198291.874 21364 24939 0.856650
198297.618 21365 24940 0.856656
198298.558 21365 24941 0.856622
198302.987 21365 24942 0.856587
198305.051 21366 24943 0.856593
198312.226 21367 24944 0.856599
198319.340 21368 24945 0.856605
198326.304 21369 24946 0.856610
198332.921 21369 24947 0.856576
198337.900 21370 24948 0.856582
198345.331 21371 24949 0.856587
198352.413 21372 24950 0.856593
198352.728 21373 24951 0.856599
198355.834 21374 24952 0.856605
198359.608 21375 24953 0.856610
198359.666 21376 24954 0.856616
198363.493 21376 24955 0.856582
198366.645 21377 24956 0.856588
198366.935 21377 24957 0.856553
198374.066 21378 24958 0.856559
198381.798 21378 24959 0.856525
198386.290 21379 24960 0.856530
198393.018 21380 24961 0.856536
198400.513 21381 24962 0.856542
198415.488 21382 24963 0.856548
198421.567 21383 24964 0.856553
198422.712 21384 24965 0.856559
198429.797 21385 24966 0.856565
198433.944 21386 24967 0.856571
198434.685 21387 24968 0.856576
198436.520 21388 24969 0.856582
198440.614 21389 24970 0.856588
198441.162 21390 24971 0.856594
198442.173 21391 24972 0.856599
198444.101 21391 24973 0.856565
198447.559 21392 24974 0.856571
198448.473 21393 24975 0.856577
198454.344 21394 24976 0.856582
198456.118 21395 24977 0.856588
198460.925 21395 24978 0.856554
198463.368 21396 24979 0.856560
198470.410 21397 24980 0.856565
198475.741 21398 24981 0.856571
198479.920 21399 24982 0.856577
198482.365 21400 24983 0.856582
198486.502 21401 24984 0.856588
198489.853 21402 24985 0.856594
198493.674 21402 24986 0.856560
198496.662 21403 24987 0.856565
198498.208 21404 24988 0.856571
198503.902 21405 24989 0.856577
198505.496 21406 24990 0.856583
198511.108 21407 24991 0.856588
198512.507 21408 24992 0.856594
198518.246 21409 24993 0.856600
198519.135 21410 24994 0.856606
198519.772 21411 24995 0.856611
198526.392 21412 24996 0.856617
198526.473 21413 24997 0.856623
198533.564 21414 24998 0.856629
198533.633 21414 24999 0.856594
198540.693 21415 25000 0.856600
198546.481 21416 25001 0.856606
198547.862 21417 25002 0.856611
198555.085 21418 25003 0.856617
198555.515 21419 25004 0.856623
198558.265 21420 25005 0.856629
198562.257 21420 25006 0.856594
198562.301 21421 25007 0.856600
198565.419 21422 25008 0.856606
198569.448 21423 25009 0.856612
198573.053 21424 25010 0.856617
198576.666 21425 25011 0.856623
198580.605 21426 25012 0.856629
198583.861 21426 25013 0.856595
198586.906 21427 25014 0.856600
198588.615 21427 25015 0.856566
198594.833 21428 25016 0.856572
198615.273 21429 25017 0.856578
198632.293 21430 25018 0.856583
198635.811 21430 25019 0.856549
198636.489 21431 25020 0.856555
198638.932 21431 25021 0.856521
198640.846 21432 25022 0.856526
198643.728 21433 25023 0.856532
198648.165 21433 25024 0.856498
198650.905 21434 25025 0.856503
198658.421 21435 25026 0.856509
198665.472 21436 25027 0.856515
198672.545 21437 25028 0.856521
198680.183 21438 25029 0.856526
198686.977 21439 25030 0.856532
198689.099 21440 25031 0.856538
198691.951 21441 25032 0.856544
198693.972 21442 25033 0.856549
198696.341 21443 25034 0.856555
198699.118 21444 25035 0.856561
198700.705 21445 25036 0.856567
198702.121 21446 25037 0.856572
198703.018 21447 25038 0.856578
198705.784 21448 25039 0.856584
198707.863 21449 25040 0.856589
198709.257 21449 25041 0.856555
198710.543 21450 25042 0.856561
198712.688 21451 25043 0.856567
198715.280 21452 25044 0.856572
198717.971 21453 25045 0.856578
198719.633 21454 25046 0.856584
198722.192 21455 25047 0.856590
198725.150 21456 25048 0.856595
198729.841 21457 25049 0.856601
198732.502 21458 25050 0.856607
198737.153 21458 25051 0.856573
198737.310 21459 25052 0.856578
198739.906 21460 25053 0.856584
198744.738 21461 25054 0.856590
198746.679 21462 25055 0.856595
198751.762 21463 25056 0.856601
198753.406 21464 25057 0.856607
198758.343 21465 25058 0.856613
198760.605 21466 25059 0.856618
198763.638 21467 25060 0.856624
198765.498 21468 25061 0.856630
198767.434 21468 25062 0.856596
198771.245 21469 25063 0.856601
198772.886 21470 25064 0.856607
198778.276 21471 25065 0.856613
198780.338 21472 25066 0.856619
198784.971 21473 25067 0.856624
198787.783 21474 25068 0.856630
198790.061 21474 25069 0.856596
198792.638 21475 25070 0.856602
198804.901 21476 25071 0.856607
198811.620 21477 25072 0.856613
198813.357 21478 25073 0.856619
198818.929 21479 25074 0.856624
198821.046 21480 25075 0.856630
198821.317 21481 25076 0.856636
198828.075 21482 25077 0.856642
198828.087 21483 25078 0.856647
198828.234 21484 25079 0.856653
198835.145 21485 25080 0.856659
198835.397 21486 25081 0.856664
198835.578 21487 25082 0.856670
198841.783 21488 25083 0.856676
198841.997 21488 25084 0.856642
198843.034 21489 25085 0.856647
198843.283 21490 25086 0.856653
198848.970 21491 25087 0.856659
198850.404 21492 25088 0.856665
198850.563 21492 25089 0.856630
198856.053 21493 25090 0.856636
198857.031 21494 25091 0.856642
198863.492 21495 25092 0.856648
198864.442 21496 25093 0.856653
198871.105 21497 25094 0.856659
198871.866 21498 25095 0.856665
198878.019 21499 25096 0.856670
198879.028 21500 25097 0.856676
198884.909 21501 25098 0.856682
198885.641 21502 25099 0.856688
198893.278 21503 25100 0.856693
198896.703 21504 25101 0.856699
198900.676 21505 25102 0.856705
198903.454 21505 25103 0.856671
198904.302 21506 25104 0.856676
198907.770 21507 25105 0.856682
198911.018 21508 25106 0.856688
198914.816 21509 25107 0.856693
198917.574 21510 25108 0.856699
198920.141 21511 25109 0.856705
198921.811 21512 25110 0.856710
198924.862 21512 25111 0.856676
198927.355 21512 25112 0.856642
198929.439 21513 25113 0.856648
198936.782 21514 25114 0.856654
198943.655 21515 25115 0.856659
198950.981 21516 25116 0.856665
198956.314 21517 25117 0.856671
198957.862 21518 25118 0.856676
198963.423 21519 25119 0.856682
198965.065 21520 25120 0.856688
198970.761 21521 25121 0.856694
198972.031 21522 25122 0.856699
198976.735 21523 25123 0.856705
198978.116 21524 25124 0.856711
198979.252 21524 25125 0.856677
198980.777 21525 25126 0.856682
198983.481 21526 25127 0.856688
198984.826 21527 25128 0.856694
198988.776 21527 25129 0.856660
198990.430 21528 25130 0.856665
198992.178 21529 25131 0.856671
198997.246 21529 25132 0.856637
198998.928 21530 25133 0.856643
199006.084 21531 25134 0.856648
199013.329 21532 25135 0.856654
199020.500 21533 25136 0.856660
199027.818 21534 25137 0.856665
199033.324 21535 25138 0.856671
199034.582 21536 25139 0.856677
199040.365 21537 25140 0.856683
199041.834 21537 25141 0.856649
199041.841 21538 25142 0.856654
199047.556 21539 25143 0.856660
199049.009 21540 25144 0.856666
199050.500 21541 25145 0.856671
199055.072 21542 25146 0.856677
199056.497 21543 25147 0.856683
199057.601 21543 25148 0.856649
199062.647 21544 25149 0.856654
199063.298 21545 25150 0.856660
199069.797 21545 25151 0.856626
199070.079 21546 25152 0.856632
199077.294 21547 25153 0.856637
199084.069 21548 25154 0.856643
199091.144 21549 25155 0.856649
199094.654 21550 25156 0.856654
199098.445 21551 25157 0.856660
199101.941 21552 25158 0.856666
199106.440 21553 25159 0.856672
199109.201 21554 25160 0.856677
199110.211 21555 25161 0.856683
199113.121 21555 25162 0.856649
199116.342 21556 25163 0.856655
199117.034 21557 25164 0.856660
199123.218 21557 25165 0.856626
199123.718 21558 25166 0.856632
199124.421 21558 25167 0.856598
199130.552 21559 25168 0.856604
199137.957 21560 25169 0.856609
199145.237 21561 25170 0.856615
199152.526 21562 25171 0.856621
199159.546 21563 25172 0.856626
199166.176 21564 25173 0.856632
199166.244 21565 25174 0.856638
199173.251 21566 25175 0.856643
199173.496 21567 25176 0.856649
199175.445 21568 25177 0.856655
199178.377 21569 25178 0.856661
199181.539 21570 25179 0.856666
199182.375 21571 25180 0.856672
199182.916 21572 25181 0.856678
199185.710 21573 25182 0.856683
199188.635 21573 25183 0.856649
199189.053 21574 25184 0.856655
199190.365 21575 25185 0.856661
199192.528 21576 25186 0.856666
199196.272 21577 25187 0.856672
199197.393 21578 25188 0.856678
199199.231 21579 25189 0.856683
199203.446 21580 25190 0.856689
199204.459 21580 25191 0.856655
199205.885 21581 25192 0.856661
199210.689 21582 25193 0.856667
199213.045 21583 25194 0.856672
199217.672 21583 25195 0.856638
199220.439 21584 25196 0.856644
199227.265 21585 25197 0.856650
199235.156 21586 25198 0.856655
199242.088 21587 25199 0.856661
199242.726 21588 25200 0.856667
199249.369 21589 25201 0.856672
199249.605 21590 25202 0.856678
199256.409 21591 25203 0.856684
199257.137 21592 25204 0.856689
199257.240 21593 25205 0.856695
199263.231 21594 25206 0.856701
199264.437 21595 25207 0.856706
199264.602 21596 25208 0.856712
199270.033 21596 25209 0.856678
199271.256 21597 25210 0.856684
199271.358 21598 25211 0.856690
199271.374 21598 25212 0.856656
199278.600 21599 25213 0.856661
199278.868 21600 25214 0.856667
199285.930 21601 25215 0.856673
199286.648 21602 25216 0.856678
199293.160 21603 25217 0.856684
199293.664 21604 25218 0.856690
199300.456 21605 25219 0.856695
199301.026 21606 25220 0.856701
199307.107 21607 25221 0.856707
199308.361 21608 25222 0.856712
199314.206 21609 25223 0.856718
199315.158 21610 25224 0.856724
199321.356 21611 25225 0.856729
199322.417 21612 25226 0.856735
199323.273 21612 25227 0.856701
199325.719 21613 25228 0.856707
199329.040 21613 25229 0.856673
199332.420 21614 25230 0.856679
199333.610 21615 25231 0.856684
199338.921 21616 25232 0.856690
199340.962 21617 25233 0.856696
199347.577 21618 25234 0.856701
199352.569 21619 25235 0.856707
199354.218 21620 25236 0.856713
199359.764 21621 25237 0.856718
199360.942 21622 25238 0.856724
199366.733 21623 25239 0.856730
199367.809 21624 25240 0.856735
199374.212 21625 25241 0.856741
199375.315 21626 25242 0.856747
199375.711 21627 25243 0.856752
199380.955 21628 25244 0.856758
199381.063 21629 25245 0.856764
199382.790 21630 25246 0.856769
199383.058 21630 25247 0.856735
199387.462 21631 25248 0.856741
199388.149 21632 25249 0.856747
199389.693 21633 25250 0.856752
199394.734 21634 25251 0.856758
199395.346 21635 25252 0.856764
199396.956 21636 25253 0.856769
199402.004 21637 25254 0.856775
199402.071 21637 25255 0.856741
199404.018 21637 25256 0.856707
199408.744 21638 25257 0.856713
199416.040 21638 25258 0.856679
199435.260 21639 25259 0.856685
199442.480 21640 25260 0.856690
199449.549 21641 25261 0.856696
199455.251 21642 25262 0.856702
199456.185 21643 25263 0.856707
199458.179 21643 25264 0.856674
199462.471 21643 25265 0.856640
199463.754 21644 25266 0.856645
199468.234 21645 25267 0.856651
199471.035 21646 25268 0.856657
199475.395 21647 25269 0.856662
199478.454 21648 25270 0.856668
199482.644 21648 25271 0.856634
199485.861 21649 25272 0.856640
199493.584 21649 25273 0.856606
199510.626 21650 25274 0.856612
199515.964 21651 25275 0.856617
199517.209 21652 25276 0.856623
199523.317 21653 25277 0.856629
199524.393 21654 25278 0.856634
199530.510 21655 25279 0.856640
199531.405 21656 25280 0.856646
199535.966 21656 25281 0.856612
199538.719 21657 25282 0.856617
199539.023 21658 25283 0.856623
199545.797 21659 25284 0.856629
199545.873 21660 25285 0.856634
199546.033 21660 25286 0.856600
199553.320 21661 25287 0.856606
199556.786 21662 25288 0.856612
199560.457 21663 25289 0.856618
199564.107 21664 25290 0.856623
199567.507 21664 25291 0.856589
199570.993 21665 25292 0.856595
199577.610 21665 25293 0.856561
199588.610 21666 25294 0.856567
199595.352 21667 25295 0.856572
199600.825 21668 25296 0.856578
199602.633 21669 25297 0.856584
199609.152 21670 25298 0.856589
199609.536 21671 25299 0.856595
199616.717 21672 25300 0.856601
199617.098 21673 25301 0.856606
199620.638 21674 25302 0.856612
199623.731 21675 25303 0.856618
199624.836 21676 25304 0.856623
199627.962 21677 25305 0.856629
199631.304 21678 25306 0.856635
199632.366 21679 25307 0.856640
199635.432 21680 25308 0.856646
199638.836 21681 25309 0.856652
199639.714 21682 25310 0.856657
199640.431 21683 25311 0.856663
199642.340 21684 25312 0.856669
199645.750 21685 25313 0.856674
199647.242 21685 25314 0.856641
199647.668 21686 25315 0.856646
199652.794 21686 25316 0.856612
199655.535 21687 25317 0.856618
199655.571 21688 25318 0.856624
199662.259 21689 25319 0.856629
199663.187 21690 25320 0.856635
199668.955 21691 25321 0.856641
199670.298 21692 25322 0.856646
199675.786 21693 25323 0.856652
199677.347 21694 25324 0.856658
199682.969 21695 25325 0.856663
199685.149 21696 25326 0.856669
199689.702 21697 25327 0.856675
199692.537 21698 25328 0.856680
199699.595 21699 25329 0.856686
199699.661 21700 25330 0.856692
199700.027 21700 25331 0.856658
199706.407 21701 25332 0.856664
199707.291 21702 25333 0.856669
199707.440 21703 25334 0.856675
199714.135 21704 25335 0.856680
199714.820 21705 25336 0.856686
199714.844 21706 25337 0.856692
199721.478 21707 25338 0.856697
199721.566 21708 25339 0.856703
199721.982 21708 25340 0.856669
199728.345 21709 25341 0.856675
199728.902 21709 25342 0.856641
199735.748 21710 25343 0.856647
199743.024 21711 25344 0.856652
199749.863 21712 25345 0.856658
199755.263 21713 25346 0.856664
199757.077 21713 25347 0.856630
199762.082 21714 25348 0.856636
199768.784 21715 25349 0.856641
199775.290 21716 25350 0.856647
199776.015 21717 25351 0.856653
199781.266 21718 25352 0.856658
199782.380 21719 25353 0.856664
199782.847 21720 25354 0.856670
199788.489 21721 25355 0.856675
199789.675 21722 25356 0.856681
199789.792 21723 25357 0.856687
199795.247 21724 25358 0.856692
199796.859 21725 25359 0.856698
199797.231 21726 25360 0.856703
199804.158 21727 25361 0.856709
199804.706 21728 25362 0.856715
199805.333 21729 25363 0.856720
199810.693 21730 25364 0.856726
199810.742 21731 25365 0.856732
199812.176 21732 25366 0.856737
199812.771 21733 25367 0.856743
199818.096 21733 25368 0.856709
199818.379 21734 25369 0.856715
199819.495 21735 25370 0.856721
199820.257 21736 25371 0.856726
199826.899 21737 25372 0.856732
199827.008 21738 25373 0.856737
199834.152 21738 25374 0.856704
199834.237 21738 25375 0.856670
199845.203 21739 25376 0.856676
199852.176 21740 25377 0.856681
199868.688 21741 25378 0.856687
199871.074 21742 25379 0.856693
199876.089 21742 25380 0.856659
199878.067 21743 25381 0.856664
199884.744 21744 25382 0.856670
199886.693 21745 25383 0.856676
199886.876 21746 25384 0.856681
199892.697 21747 25385 0.856687
199893.796 21748 25386 0.856693
199894.185 21749 25387 0.856698
199900.630 21750 25388 0.856704
199901.452 21751 25389 0.856710
199901.960 21752 25390 0.856715
199907.212 21752 25391 0.856682
199909.043 21753 25392 0.856687
199909.166 21753 25393 0.856653
199915.939 21754 25394 0.856659
199923.169 21755 25395 0.856665
199930.112 21756 25396 0.856670
199930.480 21757 25397 0.856676
199937.167 21758 25398 0.856682
199937.765 21759 25399 0.856687
199944.818 21760 25400 0.856693
199945.215 21761 25401 0.856699
199952.089 21762 25402 0.856704
199952.352 21763 25403 0.856710
199959.247 21764 25404 0.856715
199959.249 21765 25405 0.856721
199959.459 21766 25406 0.856727
199961.058 21766 25407 0.856693
199966.081 21767 25408 0.856699
199966.291 21768 25409 0.856704
199966.717 21769 25410 0.856710
199972.813 21770 25411 0.856716
199973.423 21771 25412 0.856721
199973.934 21772 25413 0.856727
199979.607 21773 25414 0.856733
199980.676 21774 25415 0.856738
199981.259 21775 25416 0.856744
199986.218 21776 25417 0.856749
199987.494 21777 25418 0.856755
199988.484 21778 25419 0.856761
199993.312 21779 25420 0.856766
199994.808 21780 25421 0.856772
199995.760 21781 25422 0.856778
200000.846 21782 25423 0.856783
200001.581 21783 25424 0.856789
200002.616 21784 25425 0.856794
200008.692 21785 25426 0.856800
200009.570 21786 25427 0.856806
200009.823 21787 25428 0.856811
200012.747 21788 25429 0.856817
200016.454 21789 25430 0.856823
200017.165 21790 25431 0.856828
200020.350 21791 25432 0.856834
200021.173 21792 25433 0.856840
200023.747 21793 25434 0.856845
200024.642 21794 25435 0.856851
200027.761 21795 25436 0.856856
200028.556 21796 25437 0.856862
200031.335 21797 25438 0.856868
200032.165 21798 25439 0.856873
200035.223 21799 25440 0.856879
200035.569 21800 25441 0.856885
200038.662 21800 25442 0.856851
200039.818 21801 25443 0.856857
200042.395 21802 25444 0.856862
200043.031 21803 25445 0.856868
200047.843 21804 25446 0.856873
200049.319 21805 25447 0.856879
200055.308 21806 25448 0.856885
200055.400 21807 25449 0.856890
200062.618 21808 25450 0.856896
200069.922 21809 25451 0.856901
200076.896 21810 25452 0.856907
200083.219 21811 25453 0.856913
200084.321 21812 25454 0.856918
200089.135 21813 25455 0.856924
200090.803 21814 25456 0.856930
200091.214 21815 25457 0.856935
200095.603 21816 25458 0.856941
200096.000 21816 25459 0.856907
200098.314 21817 25460 0.856913
200098.631 21818 25461 0.856918
200102.403 21819 25462 0.856924
200105.603 21820 25463 0.856930
200105.628 21821 25464 0.856935
200109.894 21822 25465 0.856941
200112.259 21823 25466 0.856947
200113.188 21824 25467 0.856952
200118.961 21825 25468 0.856958
200120.766 21826 25469 0.856963
200126.426 21827 25470 0.856969
200128.355 21827 25471 0.856935
200131.427 21827 25472 0.856902
200133.245 21828 25473 0.856907
200141.013 21829 25474 0.856913
200148.454 21830 25475 0.856919
200150.800 21831 25476 0.856924
200155.487 21832 25477 0.856930
200158.586 21832 25478 0.856896
200162.316 21832 25479 0.856863
200181.328 21833 25480 0.856868
200183.944 21833 25481 0.856835
200188.773 21834 25482 0.856840
200196.278 21835 25483 0.856846
200203.693 21836 25484 0.856851
200211.077 21837 25485 0.856857
200211.505 21838 25486 0.856863
200217.029 21839 25487 0.856868
200218.274 21840 25488 0.856874
200218.846 21841 25489 0.856879
200224.237 21842 25490 0.856885
200225.612 21843 25491 0.856891
200225.640 21844 25492 0.856896
200231.628 21845 25493 0.856902
200232.834 21846 25494 0.856908
200233.208 21847 25495 0.856913
200237.368 21847 25496 0.856880
200238.374 21848 25497 0.856885
200239.997 21849 25498 0.856891
200240.747 21850 25499 0.856896
200245.093 21851 25500 0.856902
200247.457 21852 25501 0.856908
200247.504 21853 25502 0.856913
200251.886 21854 25503 0.856919
200254.185 21855 25504 0.856924
200254.926 21855 25505 0.856891
200259.028 21856 25506 0.856896
200261.746 21857 25507 0.856902
200266.263 21858 25508 0.856908
200273.313 21858 25509 0.856874
200279.812 21859 25510 0.856880
200287.431 21860 25511 0.856885
200289.776 21861 25512 0.856891
200294.620 21862 25513 0.856896
200296.806 21863 25514 0.856902
200301.851 21864 25515 0.856908
200304.037 21865 25516 0.856913
200307.499 21866 25517 0.856919
200309.299 21867 25518 0.856925
200311.196 21868 25519 0.856930
200314.711 21869 25520 0.856936
200316.495 21870 25521 0.856941
200318.451 21871 25522 0.856947
200322.117 21872 25523 0.856953
200325.516 21872 25524 0.856919
200326.390 21873 25525 0.856925
200329.433 21874 25526 0.856930
200333.694 21875 25527 0.856936
200335.725 21876 25528 0.856941
200336.731 21877 25529 0.856947
200341.110 21878 25530 0.856953
200343.316 21879 25531 0.856958
200343.892 21880 25532 0.856964
200349.060 21881 25533 0.856969
200350.470 21881 25534 0.856936
200351.115 21882 25535 0.856941
200356.652 21883 25536 0.856947
200357.862 21884 25537 0.856953
200364.062 21884 25538 0.856919
200364.981 21885 25539 0.856925
200372.329 21886 25540 0.856930
200378.911 21887 25541 0.856936
200379.917 21888 25542 0.856942
200386.284 21889 25543 0.856947
200386.753 21890 25544 0.856953
200393.243 21890 25545 0.856919
200393.333 21891 25546 0.856925
200399.817 21891 25547 0.856891
200405.219 21891 25548 0.856858
200416.230 21891 25549 0.856824
200449.782 21892 25550 0.856830
200452.159 21893 25551 0.856835
200457.648 21894 25552 0.856841
200458.102 21894 25553 0.856807
200459.474 21895 25554 0.856813
200464.375 21896 25555 0.856819
200467.706 21897 25556 0.856824
200469.279 21898 25557 0.856830
200471.644 21898 25558 0.856796
200475.100 21898 25559 0.856763
200476.770 21899 25560 0.856768
200484.240 21900 25561 0.856774
200490.984 21901 25562 0.856780
200497.948 21901 25563 0.856746
200512.903 21902 25564 0.856752
200519.539 21903 25565 0.856757
200525.379 21904 25566 0.856763
200526.732 21905 25567 0.856768
200529.075 21906 25568 0.856774
200532.734 21907 25569 0.856780
200533.983 21908 25570 0.856785
200535.904 21909 25571 0.856791
200540.536 21909 25572 0.856757
200540.959 21910 25573 0.856763
200543.590 21911 25574 0.856769
200548.402 21912 25575 0.856774
200550.952 21913 25576 0.856780
200552.108 21914 25577 0.856785
200555.648 21915 25578 0.856791
200557.948 21915 25579 0.856757
200559.451 21916 25580 0.856763
200563.032 21917 25581 0.856769
200566.787 21917 25582 0.856735
200570.348 21918 25583 0.856741
200577.551 21919 25584 0.856746
200584.257 21920 25585 0.856752
200591.439 21921 25586 0.856758
200594.142 21922 25587 0.856763
200598.676 21923 25588 0.856769
200601.391 21924 25589 0.856774
200605.956 21925 25590 0.856780
200608.307 21925 25591 0.856747
200611.139 21926 25592 0.856752
200613.108 21927 25593 0.856758
200618.278 21927 25594 0.856724
200620.321 21928 25595 0.856730
200620.618 21929 25596 0.856735
200627.408 21930 25597 0.856741
200627.555 21931 25598 0.856747
200634.182 21932 25599 0.856752
200634.996 21933 25600 0.856758
200640.966 21934 25601 0.856763
200648.889 21935 25602 0.856769
200649.073 21936 25603 0.856775
200656.112 21937 25604 0.856780
200656.220 21938 25605 0.856786
200661.513 21938 25606 0.856752
200662.969 21939 25607 0.856758
200663.353 21940 25608 0.856764
200669.854 21941 25609 0.856769
200670.148 21942 25610 0.856775
200671.054 21943 25611 0.856780
200677.199 21944 25612 0.856786
200677.296 21945 25613 0.856791
200677.609 21946 25614 0.856797
200684.128 21947 25615 0.856803
200684.299 21948 25616 0.856808
200684.593 21948 25617 0.856775
200690.917 21949 25618 0.856780
200691.594 21950 25619 0.856786
200698.186 21951 25620 0.856792
200698.795 21952 25621 0.856797
200704.883 21953 25622 0.856803
200705.942 21954 25623 0.856808
200712.222 21955 25624 0.856814
200713.176 21956 25625 0.856820
200715.376 21957 25626 0.856825
200718.804 21958 25627 0.856831
200719.942 21959 25628 0.856836
200723.812 21960 25629 0.856842
200726.254 21961 25630 0.856847
200727.482 21962 25631 0.856853
200730.573 21963 25632 0.856859
200733.373 21964 25633 0.856864
200734.177 21965 25634 0.856870
200736.384 21966 25635 0.856875
200737.338 21966 25636 0.856842
200740.849 21967 25637 0.856848
200741.405 21968 25638 0.856853
200743.645 21969 25639 0.856859
200748.151 21970 25640 0.856864
200750.359 21971 25641 0.856870
200754.902 21971 25642 0.856836
200755.585 21972 25643 0.856842
200757.637 21973 25644 0.856848
200762.894 21974 25645 0.856853
200765.429 21975 25646 0.856859
200770.178 21975 25647 0.856825
200772.685 21976 25648 0.856831
200779.498 21977 25649 0.856837
200786.246 21978 25650 0.856842
200790.512 21979 25651 0.856848
200793.438 21980 25652 0.856853
200797.670 21981 25653 0.856859
200800.047 21982 25654 0.856864
200805.963 21983 25655 0.856870
200807.329 21983 25656 0.856837
200809.108 21984 25657 0.856842
200813.330 21985 25658 0.856848
200816.249 21986 25659 0.856853
200820.286 21986 25660 0.856820
200823.905 21987 25661 0.856826
200824.223 21988 25662 0.856831
200831.012 21989 25663 0.856837
200831.209 21990 25664 0.856842
200837.603 21991 25665 0.856848
200838.321 21992 25666 0.856853
200844.847 21993 25667 0.856859
200845.635 21993 25668 0.856826
200851.520 21993 25669 0.856792
200860.722 21994 25670 0.856798
200867.775 21994 25671 0.856764
200874.195 21995 25672 0.856770
200881.445 21995 25673 0.856737
200898.948 21996 25674 0.856742
200905.777 21997 25675 0.856748
200906.509 21998 25676 0.856753
200912.867 21999 25677 0.856759
200914.038 22000 25678 0.856765
200920.188 22001 25679 0.856770
200920.854 22002 25680 0.856776
200921.558 22003 25681 0.856781
200927.777 22004 25682 0.856787
200928.427 22005 25683 0.856792
200928.464 22006 25684 0.856798
200934.224 22007 25685 0.856804
200935.258 22007 25686 0.856770
200935.454 22007 25687 0.856737
200939.839 22007 25688 0.856704
200941.945 22007 25689 0.856670
200988.867 22008 25690 0.856676
200989.308 22009 25691 0.856681
200993.010 22009 25692 0.856648
200995.065 22010 25693 0.856654
200995.928 22011 25694 0.856659
200996.136 22011 25695 0.856626
200999.907 22012 25696 0.856631
201002.354 22013 25697 0.856637
201003.196 22013 25698 0.856604
201007.878 22014 25699 0.856609
201009.124 22015 25700 0.856615
201015.411 22016 25701 0.856620
201016.149 22017 25702 0.856626
201022.598 22017 25703 0.856593
201023.679 22017 25704 0.856559
201048.849 22018 25705 0.856565
201055.612 22019 25706 0.856570
201056.281 22020 25707 0.856576
201062.690 22021 25708 0.856582
201063.615 22022 25709 0.856587
201069.189 22023 25710 0.856593
201071.307 22024 25711 0.856598
201075.691 22025 25712 0.856604
201077.132 22026 25713 0.856609
201078.132 22027 25714 0.856615
201082.586 22027 25715 0.856582
201085.304 22027 25716 0.856548
201091.200 22027 25717 0.856515
201100.463 22028 25718 0.856521
201107.811 22029 25719 0.856526
201115.102 22030 25720 0.856532
201124.671 22031 25721 0.856537
201132.006 22032 25722 0.856543
201134.635 22033 25723 0.856549
201138.436 22034 25724 0.856554
201139.554 22035 25725 0.856560
201142.022 22036 25726 0.856565
201142.944 22036 25727 0.856532
201145.295 22037 25728 0.856538
201146.418 22038 25729 0.856543
201151.297 22039 25730 0.856549
201153.157 22040 25731 0.856554
201154.033 22041 25732 0.856560
201158.129 22042 25733 0.856565
201161.372 22043 25734 0.856571
201161.530 22044 25735 0.856577
201165.455 22045 25736 0.856582
201168.288 22046 25737 0.856588
201169.056 22047 25738 0.856593
201172.779 22048 25739 0.856599
201175.068 22049 25740 0.856605
201176.310 22050 25741 0.856610
201179.758 22050 25742 0.856577
201182.508 22050 25743 0.856544
201183.571 22051 25744 0.856549
201191.471 22052 25745 0.856555
201196.038 22053 25746 0.856560
201198.119 22054 25747 0.856566
201203.575 22055 25748 0.856571
201205.490 22056 25749 0.856577
201210.485 22057 25750 0.856583
201212.626 22058 25751 0.856588
201217.235 22059 25752 0.856594
201219.685 22060 25753 0.856599
201223.997 22061 25754 0.856605
201227.289 22062 25755 0.856610
201230.713 22063 25756 0.856616
201231.621 22064 25757 0.856622
201235.020 22064 25758 0.856588
201236.842 22064 25759 0.856555
201237.446 22064 25760 0.856522
201238.953 22065 25761 0.856527
201245.781 22065 25762 0.856494
201288.311 22066 25763 0.856500
201290.244 22067 25764 0.856505
201290.404 22067 25765 0.856472
201295.162 22068 25766 0.856478
201297.571 22069 25767 0.856483
201299.608 22070 25768 0.856489
201301.972 22071 25769 0.856494
201304.883 22071 25770 0.856461
201306.830 22071 25771 0.856428
201309.248 22072 25772 0.856433
201314.271 22073 25773 0.856439
201316.262 22074 25774 0.856444
201321.668 22075 25775 0.856450
201323.839 22076 25776 0.856456
201328.426 22077 25777 0.856461
201330.759 22078 25778 0.856467
201335.061 22078 25779 0.856434
201337.732 22078 25780 0.856400
201343.396 22079 25781 0.856406
201350.722 22080 25782 0.856411
201357.966 22081 25783 0.856417
201358.405 22081 25784 0.856384
201365.282 22082 25785 0.856389
201372.239 22083 25786 0.856395
201380.075 22084 25787 0.856401
201387.021 22085 25788 0.856406
201389.247 22086 25789 0.856412
201391.333 22087 25790 0.856417
201394.585 22088 25791 0.856423
201396.622 22089 25792 0.856428
201398.666 22090 25793 0.856434
201401.948 22091 25794 0.856439
201403.958 22092 25795 0.856445
201405.640 22093 25796 0.856451
201408.704 22094 25797 0.856456
201411.158 22095 25798 0.856462
201412.738 22096 25799 0.856467
201415.553 22096 25800 0.856434
201418.366 22097 25801 0.856440
201418.653 22097 25802 0.856406
201420.394 22097 25803 0.856373
201425.741 22098 25804 0.856379
201433.224 22099 25805 0.856384
201449.849 22099 25806 0.856351
201469.700 22100 25807 0.856357
201471.768 22101 25808 0.856362
201478.986 22101 25809 0.856329
201479.678 22102 25810 0.856335
201480.879 22103 25811 0.856340
201487.044 22104 25812 0.856346
201488.121 22105 25813 0.856351
201494.546 22105 25814 0.856318
201495.545 22106 25815 0.856324
201502.873 22107 25816 0.856329
201504.336 22108 25817 0.856335
201510.128 22109 25818 0.856341
201512.081 22110 25819 0.856346
201517.137 22111 25820 0.856352
201518.740 22112 25821 0.856357
201523.941 22113 25822 0.856363
201526.141 22114 25823 0.856368
201530.870 22115 25824 0.856374
201531.542 22116 25825 0.856379
201533.457 22117 25826 0.856385
201538.189 22118 25827 0.856391
201538.439 22119 25828 0.856396
201540.161 22120 25829 0.856402
201545.100 22121 25830 0.856407
201545.193 22122 25831 0.856413
201547.283 22123 25832 0.856418
201548.052 22124 25833 0.856424
201552.388 22125 25834 0.856430
201552.480 22126 25835 0.856435
201554.002 22127 25836 0.856441
201555.358 22128 25837 0.856446
201559.720 22129 25838 0.856452
201559.746 22130 25839 0.856457
201561.392 22131 25840 0.856463
201562.559 22132 25841 0.856468
201566.946 22133 25842 0.856474
201567.190 22134 25843 0.856480
201568.371 22135 25844 0.856485
201570.128 22136 25845 0.856491
201574.184 22137 25846 0.856496
201574.215 22138 25847 0.856502
201575.051 22139 25848 0.856507
201577.250 22140 25849 0.856513
201581.013 22141 25850 0.856518
201581.655 22141 25851 0.856485
201582.354 22142 25852 0.856491
201584.161 22143 25853 0.856496
201587.880 22144 25854 0.856502
201589.595 22145 25855 0.856507
201591.651 22146 25856 0.856513
201595.428 22147 25857 0.856519
201596.427 22148 25858 0.856524
201599.052 22149 25859 0.856530
201602.762 22150 25860 0.856535
201603.485 22150 25861 0.856502
201610.101 22151 25862 0.856508
201616.924 22151 25863 0.856475
201633.795 22152 25864 0.856480
201639.399 22153 25865 0.856486
201641.002 22154 25866 0.856491
201646.344 22155 25867 0.856497
201647.723 22155 25868 0.856464
201653.702 22156 25869 0.856469
201657.532 22157 25870 0.856475
201664.915 22158 25871 0.856480
201670.685 22159 25872 0.856486
201671.022 22160 25873 0.856491
201672.370 22161 25874 0.856497
201678.144 22162 25875 0.856502
201678.459 22163 25876 0.856508
201685.799 22164 25877 0.856514
201688.522 22165 25878 0.856519
201693.102 22166 25879 0.856525
201695.888 22167 25880 0.856530
201699.588 22168 25881 0.856536
201700.527 22169 25882 0.856541
201703.241 22170 25883 0.856547
201707.454 22171 25884 0.856552
201709.280 22172 25885 0.856558
201710.789 22172 25886 0.856525
201716.869 22173 25887 0.856530
201717.033 22174 25888 0.856536
201724.178 22175 25889 0.856541
201724.444 22176 25890 0.856547
201725.530 22176 25891 0.856514
201731.444 22177 25892 0.856519
201731.999 22178 25893 0.856525
201739.003 22179 25894 0.856530
201739.820 22180 25895 0.856536
201746.758 22181 25896 0.856542
201747.035 22182 25897 0.856547
201753.891 22183 25898 0.856553
201754.389 22183 25899 0.856520
201761.265 22184 25900 0.856525
201764.529 22185 25901 0.856531
201768.191 22185 25902 0.856498
201771.564 22186 25903 0.856503
201778.855 22187 25904 0.856509
201779.239 22188 25905 0.856514
201786.398 22188 25906 0.856481
201786.928 22189 25907 0.856487
201807.859 22189 25908 0.856454
201821.577 22189 25909 0.856421
201831.279 22190 25910 0.856426
201838.872 22191 25911 0.856432
201840.660 22192 25912 0.856437
201846.424 22193 25913 0.856443
201847.475 22194 25914 0.856448
201854.146 22195 25915 0.856454
201854.776 22196 25916 0.856459
201861.555 22197 25917 0.856465
201861.717 22197 25918 0.856432
201865.497 22198 25919 0.856437
201869.002 22199 25920 0.856443
201874.902 22199 25921 0.856410
201875.096 22200 25922 0.856415
201876.377 22201 25923 0.856421
201882.391 22202 25924 0.856426
201883.108 22203 25925 0.856432
201890.407 22203 25926 0.856399
201900.058 22204 25927 0.856405
201906.669 22205 25928 0.856410
201914.073 22206 25929 0.856416
201914.797 22207 25930 0.856421
201921.505 22208 25931 0.856427
201921.558 22209 25932 0.856432
201928.946 22210 25933 0.856438
201929.245 22211 25934 0.856443
201929.486 22212 25935 0.856449
201936.253 22213 25936 0.856454
201937.374 22214 25937 0.856460
201937.634 22215 25938 0.856465
201943.028 22216 25939 0.856471
201943.791 22217 25940 0.856476
201944.464 22218 25941 0.856482
201944.750 22219 25942 0.856488
201950.326 22220 25943 0.856493
201950.450 22221 25944 0.856499
201951.504 22222 25945 0.856504
201952.482 22223 25946 0.856510
201957.194 22224 25947 0.856515
201958.889 22225 25948 0.856521
201960.005 22226 25949 0.856526
201963.871 22227 25950 0.856532
201965.823 22228 25951 0.856537
201967.323 22229 25952 0.856543
201968.174 22230 25953 0.856548
201971.055 22231 25954 0.856554
201973.058 22232 25955 0.856559
201974.196 22233 25956 0.856565
201975.411 22234 25957 0.856570
201977.973 22235 25958 0.856576
201981.131 22236 25959 0.856582
201981.584 22236 25960 0.856549
201982.732 22237 25961 0.856554
201985.249 22238 25962 0.856560
201988.079 22239 25963 0.856565
201990.210 22240 25964 0.856571
201992.436 22241 25965 0.856576
201994.799 22242 25966 0.856582
201998.012 22243 25967 0.856587
201999.908 22244 25968 0.856593
202002.109 22245 25969 0.856598
202004.648 22246 25970 0.856604
202007.057 22247 25971 0.856609
202009.540 22248 25972 0.856615
202011.967 22249 25973 0.856620
202013.850 22250 25974 0.856626
202017.098 22251 25975 0.856631
202019.382 22252 25976 0.856637
202021.116 22253 25977 0.856642
202025.622 22254 25978 0.856648
202026.623 22255 25979 0.856653
202028.517 22256 25980 0.856659
202032.929 22256 25981 0.856626
202033.408 22257 25982 0.856632
202034.914 22257 25983 0.856599
202036.158 22258 25984 0.856604
202040.425 22259 25985 0.856610
202043.453 22260 25986 0.856615
202047.317 22261 25987 0.856621
202050.711 22262 25988 0.856626
202054.783 22263 25989 0.856632
202058.031 22264 25990 0.856637
202062.221 22265 25991 0.856643
202065.593 22266 25992 0.856648
202068.867 22267 25993 0.856654
202073.484 22268 25994 0.856659
202075.825 22269 25995 0.856665
202080.959 22270 25996 0.856670
202083.168 22271 25997 0.856676
202085.150 22271 25998 0.856643
202087.520 22271 25999 0.856610
202087.739 22272 26000 0.856615
202090.502 22273 26001 0.856621
202094.932 22274 26002 0.856626
202097.871 22275 26003 0.856632
202101.776 22276 26004 0.856637
202105.326 22277 26005 0.856643
202108.969 22278 26006 0.856648
202112.901 22279 26007 0.856654
202115.946 22280 26008 0.856659
202120.064 22281 26009 0.856665
202126.249 22282 26010 0.856671
202127.284 22283 26011 0.856676
202133.652 22284 26012 0.856682
202134.717 22285 26013 0.856687
202137.182 22286 26014 0.856693
202140.591 22287 26015 0.856698
202141.118 22288 26016 0.856704
202141.968 22289 26017 0.856709
202144.494 22290 26018 0.856715
202147.708 22291 26019 0.856720
202148.834 22292 26020 0.856726
202151.362 22293 26021 0.856731
202152.107 22294 26022 0.856737
202155.190 22295 26023 0.856742
202156.424 22295 26024 0.856709
202159.639 22296 26025 0.856715
202162.635 22297 26026 0.856720
202167.173 22298 26027 0.856726
202170.863 22299 26028 0.856731
202176.395 22300 26029 0.856737
202178.277 22301 26030 0.856742
202183.292 22301 26031 0.856709
202185.899 22302 26032 0.856715
202193.474 22303 26033 0.856720
202194.512 22304 26034 0.856726
202200.935 22304 26035 0.856693
202204.045 22304 26036 0.856660
202209.642 22305 26037 0.856666
202216.527 22306 26038 0.856671
202223.777 22307 26039 0.856677
202231.050 22308 26040 0.856682
202236.528 22309 26041 0.856688
202238.367 22310 26042 0.856693
202247.795 22311 26043 0.856699
202255.221 22312 26044 0.856704
202255.823 22313 26045 0.856710
202257.822 22314 26046 0.856715
202258.025 22314 26047 0.856682
202262.585 22315 26048 0.856688
202263.568 22316 26049 0.856693
202265.422 22317 26050 0.856699
202270.054 22318 26051 0.856704
202270.796 22319 26052 0.856710
202272.203 22320 26053 0.856715
202277.651 22320 26054 0.856682
202278.253 22321 26055 0.856688
202279.691 22322 26056 0.856693
202285.060 22323 26057 0.856699
202286.588 22324 26058 0.856704
202293.405 22325 26059 0.856710
202293.471 22326 26060 0.856715
202300.896 22326 26061 0.856682
202300.954 22327 26062 0.856688
202308.021 22328 26063 0.856693
202312.783 22328 26064 0.856661
202315.510 22328 26065 0.856628
202333.418 22329 26066 0.856633
202340.756 22330 26067 0.856639
202347.871 22330 26068 0.856606
202354.112 22331 26069 0.856611
202361.148 22332 26070 0.856617
202367.745 22332 26071 0.856584
202369.216 22333 26072 0.856589
202369.760 22334 26073 0.856595
202376.758 22334 26074 0.856562
202376.995 22335 26075 0.856568
202384.910 22336 26076 0.856573
202392.388 22337 26077 0.856579
202401.432 22338 26078 0.856584
202402.142 22339 26079 0.856590
202408.156 22340 26080 0.856595
202408.848 22341 26081 0.856601
202415.312 22342 26082 0.856606
202416.130 22342 26083 0.856573
202422.406 22343 26084 0.856579
202422.554 22344 26085 0.856584
202429.648 22344 26086 0.856551
202430.117 22345 26087 0.856557
202430.435 22346 26088 0.856562
202437.373 22347 26089 0.856568
202444.188 22348 26090 0.856573
202451.088 22349 26091 0.856579
202458.520 22350 26092 0.856584
202463.583 22351 26093 0.856590
202465.434 22351 26094 0.856557
202469.283 22352 26095 0.856563
202470.996 22353 26096 0.856568
202476.613 22354 26097 0.856574
202478.093 22355 26098 0.856579
202482.593 22356 26099 0.856585
202483.790 22357 26100 0.856590
202485.198 22357 26101 0.856557
202490.067 22358 26102 0.856563
202490.691 22359 26103 0.856568
202498.113 22360 26104 0.856574
202498.340 22361 26105 0.856579
202504.786 22362 26106 0.856585
202505.092 22363 26107 0.856590
202511.581 22364 26108 0.856596
202511.929 22365 26109 0.856601
202518.791 22366 26110 0.856607
202519.196 22367 26111 0.856612
202519.969 22368 26112 0.856618
202525.695 22368 26113 0.856585
202526.476 22369 26114 0.856590
202533.965 22370 26115 0.856596
202534.633 22371 26116 0.856601
202538.370 22372 26117 0.856607
202541.470 22372 26118 0.856574
202543.858 22373 26119 0.856580
202545.870 22374 26120 0.856585
202548.715 22375 26121 0.856590
202550.979 22375 26122 0.856558
202552.667 22376 26123 0.856563
202556.008 22377 26124 0.856569
202559.360 22378 26125 0.856574
202563.303 22379 26126 0.856580
202566.573 22380 26127 0.856585
202573.957 22381 26128 0.856591
202578.005 22382 26129 0.856596
202581.343 22383 26130 0.856602
202586.085 22384 26131 0.856607
202588.330 22385 26132 0.856613
202593.123 22386 26133 0.856618
202596.137 22387 26134 0.856624
202600.756 22388 26135 0.856629
202602.276 22389 26136 0.856635
202603.815 22389 26137 0.856602
202604.320 22389 26138 0.856569
202608.252 22390 26139 0.856574
202609.410 22391 26140 0.856580
202615.819 22392 26141 0.856585
202616.669 22393 26142 0.856591
202623.419 22394 26143 0.856596
202624.123 22395 26144 0.856602
202631.019 22396 26145 0.856607
202636.834 22397 26146 0.856613
202638.571 22398 26147 0.856618
202646.008 22399 26148 0.856624
202648.140 22400 26149 0.856629
202653.299 22401 26150 0.856635
202654.926 22402 26151 0.856640
202656.574 22402 26152 0.856608
202658.355 22403 26153 0.856613
202660.358 22404 26154 0.856618
202662.712 22405 26155 0.856624
202666.411 22406 26156 0.856629
202667.626 22407 26157 0.856635
202669.849 22408 26158 0.856640
202673.293 22409 26159 0.856646
202674.595 22410 26160 0.856651
202677.388 22411 26161 0.856657
202680.601 22412 26162 0.856662
202681.642 22413 26163 0.856668
202685.058 22414 26164 0.856673
202687.985 22415 26165 0.856679
202688.620 22416 26166 0.856684
202692.427 22417 26167 0.856690
202695.752 22418 26168 0.856695
202699.244 22419 26169 0.856701
202699.678 22420 26170 0.856706
202702.467 22420 26171 0.856673
202706.065 22421 26172 0.856679
202707.132 22422 26173 0.856684
202710.648 22423 26174 0.856690
202712.926 22424 26175 0.856695
202714.643 22425 26176 0.856701
202717.692 22426 26177 0.856706
202720.414 22427 26178 0.856712
202721.944 22428 26179 0.856717
202725.191 22429 26180 0.856723
202727.820 22430 26181 0.856728
202728.794 22430 26182 0.856695
202732.098 22430 26183 0.856663
202735.024 22431 26184 0.856668
202741.942 22432 26185 0.856674
202748.755 22433 26186 0.856679
202755.946 22434 26187 0.856685
202756.245 22435 26188 0.856690
202763.315 22436 26189 0.856696
202763.907 22437 26190 0.856701
202770.577 22438 26191 0.856707
202777.336 22439 26192 0.856712
202782.436 22440 26193 0.856717
202784.198 22441 26194 0.856723
202785.030 22442 26195 0.856728
202790.281 22443 26196 0.856734
202790.874 22444 26197 0.856739
202792.362 22445 26198 0.856745
202796.084 22446 26199 0.856750
202797.669 22447 26200 0.856756
202798.034 22448 26201 0.856761
202799.519 22449 26202 0.856767
202803.718 22450 26203 0.856772
202805.250 22451 26204 0.856778
202805.652 22452 26205 0.856783
202806.911 22453 26206 0.856789
202811.237 22454 26207 0.856794
202812.076 22455 26208 0.856799
202813.291 22456 26209 0.856805
202813.745 22457 26210 0.856810
202818.620 22458 26211 0.856816
202819.512 22459 26212 0.856821
202820.587 22459 26213 0.856789
202821.241 22460 26214 0.856794
202825.813 22461 26215 0.856800
202827.138 22462 26216 0.856805
202828.566 22463 26217 0.856810
202833.137 22464 26218 0.856816
202833.971 22464 26219 0.856783
202835.472 22465 26220 0.856789
202840.528 22466 26221 0.856794
202842.943 22467 26222 0.856800
202847.779 22468 26223 0.856805
202849.858 22468 26224 0.856772
202854.579 22469 26225 0.856778
202862.007 22470 26226 0.856783
202869.520 22470 26227 0.856751
202872.843 22471 26228 0.856756
202879.961 22472 26229 0.856762
202886.848 22473 26230 0.856767
202887.350 22474 26231 0.856773
202894.108 22474 26232 0.856740
202902.356 22474 26233 0.856707
202922.032 22475 26234 0.856713
202922.383 22475 26235 0.856680
202929.459 22476 26236 0.856685
202936.779 22477 26237 0.856691
202944.431 22477 26238 0.856658
202947.491 22478 26239 0.856664
202954.804 22479 26240 0.856669
202956.835 22479 26241 0.856637
202961.901 22480 26242 0.856642
202969.535 22481 26243 0.856647
202975.503 22482 26244 0.856653
202976.422 22482 26245 0.856620
202983.016 22483 26246 0.856626
202990.442 22484 26247 0.856631
202997.585 22485 26248 0.856637
202997.608 22486 26249 0.856642
203004.811 22487 26250 0.856648
203004.900 22488 26251 0.856653
203010.738 22489 26252 0.856659
203012.318 22490 26253 0.856664
203013.290 22491 26254 0.856669
203018.284 22492 26255 0.856675
203019.856 22493 26256 0.856680
203020.355 22494 26257 0.856686
203025.889 22495 26258 0.856691
203027.716 22496 26259 0.856697
203028.370 22497 26260 0.856702
203029.862 22498 26261 0.856708
203033.420 22498 26262 0.856675
203035.227 22499 26263 0.856681
203036.945 22500 26264 0.856686
203041.349 22501 26265 0.856691
203042.196 22502 26266 0.856697
203043.863 22503 26267 0.856702
203049.359 22504 26268 0.856708
203049.846 22504 26269 0.856675
203050.979 22505 26270 0.856681
203056.503 22506 26271 0.856686
203058.498 22507 26272 0.856692
203077.000 22508 26273 0.856697
203079.287 22509 26274 0.856702
203084.318 22510 26275 0.856708
203086.851 22511 26276 0.856713
203086.859 22512 26277 0.856719
203091.154 22513 26278 0.856724
203093.895 22514 26279 0.856730
203094.590 22515 26280 0.856735
203098.527 22515 26281 0.856703
203101.344 22516 26282 0.856708
203101.510 22517 26283 0.856713
203102.655 22518 26284 0.856719
203108.775 22519 26285 0.856724
203109.035 22519 26286 0.856692
203115.186 22520 26287 0.856697
203116.191 22521 26288 0.856703
203122.491 22522 26289 0.856708
203123.500 22523 26290 0.856714
203130.825 22524 26291 0.856719
203133.512 22525 26292 0.856724
203137.898 22526 26293 0.856730
203140.248 22527 26294 0.856735
203144.883 22527 26295 0.856703
203147.027 22528 26296 0.856708
203152.180 22529 26297 0.856714
203154.482 22530 26298 0.856719
203159.460 22530 26299 0.856687
203161.846 22531 26300 0.856692
203162.471 22531 26301 0.856659
203166.708 22532 26302 0.856665
203169.116 22533 26303 0.856670
203174.017 22534 26304 0.856676
203175.704 22535 26305 0.856681
203180.744 22536 26306 0.856687
203182.452 22537 26307 0.856692
203187.526 22538 26308 0.856698
203189.133 22539 26309 0.856703
203194.877 22540 26310 0.856708
203196.241 22541 26311 0.856714
203198.484 22541 26312 0.856681
203202.916 22541 26313 0.856649
203204.030 22542 26314 0.856654
203211.681 22543 26315 0.856660
203215.877 22544 26316 0.856665
203218.635 22544 26317 0.856633
203222.733 22545 26318 0.856638
203229.686 22546 26319 0.856643
203237.060 22547 26320 0.856649
203244.738 22548 26321 0.856654
203251.121 22548 26322 0.856622
203252.490 22549 26323 0.856627
203255.162 22550 26324 0.856633
203259.917 22551 26325 0.856638
203262.540 22552 26326 0.856644
203267.364 22553 26327 0.856649
203269.794 22554 26328 0.856655
203272.181 22555 26329 0.856660
203274.730 22556 26330 0.856665
203277.103 22557 26331 0.856671
203279.612 22558 26332 0.856676
203282.258 22559 26333 0.856682
203284.346 22560 26334 0.856687
203286.386 22560 26335 0.856655
203290.402 22561 26336 0.856660
203291.903 22562 26337 0.856666
203297.296 22563 26338 0.856671
203299.091 22564 26339 0.856676
203304.389 22565 26340 0.856682
203304.689 22566 26341 0.856687
203306.661 22567 26342 0.856693
203311.987 22568 26343 0.856698
203313.355 22569 26344 0.856704
203313.810 22569 26345 0.856671
203319.310 22570 26346 0.856677
203320.305 22571 26347 0.856682
203326.731 22572 26348 0.856687
203326.986 22573 26349 0.856693
203334.256 22574 26350 0.856698
203334.354 22574 26351 0.856666
203339.821 22575 26352 0.856671
203341.683 22576 26353 0.856677
203347.330 22576 26354 0.856644
203349.076 22576 26355 0.856612
203366.669 22577 26356 0.856617
203373.663 22578 26357 0.856623
203380.980 22579 26358 0.856628
203388.424 22580 26359 0.856633
203389.345 22581 26360 0.856639
203395.287 22582 26361 0.856644
203397.424 22583 26362 0.856650
203399.243 22584 26363 0.856655
203401.510 22585 26364 0.856661
203402.744 22586 26365 0.856666
203404.881 22587 26366 0.856671
203406.676 22588 26367 0.856677
203408.513 22589 26368 0.856682
203409.569 22590 26369 0.856688
203412.038 22591 26370 0.856693
203414.121 22592 26371 0.856699
203416.023 22593 26372 0.856704
203416.382 22594 26373 0.856710
203421.075 22595 26374 0.856715
203422.965 22596 26375 0.856720
203426.504 22597 26376 0.856726
203429.067 22598 26377 0.856731
203429.130 22599 26378 0.856737
203429.874 22600 26379 0.856742
203434.509 22601 26380 0.856748
203436.280 22602 26381 0.856753
203436.496 22602 26382 0.856720
203437.693 22603 26383 0.856726
203444.522 22604 26384 0.856731
203445.541 22605 26385 0.856737
203452.124 22606 26386 0.856742
203452.628 22607 26387 0.856748
203459.408 22608 26388 0.856753
203460.342 22609 26389 0.856758
203460.670 22610 26390 0.856764
203467.100 22611 26391 0.856769
203468.562 22612 26392 0.856775
203468.770 22612 26393 0.856742
203474.868 22613 26394 0.856748
203476.168 22614 26395 0.856753
203476.366 22615 26396 0.856759
203482.532 22616 26397 0.856764
203483.056 22617 26398 0.856769
203483.357 22618 26399 0.856775
203489.321 22619 26400 0.856780
203490.299 22619 26401 0.856748
203490.630 22620 26402 0.856753
203491.203 22621 26403 0.856759
203496.829 22621 26404 0.856726
203498.304 22622 26405 0.856732
203498.935 22623 26406 0.856737
203505.721 22624 26407 0.856743
203507.276 22625 26408 0.856748
203512.801 22626 26409 0.856753
203514.369 22627 26410 0.856759
203519.878 22628 26411 0.856764
203522.074 22629 26412 0.856770
203527.972 22630 26413 0.856775
203530.057 22631 26414 0.856780
203535.438 22632 26415 0.856786
203536.899 22633 26416 0.856791
203542.859 22634 26417 0.856797
203543.065 22635 26418 0.856802
203544.220 22635 26419 0.856770
203550.168 22636 26420 0.856775
203550.186 22636 26421 0.856743
203550.230 22637 26422 0.856748
203557.395 22637 26423 0.856716
203557.746 22638 26424 0.856721
203564.758 22639 26425 0.856727
203572.219 22639 26426 0.856694
203596.869 22640 26427 0.856700
203603.297 22641 26428 0.856705
203604.222 22642 26429 0.856710
203610.476 22643 26430 0.856716
203610.660 22644 26431 0.856721
203611.580 22645 26432 0.856727
203617.671 22646 26433 0.856732
203617.826 22647 26434 0.856738
203619.078 22648 26435 0.856743
203624.661 22649 26436 0.856748
203625.118 22650 26437 0.856754
203626.610 22650 26438 0.856721
203632.099 22651 26439 0.856727
203632.828 22652 26440 0.856732
203638.996 22653 26441 0.856738
203640.594 22654 26442 0.856743
203645.163 22655 26443 0.856748
203646.442 22656 26444 0.856754
203647.898 22656 26445 0.856721
203652.716 22657 26446 0.856727
203653.409 22658 26447 0.856732
203660.216 22659 26448 0.856738
203660.839 22660 26449 0.856743
203667.551 22661 26450 0.856749
203667.674 22662 26451 0.856754
203675.061 22663 26452 0.856759
203675.062 22664 26453 0.856765
203679.993 22665 26454 0.856770
203682.562 22666 26455 0.856776
203682.607 22667 26456 0.856781
203686.954 22668 26457 0.856786
203689.358 22668 26458 0.856754
203689.569 22669 26459 0.856760
203694.311 22670 26460 0.856765
203696.941 22671 26461 0.856770
203701.136 22672 26462 0.856776
203702.998 22673 26463 0.856781
203704.264 22674 26464 0.856787
203708.230 22675 26465 0.856792
203709.776 22676 26466 0.856797
203711.685 22677 26467 0.856803
203715.762 22678 26468 0.856808
203717.321 22679 26469 0.856814
203718.894 22680 26470 0.856819
203723.267 22681 26471 0.856824
203725.207 22681 26472 0.856792
203725.706 22682 26473 0.856797
203730.252 22683 26474 0.856803
203733.280 22684 26475 0.856808
203737.614 22685 26476 0.856814
203740.862 22686 26477 0.856819
203743.021 22687 26478 0.856825
203745.219 22687 26479 0.856792
203747.529 22688 26480 0.856798
203750.427 22689 26481 0.856803
203755.055 22689 26482 0.856771
203757.792 22689 26483 0.856738
203778.516 22690 26484 0.856744
203785.888 22691 26485 0.856749
203792.933 22692 26486 0.856755
203797.963 22693 26487 0.856760
203800.181 22694 26488 0.856765
203805.317 22695 26489 0.856771
203807.676 22696 26490 0.856776
203808.958 22697 26491 0.856782
203810.921 22698 26492 0.856787
203812.604 22699 26493 0.856792
203815.041 22700 26494 0.856798
203816.681 22701 26495 0.856803
203818.242 22702 26496 0.856809
203819.437 22703 26497 0.856814
203822.752 22704 26498 0.856819
203824.688 22705 26499 0.856825
203825.525 22706 26500 0.856830
203826.379 22707 26501 0.856836
203829.846 22707 26502 0.856803
203831.801 22708 26503 0.856809
203832.477 22709 26504 0.856814
203833.568 22710 26505 0.856819
203839.383 22711 26506 0.856825
203839.903 22712 26507 0.856830
203841.471 22713 26508 0.856836
203846.700 22714 26509 0.856841
203847.392 22714 26510 0.856809
203848.306 22715 26511 0.856814
203853.568 22715 26512 0.856782
203855.120 22716 26513 0.856787
203862.729 22717 26514 0.856793
203870.178 22718 26515 0.856798
203877.633 22719 26516 0.856803
203883.022 22720 26517 0.856809
203885.065 22720 26518 0.856777
203890.505 22721 26519 0.856782
203897.729 22722 26520 0.856787
203901.856 22723 26521 0.856793
203904.892 22724 26522 0.856798
203905.510 22724 26523 0.856766
203909.057 22725 26524 0.856771
203912.276 22726 26525 0.856777
203916.774 22727 26526 0.856782
203920.879 22728 26527 0.856787
203924.152 22729 26528 0.856793
203927.880 22730 26529 0.856798
203931.692 22731 26530 0.856804
203935.727 22732 26531 0.856809
203938.069 22732 26532 0.856777
203939.386 22733 26533 0.856782
203943.238 22734 26534 0.856788
203947.053 22734 26535 0.856755
203950.798 22735 26536 0.856761
203958.067 22735 26537 0.856728
203958.737 22735 26538 0.856696
203991.316 22735 26539 0.856664
204000.401 22736 26540 0.856669
204007.814 22737 26541 0.856675
204011.267 22737 26542 0.856642
204013.221 22738 26543 0.856648
204015.182 22739 26544 0.856653
204020.687 22740 26545 0.856659
204022.770 22741 26546 0.856664
204027.485 22742 26547 0.856669
204030.139 22743 26548 0.856675
204034.560 22744 26549 0.856680
204037.114 22745 26550 0.856685
204042.367 22746 26551 0.856691
204044.562 22747 26552 0.856696
204046.364 22748 26553 0.856702
204049.042 22749 26554 0.856707
204051.411 22750 26555 0.856712
204053.164 22751 26556 0.856718
204055.888 22752 26557 0.856723
204058.731 22752 26558 0.856691
204060.586 22753 26559 0.856696
204063.020 22754 26560 0.856702
204064.187 22754 26561 0.856670
204068.019 22755 26562 0.856675
204070.545 22756 26563 0.856680
204075.644 22756 26564 0.856648
204078.097 22757 26565 0.856653
204085.032 22758 26566 0.856659
204092.491 22759 26567 0.856664
204099.690 22759 26568 0.856632
204115.091 22760 26569 0.856637
204119.185 22761 26570 0.856643
204122.507 22762 26571 0.856648
204126.562 22763 26572 0.856654
204129.910 22764 26573 0.856659
204131.954 22765 26574 0.856664
204133.740 22766 26575 0.856670
204137.527 22767 26576 0.856675
204140.989 22768 26577 0.856681
204141.295 22769 26578 0.856686
204144.403 22769 26579 0.856654
204147.762 22770 26580 0.856659
204148.587 22770 26581 0.856627
204152.516 22771 26582 0.856632
204155.171 22772 26583 0.856638
204159.275 22773 26584 0.856643
204162.328 22773 26585 0.856611
204166.766 22774 26586 0.856616
204173.586 22775 26587 0.856622
204180.689 22775 26588 0.856589
204198.034 22776 26589 0.856595
204201.731 22777 26590 0.856600
204204.880 22778 26591 0.856606
204208.670 22779 26592 0.856611
204212.544 22780 26593 0.856616
204214.475 22781 26594 0.856622
204215.993 22781 26595 0.856590
204219.253 22782 26596 0.856595
204222.177 22783 26597 0.856600
204226.611 22784 26598 0.856606
204229.464 22785 26599 0.856611
204233.583 22785 26600 0.856579
204235.092 22785 26601 0.856547
204236.150 22786 26602 0.856552
204243.508 22787 26603 0.856558
204251.058 22788 26604 0.856563
204259.180 22789 26605 0.856568
204265.797 22790 26606 0.856574
204268.906 22791 26607 0.856579
204272.371 22792 26608 0.856584
204275.624 22793 26609 0.856590
204279.177 22794 26610 0.856595
204286.631 22795 26611 0.856601
204287.716 22795 26612 0.856568
204288.744 22796 26613 0.856574
204294.417 22797 26614 0.856579
204300.781 22798 26615 0.856585
204301.585 22799 26616 0.856590
204302.143 22800 26617 0.856595
204308.284 22801 26618 0.856601
204308.896 22802 26619 0.856606
204308.976 22803 26620 0.856612
204315.664 22804 26621 0.856617
204316.096 22805 26622 0.856622
204316.314 22806 26623 0.856628
204323.345 22807 26624 0.856633
204323.700 22808 26625 0.856638
204324.067 22809 26626 0.856644
204330.609 22810 26627 0.856649
204331.061 22811 26628 0.856655
204331.144 22812 26629 0.856660
204337.970 22813 26630 0.856665
204338.106 22814 26631 0.856671
204338.735 22815 26632 0.856676
204341.460 22816 26633 0.856682
204344.957 22817 26634 0.856687
204345.570 22818 26635 0.856692
204349.039 22819 26636 0.856698
204352.145 22820 26637 0.856703
204352.527 22821 26638 0.856708
204356.892 22822 26639 0.856714
204359.479 22823 26640 0.856719
204359.605 22824 26641 0.856725
204363.486 22825 26642 0.856730
204364.091 22825 26643 0.856698
204366.479 22826 26644 0.856703
204366.521 22827 26645 0.856709
204371.260 22828 26646 0.856714
204373.743 22829 26647 0.856719
204373.992 22830 26648 0.856725
204378.830 22831 26649 0.856730
204380.546 22832 26650 0.856735
204382.057 22833 26651 0.856741
204386.790 22833 26652 0.856709
204387.396 22834 26653 0.856714
204389.163 22835 26654 0.856719
204394.194 22836 26655 0.856725
204396.733 22837 26656 0.856730
204401.649 22838 26657 0.856736
204403.548 22838 26658 0.856703
204408.953 22838 26659 0.856671
204419.695 22839 26660 0.856677
204427.100 22840 26661 0.856682
204434.786 22841 26662 0.856687
204440.764 22841 26663 0.856655
204442.093 22842 26664 0.856661
204449.322 22843 26665 0.856666
204456.555 22844 26666 0.856671
204457.037 22845 26667 0.856677
204461.769 22846 26668 0.856682
204463.621 22846 26669 0.856650
204464.528 22847 26670 0.856655
204468.575 22848 26671 0.856661
204472.045 22849 26672 0.856666
204475.855 22850 26673 0.856672
204478.983 22851 26674 0.856677
204483.545 22851 26675 0.856645
204493.920 22852 26676 0.856650
204498.314 22853 26677 0.856656
204501.317 22854 26678 0.856661
204504.975 22855 26679 0.856666
204508.370 22855 26680 0.856634
204512.476 22856 26681 0.856640
204517.293 22856 26682 0.856607
204519.861 22857 26683 0.856613
204527.145 22858 26684 0.856618
204534.135 22858 26685 0.856586
204539.517 22859 26686 0.856591
204546.988 22860 26687 0.856597
204554.295 22861 26688 0.856602
204561.758 22862 26689 0.856608
204562.604 22863 26690 0.856613
204568.581 22864 26691 0.856618
204570.043 22865 26692 0.856624
204570.540 22866 26693 0.856629
204575.916 22867 26694 0.856634
204577.423 22868 26695 0.856640
204577.578 22869 26696 0.856645
204583.401 22870 26697 0.856651
204584.673 22871 26698 0.856656
204585.039 22872 26699 0.856661
204587.260 22872 26700 0.856629
204590.390 22873 26701 0.856635
204592.526 22874 26702 0.856640
204592.623 22875 26703 0.856645
204597.216 22876 26704 0.856651
204599.930 22877 26705 0.856656
204600.203 22878 26706 0.856661
204604.495 22879 26707 0.856667
204607.347 22879 26708 0.856635
204607.822 22880 26709 0.856640
204611.800 22881 26710 0.856645
204615.266 22882 26711 0.856651
204619.071 22883 26712 0.856656
204622.929 22884 26713 0.856662
204626.492 22885 26714 0.856667
204630.299 22886 26715 0.856672
204633.700 22887 26716 0.856678
204638.620 22888 26717 0.856683
204640.868 22889 26718 0.856688
204645.496 22890 26719 0.856694
204648.747 22891 26720 0.856699
204653.016 22892 26721 0.856704
204656.155 22892 26722 0.856672
204660.274 22893 26723 0.856678
204661.993 22894 26724 0.856683
204667.577 22894 26725 0.856651
204669.550 22895 26726 0.856656
204676.961 22896 26727 0.856662
204707.868 22897 26728 0.856667
204709.396 22898 26729 0.856673
204714.826 22899 26730 0.856678
204716.829 22900 26731 0.856683
204718.898 22901 26732 0.856689
204721.547 22901 26733 0.856657
204723.998 22902 26734 0.856662
204726.511 22903 26735 0.856667
204731.483 22904 26736 0.856673
204734.089 22905 26737 0.856678
204738.765 22906 26738 0.856683
204742.027 22907 26739 0.856689
204749.205 22907 26740 0.856657
204749.910 22908 26741 0.856662
204750.447 22909 26742 0.856667
204757.770 22910 26743 0.856673
204758.039 22911 26744 0.856678
204765.404 22911 26745 0.856646
204765.593 22912 26746 0.856651
204772.830 22913 26747 0.856657
204774.210 22913 26748 0.856625
204779.686 22914 26749 0.856630
204787.246 22915 26750 0.856636
204794.077 22916 26751 0.856641
204801.464 22917 26752 0.856646
204802.573 22918 26753 0.856652
204808.956 22919 26754 0.856657
204810.839 22920 26755 0.856662
204815.935 22921 26756 0.856668
204818.192 22922 26757 0.856673
204818.545 22923 26758 0.856678
204823.571 22924 26759 0.856684
204825.465 22925 26760 0.856689
204825.977 22926 26761 0.856694
204828.885 22926 26762 0.856662
204830.993 22926 26763 0.856630
204833.034 22927 26764 0.856636
204833.367 22928 26765 0.856641
204840.593 22929 26766 0.856646
204841.214 22930 26767 0.856652
204847.635 22931 26768 0.856657
204848.713 22932 26769 0.856663
204854.481 22933 26770 0.856668
204856.046 22934 26771 0.856673
204861.771 22934 26772 0.856641
204863.787 22935 26773 0.856647
204868.509 22936 26774 0.856652
204875.937 22937 26775 0.856657
204879.025 22938 26776 0.856663
204883.774 22939 26777 0.856668
204884.506 22940 26778 0.856673
204886.041 22941 26779 0.856679
204886.270 22941 26780 0.856647
204891.046 22942 26781 0.856652
204892.238 22943 26782 0.856657
204893.500 22944 26783 0.856663
204898.476 22945 26784 0.856668
204899.609 22946 26785 0.856674
204900.379 22947 26786 0.856679
204905.458 22948 26787 0.856684
204907.032 22948 26788 0.856652
204907.779 22949 26789 0.856658
204912.890 22950 26790 0.856663
204915.303 22950 26791 0.856631
204920.446 22951 26792 0.856636
204928.096 22951 26793 0.856604
204938.540 22952 26794 0.856610
204945.590 22953 26795 0.856615
204952.952 22953 26796 0.856583
204960.752 22954 26797 0.856588
204968.165 22955 26798 0.856594
204968.198 22956 26799 0.856599
204974.992 22956 26800 0.856567
204975.083 22957 26801 0.856573
204981.391 22958 26802 0.856578
204989.080 22958 26803 0.856546
205005.205 22959 26804 0.856551
205006.178 22960 26805 0.856557
205012.671 22961 26806 0.856562
205013.378 22962 26807 0.856567
205019.685 22963 26808 0.856573
205020.919 22964 26809 0.856578
205027.401 22965 26810 0.856583
205027.448 22966 26811 0.856589
205027.641 22967 26812 0.856594
205034.349 22968 26813 0.856599
205035.077 22969 26814 0.856605
205041.957 22970 26815 0.856610
205042.552 22971 26816 0.856615
205042.712 22972 26817 0.856621
205049.182 22973 26818 0.856626
205049.360 22974 26819 0.856631
205049.506 22975 26820 0.856637
205056.075 22975 26821 0.856605
205056.780 22976 26822 0.856610
205057.072 22977 26823 0.856616
205063.897 22978 26824 0.856621
205064.867 22979 26825 0.856626
205071.439 22980 26826 0.856632
205076.704 22980 26827 0.856600
205078.399 22980 26828 0.856568
205100.256 22981 26829 0.856573
205107.665 22982 26830 0.856578
205109.240 22983 26831 0.856584
205114.492 22984 26832 0.856589
205116.163 22985 26833 0.856594
205122.052 22986 26834 0.856600
205122.755 22987 26835 0.856605
205128.957 22988 26836 0.856611
205129.797 22989 26837 0.856616
205130.045 22990 26838 0.856621
205131.596 22991 26839 0.856627
205136.052 22992 26840 0.856632
205137.431 22993 26841 0.856637
205137.630 22993 26842 0.856605
205139.161 22994 26843 0.856611
205143.355 22994 26844 0.856579
205145.073 22995 26845 0.856584
205146.304 22996 26846 0.856589
205153.279 22997 26847 0.856595
205164.033 22998 26848 0.856600
205171.401 22999 26849 0.856605
205178.580 22999 26850 0.856574
205190.284 23000 26851 0.856579
205192.345 23001 26852 0.856584
205196.759 23001 26853 0.856552
205197.335 23002 26854 0.856558
205199.828 23003 26855 0.856563
205204.990 23004 26856 0.856568
205212.894 23005 26857 0.856574
205220.262 23005 26858 0.856542
205232.068 23006 26859 0.856547
205239.191 23007 26860 0.856552
205244.000 23007 26861 0.856521
205246.753 23008 26862 0.856526
205250.475 23008 26863 0.856494
205254.150 23009 26864 0.856499
205261.409 23010 26865 0.856505
205269.253 23010 26866 0.856473
205272.720 23011 26867 0.856478
205280.117 23012 26868 0.856484
205287.284 23013 26869 0.856489
205294.774 23014 26870 0.856494
205297.337 23015 26871 0.856500
205301.513 23015 26872 0.856468
205305.258 23016 26873 0.856473
205305.406 23016 26874 0.856441
205312.165 23017 26875 0.856447
205319.275 23018 26876 0.856452
205323.103 23019 26877 0.856457
205326.772 23020 26878 0.856463
205330.173 23021 26879 0.856468
205334.348 23022 26880 0.856473
205338.010 23023 26881 0.856479
205341.851 23024 26882 0.856484
205345.466 23024 26883 0.856452
205349.118 23025 26884 0.856457
205353.769 23026 26885 0.856463
205356.669 23027 26886 0.856468
205358.152 23028 26887 0.856473
205361.061 23028 26888 0.856442
205365.065 23029 26889 0.856447
205366.736 23030 26890 0.856452
205372.458 23031 26891 0.856458
205374.065 23032 26892 0.856463
205379.462 23033 26893 0.856468
205381.614 23034 26894 0.856474
205386.366 23035 26895 0.856479
205388.940 23036 26896 0.856484
205393.883 23037 26897 0.856490
205395.716 23038 26898 0.856495
205400.183 23039 26899 0.856500
205401.257 23040 26900 0.856506
205403.112 23041 26901 0.856511
205407.155 23042 26902 0.856516
205408.764 23043 26903 0.856522
205410.314 23043 26904 0.856490
205414.046 23044 26905 0.856495
205414.546 23044 26906 0.856463
205416.752 23045 26907 0.856469
205421.513 23046 26908 0.856474
205424.317 23047 26909 0.856479
205429.237 23047 26910 0.856447
205431.838 23047 26911 0.856416
205463.574 23048 26912 0.856421
205467.664 23049 26913 0.856426
205470.584 23050 26914 0.856432
205475.019 23051 26915 0.856437
205477.564 23052 26916 0.856442
205481.814 23053 26917 0.856448
205482.534 23053 26918 0.856416
205484.465 23054 26919 0.856421
205485.785 23054 26920 0.856389
205489.169 23055 26921 0.856395
205492.172 23055 26922 0.856363
205495.998 23056 26923 0.856368
205503.427 23057 26924 0.856373
205510.774 23058 26925 0.856379
205518.289 23059 26926 0.856384
205530.297 23060 26927 0.856389
205536.232 23061 26928 0.856395
205537.045 23062 26929 0.856400
205538.562 23063 26930 0.856405
205543.441 23064 26931 0.856411
205544.182 23065 26932 0.856416
205545.194 23065 26933 0.856384
205545.720 23066 26934 0.856390
205550.294 23067 26935 0.856395
205550.947 23068 26936 0.856400
205553.040 23069 26937 0.856406
205557.170 23070 26938 0.856411
205557.757 23071 26939 0.856416
205560.676 23072 26940 0.856422
205564.113 23073 26941 0.856427
205565.210 23074 26942 0.856432
205567.831 23075 26943 0.856438
205571.204 23076 26944 0.856443
205572.717 23077 26945 0.856448
205574.910 23078 26946 0.856454
205578.591 23079 26947 0.856459
205580.228 23080 26948 0.856464
205582.067 23081 26949 0.856470
205587.698 23082 26950 0.856475
205589.744 23083 26951 0.856480
205592.649 23084 26952 0.856486
205595.249 23085 26953 0.856491
205597.477 23086 26954 0.856496
205598.587 23087 26955 0.856502
205601.558 23087 26956 0.856470
205604.370 23088 26957 0.856475
205606.157 23089 26958 0.856480
205611.760 23090 26959 0.856486
205613.995 23091 26960 0.856491
205619.161 23092 26961 0.856496
205621.611 23093 26962 0.856502
205624.085 23093 26963 0.856470
205626.026 23094 26964 0.856475
205628.930 23095 26965 0.856481
205633.006 23095 26966 0.856449
205636.684 23095 26967 0.856417
205654.852 23096 26968 0.856422
205662.483 23097 26969 0.856428
205669.300 23098 26970 0.856433
205676.010 23099 26971 0.856438
205677.504 23100 26972 0.856444
205682.943 23101 26973 0.856449
205684.536 23102 26974 0.856454
205686.646 23103 26975 0.856460
205690.123 23104 26976 0.856465
205690.323 23104 26977 0.856433
205691.885 23105 26978 0.856439
205693.469 23106 26979 0.856444
205697.718 23107 26980 0.856449
205699.302 23108 26981 0.856455
205700.302 23109 26982 0.856460
205705.041 23110 26983 0.856465
205706.991 23111 26984 0.856471
205707.426 23112 26985 0.856476
205714.300 23113 26986 0.856481
205714.467 23114 26987 0.856486
205721.058 23114 26988 0.856455
205721.526 23115 26989 0.856460
205729.057 23116 26990 0.856465
205735.601 23117 26991 0.856471
205736.599 23118 26992 0.856476
205742.565 23119 26993 0.856481
205743.718 23120 26994 0.856487
205744.232 23121 26995 0.856492
205749.565 23122 26996 0.856497
205751.128 23122 26997 0.856466
205752.193 23122 26998 0.856434
205757.005 23122 26999 0.856402
205776.133 23123 27000 0.856407
205782.972 23124 27001 0.856413
205790.254 23125 27002 0.856418
205797.736 23126 27003 0.856423
205804.535 23127 27004 0.856429
205804.982 23127 27005 0.856397
205805.263 23127 27006 0.856365
205811.593 23127 27007 0.856334
205812.275 23128 27008 0.856339
205819.785 23129 27009 0.856344
205827.094 23130 27010 0.856350
205833.922 23131 27011 0.856355
205840.821 23132 27012 0.856360
205847.712 23133 27013 0.856365
205855.137 23133 27014 0.856334
205857.903 23134 27015 0.856339
205857.973 23135 27016 0.856344
205863.712 23136 27017 0.856350
205865.240 23137 27018 0.856355
205865.716 23138 27019 0.856360
205871.272 23139 27020 0.856366
205872.034 23139 27021 0.856334
205873.078 23140 27022 0.856339
205878.178 23141 27023 0.856345
205879.872 23142 27024 0.856350
205885.543 23143 27025 0.856355
205887.352 23144 27026 0.856361
205892.385 23145 27027 0.856366
205894.946 23146 27028 0.856371
205899.902 23147 27029 0.856376
205901.773 23148 27030 0.856382
205906.758 23149 27031 0.856387
205908.900 23150 27032 0.856392
205914.163 23151 27033 0.856398
205916.226 23151 27034 0.856366
205921.576 23152 27035 0.856371
205925.279 23153 27036 0.856377
205928.558 23154 27037 0.856382
205932.210 23155 27038 0.856387
205936.040 23156 27039 0.856393
205939.401 23157 27040 0.856398
205939.621 23158 27041 0.856403
205943.420 23158 27042 0.856372
205946.989 23159 27043 0.856377
205951.918 23160 27044 0.856382
205954.292 23161 27045 0.856388
205959.267 23162 27046 0.856393
205961.973 23163 27047 0.856398
205966.711 23164 27048 0.856403
205968.857 23165 27049 0.856409
205970.146 23165 27050 0.856377
205974.157 23166 27051 0.856382
205976.195 23167 27052 0.856388
205981.425 23167 27053 0.856356
205983.922 23168 27054 0.856361
205991.421 23169 27055 0.856367
205998.256 23170 27056 0.856372
205998.320 23171 27057 0.856377
206005.251 23171 27058 0.856346
206007.879 23172 27059 0.856351
206015.782 23173 27060 0.856356
206023.304 23174 27061 0.856362
206023.539 23174 27062 0.856330
206031.168 23175 27063 0.856335
206033.702 23175 27064 0.856304
206038.694 23176 27065 0.856309
206046.277 23177 27066 0.856314
206054.026 23178 27067 0.856320
206057.931 23179 27068 0.856325
206061.875 23180 27069 0.856330
206064.942 23180 27070 0.856298
206070.323 23180 27071 0.856267
206076.317 23181 27072 0.856272
206084.070 23182 27073 0.856277
206087.113 23183 27074 0.856283
206091.853 23184 27075 0.856288
206094.485 23185 27076 0.856293
206099.453 23186 27077 0.856299
206101.345 23187 27078 0.856304
206107.053 23188 27079 0.856309
206108.657 23189 27080 0.856315
206114.932 23190 27081 0.856320
206115.739 23191 27082 0.856325
206119.105 23192 27083 0.856331
206122.274 23193 27084 0.856336
206123.315 23194 27085 0.856341
206124.454 23195 27086 0.856346
206126.188 23196 27087 0.856352
206129.412 23197 27088 0.856357
206129.968 23198 27089 0.856362
206131.937 23198 27090 0.856331
206133.705 23199 27091 0.856336
206136.866 23200 27092 0.856341
206137.316 23201 27093 0.856347
206140.710 23202 27094 0.856352
206144.224 23203 27095 0.856357
206144.718 23204 27096 0.856363
206148.005 23205 27097 0.856368
206151.524 23206 27098 0.856373
206152.343 23206 27099 0.856342
206154.641 23206 27100 0.856310
206158.831 23207 27101 0.856315
206166.501 23208 27102 0.856321
206173.803 23209 27103 0.856326
206181.136 23210 27104 0.856331
206183.971 23211 27105 0.856336
206188.659 23212 27106 0.856342
206191.208 23213 27107 0.856347
206195.422 23214 27108 0.856352
206198.406 23215 27109 0.856358
206202.859 23216 27110 0.856363
206205.581 23217 27111 0.856368
206205.760 23218 27112 0.856374
206209.372 23219 27113 0.856379
206209.923 23220 27114 0.856384
206212.639 23221 27115 0.856389
206212.935 23222 27116 0.856395
206217.095 23223 27117 0.856400
206219.457 23224 27118 0.856405
206220.350 23225 27119 0.856411
206222.553 23226 27120 0.856416
206224.868 23227 27121 0.856421
206226.450 23228 27122 0.856427
206227.743 23229 27123 0.856432
206230.084 23230 27124 0.856437
206232.433 23231 27125 0.856442
206233.887 23232 27126 0.856448
206235.223 23233 27127 0.856453
206237.441 23234 27128 0.856458
206239.695 23234 27129 0.856427
206241.377 23235 27130 0.856432
206242.332 23236 27131 0.856437
206244.758 23237 27132 0.856443
206248.783 23238 27133 0.856448
206249.179 23239 27134 0.856453
206252.685 23240 27135 0.856458
206255.932 23241 27136 0.856464
206256.204 23242 27137 0.856469
206260.308 23243 27138 0.856474
206262.962 23244 27139 0.856480
206262.987 23245 27140 0.856485
206267.177 23246 27141 0.856490
206269.782 23247 27142 0.856495
206270.340 23248 27143 0.856501
206274.222 23249 27144 0.856506
206276.760 23250 27145 0.856511
206277.776 23250 27146 0.856480
206281.109 23251 27147 0.856485
206284.534 23252 27148 0.856490
206288.577 23252 27149 0.856459
206292.267 23253 27150 0.856464
206292.902 23253 27151 0.856433
206299.319 23254 27152 0.856438
206306.492 23255 27153 0.856443
206313.524 23256 27154 0.856448
206321.063 23257 27155 0.856454
206327.928 23258 27156 0.856459
206330.432 23259 27157 0.856464
206335.332 23260 27158 0.856470
206337.711 23261 27159 0.856475
206341.708 23262 27160 0.856480
206342.319 23263 27161 0.856485
206345.172 23264 27162 0.856491
206346.106 23265 27163 0.856496
206349.385 23266 27164 0.856501
206349.559 23267 27165 0.856507
206352.018 23268 27166 0.856512
206353.488 23269 27167 0.856517
206356.798 23270 27168 0.856522
206359.073 23271 27169 0.856528
206360.334 23272 27170 0.856533
206366.395 23272 27171 0.856501
206367.458 23272 27172 0.856470
206373.447 23273 27173 0.856475
206373.733 23274 27174 0.856480
206381.276 23275 27175 0.856486
206388.691 23276 27176 0.856491
206395.550 23277 27177 0.856496
206402.367 23278 27178 0.856502
206409.898 23279 27179 0.856507
206410.018 23280 27180 0.856512
206417.068 23281 27181 0.856517
206417.783 23282 27182 0.856523
206420.725 23283 27183 0.856528
206421.403 23284 27184 0.856533
206424.023 23284 27185 0.856502
206424.960 23285 27186 0.856507
206428.013 23286 27187 0.856512
206432.702 23287 27188 0.856518
206433.810 23288 27189 0.856523
206435.083 23289 27190 0.856528
206440.220 23290 27191 0.856533
206442.309 23291 27192 0.856539
206447.462 23292 27193 0.856544
206449.948 23293 27194 0.856549
206452.778 23294 27195 0.856555
206454.522 23294 27196 0.856523
206457.516 23295 27197 0.856528
206465.043 23296 27198 0.856534
206471.959 23297 27199 0.856539
206477.297 23298 27200 0.856544
206478.902 23299 27201 0.856549
206484.657 23300 27202 0.856555
206486.084 23301 27203 0.856560
206491.632 23302 27204 0.856565
206493.435 23303 27205 0.856570
206498.616 23304 27206 0.856576
206500.887 23305 27207 0.856581
206502.180 23306 27208 0.856586
206506.242 23307 27209 0.856592
206507.265 23307 27210 0.856560
206508.244 23308 27211 0.856565
206513.886 23309 27212 0.856571
206514.430 23310 27213 0.856576
206515.331 23311 27214 0.856581
206521.497 23312 27215 0.856586
206521.942 23313 27216 0.856592
206523.001 23314 27217 0.856597
206528.440 23315 27218 0.856602
206528.957 23316 27219 0.856608
206530.467 23317 27220 0.856613
206535.789 23318 27221 0.856618
206536.907 23319 27222 0.856623
206537.435 23320 27223 0.856629
206543.249 23320 27224 0.856597
206544.884 23321 27225 0.856602
206552.566 23321 27226 0.856571
206561.084 23322 27227 0.856576
206568.827 23322 27228 0.856545
206578.631 23323 27229 0.856550
206586.487 23323 27230 0.856519
206596.429 23324 27231 0.856524
206604.289 23325 27232 0.856529
206607.559 23326 27233 0.856534
206611.170 23327 27234 0.856540
206615.204 23328 27235 0.856545
206618.423 23329 27236 0.856550
206621.095 23330 27237 0.856555
206622.772 23331 27238 0.856561
206625.222 23332 27239 0.856566
206628.538 23333 27240 0.856571
206629.769 23334 27241 0.856576
206632.998 23335 27242 0.856582
206635.461 23336 27243 0.856587
206638.050 23337 27244 0.856592
206640.031 23338 27245 0.856598
206640.418 23339 27246 0.856603
206642.968 23340 27247 0.856608
206644.894 23341 27248 0.856613
206648.460 23341 27249 0.856582
206648.472 23342 27250 0.856587
206650.699 23343 27251 0.856592
206652.532 23344 27252 0.856598
206655.428 23345 27253 0.856603
206657.726 23346 27254 0.856608
206659.963 23347 27255 0.856613
206663.166 23348 27256 0.856619
206664.787 23349 27257 0.856624
206666.956 23350 27258 0.856629
206670.010 23351 27259 0.856635
206672.562 23351 27260 0.856603
206674.014 23352 27261 0.856608
206677.123 23353 27262 0.856614
206681.930 23354 27263 0.856619
206685.318 23355 27264 0.856624
206689.001 23356 27265 0.856629
206692.553 23357 27266 0.856635
206696.704 23358 27267 0.856640
206699.748 23359 27268 0.856645
206702.140 23360 27269 0.856650
206704.266 23361 27270 0.856656
206709.738 23362 27271 0.856661
206711.046 23363 27272 0.856666
206711.756 23364 27273 0.856671
206717.419 23365 27274 0.856677
206718.762 23366 27275 0.856682
206722.486 23367 27276 0.856687
206724.441 23368 27277 0.856692
206725.531 23369 27278 0.856698
206726.437 23369 27279 0.856666
206729.871 23370 27280 0.856672
206731.374 23371 27281 0.856677
206733.142 23372 27282 0.856682
206737.678 23373 27283 0.856687
206738.298 23373 27284 0.856656
206740.111 23374 27285 0.856661
206745.330 23375 27286 0.856666
206747.671 23376 27287 0.856672
206752.322 23377 27288 0.856677
206755.032 23378 27289 0.856682
206760.082 23379 27290 0.856687
206762.421 23380 27291 0.856693
206767.414 23381 27292 0.856698
206769.839 23382 27293 0.856703
206774.759 23383 27294 0.856708
206777.332 23384 27295 0.856714
206778.854 23385 27296 0.856719
206782.374 23386 27297 0.856724
206785.010 23387 27298 0.856729
206786.525 23388 27299 0.856735
206791.786 23389 27300 0.856740
206792.453 23390 27301 0.856745
206793.664 23390 27302 0.856714
206793.829 23391 27303 0.856719
206799.307 23392 27304 0.856724
206799.390 23393 27305 0.856730
206801.709 23394 27306 0.856735
206806.733 23394 27307 0.856703
206806.765 23394 27308 0.856672
206809.746 23394 27309 0.856641
206846.824 23395 27310 0.856646
206854.256 23396 27311 0.856651
206860.126 23397 27312 0.856656
206861.505 23398 27313 0.856662
206861.761 23399 27314 0.856667
206863.856 23400 27315 0.856672
206867.673 23401 27316 0.856677
206868.578 23401 27317 0.856646
206868.741 23402 27318 0.856651
206875.286 23403 27319 0.856657
206877.123 23404 27320 0.856662
206882.524 23405 27321 0.856667
206884.140 23406 27322 0.856672
206890.098 23407 27323 0.856678
206891.974 23408 27324 0.856683
206897.636 23409 27325 0.856688
206899.584 23410 27326 0.856693
206900.170 23411 27327 0.856699
206905.187 23412 27328 0.856704
206906.877 23413 27329 0.856709
206907.486 23414 27330 0.856714
206912.114 23415 27331 0.856719
206914.423 23416 27332 0.856725
206919.575 23417 27333 0.856730
206921.783 23418 27334 0.856735
206924.960 23418 27335 0.856704
206925.221 23419 27336 0.856709
206926.565 23420 27337 0.856714
206929.091 23421 27338 0.856720
206932.423 23422 27339 0.856725
206933.628 23423 27340 0.856730
206933.940 23424 27341 0.856735
206936.076 23425 27342 0.856741
206940.401 23426 27343 0.856746
206941.422 23427 27344 0.856751
206941.464 23428 27345 0.856756
206943.068 23429 27346 0.856762
206947.968 23430 27347 0.856767
206948.489 23431 27348 0.856772
206949.229 23431 27349 0.856741
206950.190 23432 27350 0.856746
206955.544 23433 27351 0.856751
206955.964 23433 27352 0.856720
206957.699 23434 27353 0.856725
206962.517 23435 27354 0.856730
206965.129 23436 27355 0.856736
206970.125 23437 27356 0.856741
206972.693 23438 27357 0.856746
206978.111 23439 27358 0.856751
206979.900 23440 27359 0.856756
206985.225 23441 27360 0.856762
206988.058 23441 27361 0.856730
206992.400 23441 27362 0.856699
207002.753 23442 27363 0.856704
207009.309 23443 27364 0.856710
207016.212 23444 27365 0.856715
207022.186 23445 27366 0.856720
207023.607 23445 27367 0.856689
207028.969 23446 27368 0.856694
207036.465 23447 27369 0.856699
207041.495 23448 27370 0.856704
207043.230 23449 27371 0.856710
207046.206 23450 27372 0.856715
207048.894 23451 27373 0.856720
207050.485 23452 27374 0.856725
207053.309 23453 27375 0.856731
207056.482 23454 27376 0.856736
207057.322 23455 27377 0.856741
207060.542 23456 27378 0.856746
207063.422 23457 27379 0.856752
207064.568 23458 27380 0.856757
207068.047 23459 27381 0.856762
207070.790 23460 27382 0.856767
207071.573 23461 27383 0.856772
207075.699 23462 27384 0.856778
207078.258 23463 27385 0.856783
207078.305 23464 27386 0.856788
207078.609 23465 27387 0.856793
207082.825 23466 27388 0.856799
207085.147 23467 27389 0.856804
207085.266 23467 27390 0.856773
207086.188 23468 27391 0.856778
207089.756 23469 27392 0.856783
207092.127 23469 27393 0.856752
207093.569 23470 27394 0.856757
207096.899 23471 27395 0.856762
207100.408 23472 27396 0.856767
207104.014 23472 27397 0.856736
207107.956 23473 27398 0.856741
207115.016 23474 27399 0.856747
207122.299 23475 27400 0.856752
207129.100 23476 27401 0.856757
207136.340 23477 27402 0.856762
207140.153 23478 27403 0.856768
207143.596 23479 27404 0.856773
207144.878 23480 27405 0.856778
207147.078 23481 27406 0.856783
207150.918 23482 27407 0.856788
207152.260 23483 27408 0.856794
207154.652 23484 27409 0.856799
207157.978 23485 27410 0.856804
207158.244 23486 27411 0.856809
207159.541 23487 27412 0.856815
207161.865 23488 27413 0.856820
207165.214 23489 27414 0.856825
207167.696 23490 27415 0.856830
207168.165 23491 27416 0.856835
207169.416 23492 27417 0.856841
207172.731 23493 27418 0.856846
207174.775 23494 27419 0.856851
207175.038 23495 27420 0.856856
207177.079 23496 27421 0.856862
207180.086 23497 27422 0.856867
207182.408 23498 27423 0.856872
207182.591 23499 27424 0.856877
207184.626 23500 27425 0.856882
207187.132 23501 27426 0.856888
207189.797 23502 27427 0.856893
207190.063 23503 27428 0.856898
207194.694 23504 27429 0.856903
207196.753 23505 27430 0.856908
207197.261 23506 27431 0.856914
207197.694 23507 27432 0.856919
207201.569 23508 27433 0.856924
207204.180 23509 27434 0.856929
207204.606 23509 27435 0.856898
207204.635 23510 27436 0.856903
207208.969 23511 27437 0.856909
207211.498 23512 27438 0.856914
207211.606 23513 27439 0.856919
207216.403 23514 27440 0.856924
207218.582 23515 27441 0.856929
207219.117 23516 27442 0.856935
207223.779 23517 27443 0.856940
207225.857 23518 27444 0.856945
207226.202 23519 27445 0.856950
207231.114 23520 27446 0.856955
207233.370 23521 27447 0.856961
207233.793 23522 27448 0.856966
207237.929 23523 27449 0.856971
207240.533 23524 27450 0.856976
207241.188 23524 27451 0.856945
207245.276 23525 27452 0.856950
207248.089 23525 27453 0.856919
207252.468 23526 27454 0.856924
207258.878 23527 27455 0.856930
207259.594 23527 27456 0.856898
207266.589 23528 27457 0.856904
207274.303 23529 27458 0.856909
207282.343 23530 27459 0.856914
207289.840 23531 27460 0.856919
207294.776 23532 27461 0.856924
207296.918 23533 27462 0.856930
207301.866 23534 27463 0.856935
207302.442 23535 27464 0.856940
207303.989 23536 27465 0.856945
207308.953 23537 27466 0.856950
207309.487 23538 27467 0.856956
207311.590 23539 27468 0.856961
207311.880 23540 27469 0.856966
207316.530 23541 27470 0.856971
207316.531 23542 27471 0.856976
207319.369 23542 27472 0.856945
207322.249 23543 27473 0.856950
207324.028 23544 27474 0.856956
207324.683 23545 27475 0.856961
207329.403 23545 27476 0.856930
207331.462 23546 27477 0.856935
207332.201 23547 27478 0.856940
207338.995 23548 27479 0.856945
207340.046 23549 27480 0.856951
207346.996 23550 27481 0.856956
207347.880 23551 27482 0.856961
207354.168 23552 27483 0.856966
207355.416 23553 27484 0.856971
207361.490 23554 27485 0.856977
207362.432 23555 27486 0.856982
207369.296 23556 27487 0.856987
207369.584 23556 27488 0.856956
207373.015 23557 27489 0.856961
207376.251 23558 27490 0.856966
207379.904 23559 27491 0.856971
207383.475 23559 27492 0.856940
207383.766 23559 27493 0.856909
207387.403 23559 27494 0.856878
207423.047 23560 27495 0.856883
207437.499 23561 27496 0.856888
207437.999 23562 27497 0.856893
207439.656 23562 27498 0.856862
207444.993 23563 27499 0.856868
207445.563 23564 27500 0.856873
207451.875 23565 27501 0.856878
207452.442 23566 27502 0.856883
207452.602 23567 27503 0.856888
207459.342 23568 27504 0.856894
207459.933 23569 27505 0.856899
207459.970 23570 27506 0.856904
207466.905 23571 27507 0.856909
207467.390 23572 27508 0.856914
207467.607 23573 27509 0.856920
207474.982 23574 27510 0.856925
207475.372 23575 27511 0.856930
207482.385 23576 27512 0.856935
207489.768 23577 27513 0.856940
207494.467 23578 27514 0.856946
207497.188 23579 27515 0.856951
207501.781 23580 27516 0.856956
207504.291 23581 27517 0.856961
207508.762 23582 27518 0.856966
207511.964 23583 27519 0.856972
207516.118 23583 27520 0.856940
207517.021 23584 27521 0.856946
207519.360 23585 27522 0.856951
207519.671 23586 27523 0.856956
207524.477 23587 27524 0.856961
207526.905 23588 27525 0.856966
207527.298 23589 27526 0.856972
207531.501 23590 27527 0.856977
207536.745 23590 27528 0.856946
207539.047 23591 27529 0.856951
207540.247 23591 27530 0.856920
207560.534 23591 27531 0.856889
207570.069 23592 27532 0.856894
207577.595 23592 27533 0.856863
207589.562 23593 27534 0.856868
207594.726 23594 27535 0.856873
207596.974 23595 27536 0.856878
207602.055 23595 27537 0.856847
207604.570 23595 27538 0.856816
207615.078 23595 27539 0.856785
207631.114 23595 27540 0.856754
207655.497 23596 27541 0.856759
207658.352 23597 27542 0.856764
207663.275 23598 27543 0.856769
207665.777 23599 27544 0.856775
207670.499 23600 27545 0.856780
207670.982 23601 27546 0.856785
207673.357 23602 27547 0.856790
207677.830 23603 27548 0.856795
207678.375 23604 27549 0.856801
207680.360 23605 27550 0.856806
207684.773 23606 27551 0.856811
207685.500 23607 27552 0.856816
207688.575 23608 27553 0.856821
207692.293 23608 27554 0.856790
207693.033 23609 27555 0.856795
207696.337 23610 27556 0.856801
207700.597 23611 27557 0.856806
207704.014 23611 27558 0.856775
207707.863 23612 27559 0.856780
207708.338 23613 27560 0.856785
207716.123 23614 27561 0.856790
207716.512 23615 27562 0.856796
207723.289 23616 27563 0.856801
207724.143 23617 27564 0.856806
207731.112 23618 27565 0.856811
207731.681 23619 27566 0.856816
207738.840 23620 27567 0.856822
207739.351 23621 27568 0.856827
207745.841 23622 27569 0.856832
207746.340 23623 27570 0.856837
207746.980 23624 27571 0.856842
207753.429 23625 27572 0.856848
207753.574 23625 27573 0.856816
207754.178 23626 27574 0.856822
207756.580 23627 27575 0.856827
207763.005 23628 27576 0.856832
207763.574 23629 27577 0.856837
207764.245 23630 27578 0.856842
207770.764 23631 27579 0.856848
207771.079 23632 27580 0.856853
207778.763 23633 27581 0.856858
207778.856 23634 27582 0.856863
207785.830 23635 27583 0.856868
207786.498 23636 27584 0.856874
207793.570 23637 27585 0.856879
207793.947 23638 27586 0.856884
207794.248 23638 27587 0.856853
207800.844 23639 27588 0.856858
207801.692 23640 27589 0.856863
207806.916 23641 27590 0.856868
207807.820 23642 27591 0.856874
207808.810 23643 27592 0.856879
207814.893 23644 27593 0.856884
207815.326 23645 27594 0.856889
207816.612 23646 27595 0.856894
207822.287 23647 27596 0.856900
207823.501 23648 27597 0.856905
207823.890 23649 27598 0.856910
207829.860 23650 27599 0.856915
207831.518 23651 27600 0.856920
207836.815 23652 27601 0.856925
207838.996 23652 27602 0.856894
207844.152 23653 27603 0.856900
207847.021 23654 27604 0.856905
207851.563 23655 27605 0.856910
207854.191 23656 27606 0.856915
207858.367 23657 27607 0.856920
207861.470 23658 27608 0.856926
207865.763 23659 27609 0.856931
207867.368 23660 27610 0.856936
207868.785 23661 27611 0.856941
207873.464 23662 27612 0.856946
207874.713 23663 27613 0.856951
207875.966 23664 27614 0.856957
207880.562 23665 27615 0.856962
207882.246 23666 27616 0.856967
207883.639 23666 27617 0.856936
207887.937 23666 27618 0.856905
207889.222 23667 27619 0.856910
207892.897 23668 27620 0.856915
207896.309 23669 27621 0.856920
207900.716 23670 27622 0.856926
207903.286 23670 27623 0.856895
207907.986 23670 27624 0.856864
207936.289 23671 27625 0.856869
207941.658 23672 27626 0.856874
207943.723 23673 27627 0.856879
207949.077 23674 27628 0.856884
207950.742 23675 27629 0.856890
207956.544 23676 27630 0.856895
207957.498 23676 27631 0.856864
207958.670 23677 27632 0.856869
207962.259 23678 27633 0.856874
207964.152 23678 27634 0.856843
207966.310 23679 27635 0.856848
207970.094 23680 27636 0.856853
207977.659 23681 27637 0.856859
207985.380 23682 27638 0.856864
207992.208 23683 27639 0.856869
207992.935 23684 27640 0.856874
207999.089 23685 27641 0.856879
208000.793 23686 27642 0.856884
208006.216 23687 27643 0.856890
208007.907 23688 27644 0.856895
208011.353 23689 27645 0.856900
208013.194 23690 27646 0.856905
208014.869 23690 27647 0.856874
208017.439 23691 27648 0.856879
208019.019 23692 27649 0.856885
208020.064 23693 27650 0.856890
208024.698 23694 27651 0.856895
208025.971 23695 27652 0.856900
208027.935 23696 27653 0.856905
208031.675 23696 27654 0.856874
208033.483 23697 27655 0.856879
208039.072 23698 27656 0.856885
208040.974 23699 27657 0.856890
208046.538 23700 27658 0.856895
208048.357 23700 27659 0.856864
208057.547 23701 27660 0.856869
208066.818 23701 27661 0.856838
208068.327 23702 27662 0.856843
208075.759 23703 27663 0.856848
208083.691 23704 27664 0.856854
208084.422 23705 27665 0.856859
208090.919 23706 27666 0.856864
208091.818 23707 27667 0.856869
208098.270 23708 27668 0.856874
208099.251 23708 27669 0.856843
208101.901 23709 27670 0.856849
208105.954 23710 27671 0.856854
208109.277 23711 27672 0.856859
208114.219 23711 27673 0.856828
208117.000 23712 27674 0.856833
208120.426 23713 27675 0.856838
208123.906 23714 27676 0.856843
208128.336 23715 27677 0.856849
208131.416 23716 27678 0.856854
208135.340 23716 27679 0.856823
208138.389 23716 27680 0.856792
208152.641 23717 27681 0.856797
208160.006 23718 27682 0.856802
208167.109 23718 27683 0.856771
208167.747 23719 27684 0.856776
208175.658 23720 27685 0.856782
208183.443 23721 27686 0.856787
208188.628 23722 27687 0.856792
208190.686 23723 27688 0.856797
208192.253 23724 27689 0.856802
208196.097 23725 27690 0.856808
208197.955 23726 27691 0.856813
208200.051 23726 27692 0.856782
208203.264 23727 27693 0.856787
208205.548 23728 27694 0.856792
208210.559 23729 27695 0.856797
208216.107 23729 27696 0.856766
208218.215 23730 27697 0.856771
208220.700 23730 27698 0.856741
208225.683 23731 27699 0.856746
208233.272 23732 27700 0.856751
208240.381 23733 27701 0.856756
208247.583 23734 27702 0.856761
208253.009 23735 27703 0.856766
208255.057 23736 27704 0.856772
208260.503 23737 27705 0.856777
208262.593 23738 27706 0.856782
208267.545 23739 27707 0.856787
208269.863 23739 27708 0.856756
208270.144 23740 27709 0.856761
208274.304 23741 27710 0.856767
208274.747 23742 27711 0.856772
208277.067 23743 27712 0.856777
208281.777 23744 27713 0.856782
208282.564 23745 27714 0.856787
208285.092 23746 27715 0.856792
208289.473 23747 27716 0.856798
208289.991 23748 27717 0.856803
208292.631 23749 27718 0.856808
208297.420 23750 27719 0.856813
208297.474 23750 27720 0.856782
208299.921 23750 27721 0.856751
208305.238 23751 27722 0.856756
208312.525 23752 27723 0.856762
208320.179 23752 27724 0.856731
208324.432 23753 27725 0.856736
208332.008 23753 27726 0.856705
208351.086 23754 27727 0.856710
208354.231 23755 27728 0.856715
208358.461 23756 27729 0.856720
208362.008 23757 27730 0.856726
208365.984 23758 27731 0.856731
208369.352 23759 27732 0.856736
208373.390 23760 27733 0.856741
208374.073 23761 27734 0.856746
208377.816 23762 27735 0.856751
208380.692 23762 27736 0.856721
208381.654 23763 27737 0.856726
208384.790 23764 27738 0.856731
208385.465 23765 27739 0.856736
208389.320 23766 27740 0.856741
208392.264 23767 27741 0.856746
208393.532 23768 27742 0.856751
208396.738 23769 27743 0.856757
208399.915 23770 27744 0.856762
208400.605 23770 27745 0.856731
208403.708 23770 27746 0.856700
208407.455 23771 27747 0.856705
208414.877 23772 27748 0.856710
208421.808 23773 27749 0.856716
208429.282 23774 27750 0.856721
208435.458 23775 27751 0.856726
208436.723 23776 27752 0.856731
208442.363 23777 27753 0.856736
208444.112 23778 27754 0.856741
208451.991 23779 27755 0.856747
208453.828 23780 27756 0.856752
208455.589 23781 27757 0.856757
208457.760 23782 27758 0.856762
208459.008 23783 27759 0.856767
208461.705 23784 27760 0.856772
208463.102 23785 27761 0.856777
208465.341 23786 27762 0.856783
208466.591 23787 27763 0.856788
208469.286 23788 27764 0.856793
208470.604 23789 27765 0.856798
208473.619 23790 27766 0.856803
208476.953 23791 27767 0.856808
208478.521 23791 27768 0.856778
208481.373 23792 27769 0.856783
208483.921 23793 27770 0.856788
208484.145 23794 27771 0.856793
208489.051 23795 27772 0.856798
208491.256 23795 27773 0.856767
208491.663 23796 27774 0.856773
208496.159 23797 27775 0.856778
208499.078 23798 27776 0.856783
208503.705 23799 27777 0.856788
208510.695 23800 27778 0.856793
208514.515 23801 27779 0.856798
208518.298 23802 27780 0.856803
208521.367 23803 27781 0.856809
208525.897 23804 27782 0.856814
208528.748 23805 27783 0.856819
208533.448 23806 27784 0.856824
208534.335 23807 27785 0.856829
208536.073 23807 27786 0.856798
208541.064 23808 27787 0.856804
208542.195 23808 27788 0.856773
208544.812 23809 27789 0.856778
208548.542 23810 27790 0.856783
208552.497 23811 27791 0.856788
208556.205 23812 27792 0.856793
208560.431 23813 27793 0.856798
208563.490 23814 27794 0.856804
208567.688 23814 27795 0.856773
208570.377 23814 27796 0.856742
208588.867 23815 27797 0.856747
208596.035 23816 27798 0.856752
208596.479 23817 27799 0.856757
208603.225 23818 27800 0.856763
208604.026 23819 27801 0.856768
208610.774 23820 27802 0.856773
208611.781 23821 27803 0.856778
208618.211 23822 27804 0.856783
208619.828 23823 27805 0.856788
208620.778 23824 27806 0.856793
208625.017 23825 27807 0.856799
208625.241 23826 27808 0.856804
208627.423 23826 27809 0.856773
208628.272 23827 27810 0.856778
208632.855 23828 27811 0.856783
208632.995 23829 27812 0.856788
208636.027 23830 27813 0.856794
208640.347 23831 27814 0.856799
208640.553 23832 27815 0.856804
208643.949 23833 27816 0.856809
208647.342 23834 27817 0.856814
208648.149 23835 27818 0.856819
208651.484 23835 27819 0.856789
208654.975 23836 27820 0.856794
208659.256 23837 27821 0.856799
208662.453 23838 27822 0.856804
208666.738 23839 27823 0.856809
208670.024 23840 27824 0.856814
208674.195 23841 27825 0.856819
208677.958 23841 27826 0.856789
208681.584 23842 27827 0.856794
208682.028 23843 27828 0.856799
208689.174 23844 27829 0.856804
208689.809 23845 27830 0.856809
208696.277 23846 27831 0.856814
208697.241 23847 27832 0.856819
208703.622 23848 27833 0.856825
208704.600 23849 27834 0.856830
208704.791 23850 27835 0.856835
208712.346 23851 27836 0.856840
208712.423 23852 27837 0.856845
208720.182 23853 27838 0.856850
208721.078 23854 27839 0.856855
208727.190 23855 27840 0.856861
208727.952 23856 27841 0.856866
208728.317 23857 27842 0.856871
208730.171 23857 27843 0.856840
208735.083 23858 27844 0.856845
208735.594 23859 27845 0.856850
208735.767 23860 27846 0.856856
208743.285 23861 27847 0.856861
208743.374 23862 27848 0.856866
208743.516 23863 27849 0.856871
208750.400 23863 27850 0.856840
208750.608 23864 27851 0.856845
208750.907 23865 27852 0.856850
208758.864 23865 27853 0.856820
208762.556 23866 27854 0.856825
208769.498 23867 27855 0.856830
208776.751 23868 27856 0.856835
208782.938 23869 27857 0.856840
208783.549 23870 27858 0.856845
208789.874 23871 27859 0.856851
208790.528 23871 27860 0.856820
208797.484 23871 27861 0.856789
208804.201 23872 27862 0.856794
208811.412 23873 27863 0.856799
208814.445 23874 27864 0.856804
208818.946 23875 27865 0.856810
208821.698 23875 27866 0.856779
208826.525 23876 27867 0.856784
208833.768 23876 27868 0.856753
208844.664 23877 27869 0.856758
208851.982 23878 27870 0.856764
208852.112 23878 27871 0.856733
208859.557 23879 27872 0.856738
208867.280 23880 27873 0.856743
208874.741 23881 27874 0.856748
208875.858 23882 27875 0.856753
208882.336 23883 27876 0.856759
208883.168 23883 27877 0.856728
208887.557 23883 27878 0.856697
208889.789 23884 27879 0.856702
208897.289 23885 27880 0.856707
208904.230 23886 27881 0.856712
208905.250 23886 27882 0.856682
208911.982 23887 27883 0.856687
208919.597 23888 27884 0.856692
208926.648 23889 27885 0.856697
208935.583 23890 27886 0.856702
208936.610 23890 27887 0.856672
208940.932 23890 27888 0.856641
208942.748 23891 27889 0.856646
208949.614 23891 27890 0.856615
208958.075 23892 27891 0.856620
208964.850 23893 27892 0.856626
208971.852 23894 27893 0.856631
208978.713 23895 27894 0.856636
208986.300 23896 27895 0.856641
208989.643 23897 27896 0.856646
208993.681 23898 27897 0.856651
208994.400 23899 27898 0.856656
208997.448 23900 27899 0.856662
209000.808 23901 27900 0.856667
209001.758 23902 27901 0.856672
209003.227 23903 27902 0.856677
209004.875 23904 27903 0.856682
209008.170 23904 27904 0.856651
209009.510 23905 27905 0.856657
209010.973 23906 27906 0.856662
209012.487 23907 27907 0.856667
209017.339 23908 27908 0.856672
209018.578 23909 27909 0.856677
209020.291 23910 27910 0.856682
209025.307 23910 27911 0.856651
209026.188 23911 27912 0.856657
209027.857 23911 27913 0.856626
209033.646 23912 27914 0.856631
209040.909 23913 27915 0.856636
209048.563 23914 27916 0.856641
209057.195 23915 27917 0.856646
209062.769 23916 27918 0.856652
209064.434 23917 27919 0.856657
209070.331 23918 27920 0.856662
209072.961 23919 27921 0.856667
209078.571 23920 27922 0.856672
209080.603 23921 27923 0.856677
209080.715 23922 27924 0.856682
209081.686 23923 27925 0.856688
209085.515 23923 27926 0.856657
209087.908 23924 27927 0.856662
209088.073 23925 27928 0.856667
209088.782 23925 27929 0.856636
209095.114 23926 27930 0.856642
209095.562 23927 27931 0.856647
209102.801 23928 27932 0.856652
209110.136 23929 27933 0.856657
209118.162 23930 27934 0.856662
209125.466 23931 27935 0.856667
209132.295 23931 27936 0.856637
209134.816 23932 27937 0.856642
209137.933 23933 27938 0.856647
209142.307 23934 27939 0.856652
209142.636 23935 27940 0.856657
209145.656 23936 27941 0.856662
209149.354 23937 27942 0.856667
209150.106 23938 27943 0.856673
209153.409 23939 27944 0.856678
209156.961 23940 27945 0.856683
209157.681 23940 27946 0.856652
209160.395 23940 27947 0.856621
209164.471 23941 27948 0.856627
209172.266 23941 27949 0.856596
209185.773 23942 27950 0.856601
209193.246 23943 27951 0.856606
209200.798 23944 27952 0.856611
209207.676 23945 27953 0.856616
209211.756 23946 27954 0.856622
209213.588 23947 27955 0.856627
209216.559 23947 27956 0.856596
209218.819 23948 27957 0.856601
209220.590 23949 27958 0.856606
209225.802 23949 27959 0.856576
209227.056 23950 27960 0.856581
209228.306 23951 27961 0.856586
209234.575 23952 27962 0.856591
209236.675 23953 27963 0.856596
209241.908 23954 27964 0.856601
209244.142 23955 27965 0.856606
209249.149 23956 27966 0.856612
209251.717 23957 27967 0.856617
209256.323 23958 27968 0.856622
209259.368 23959 27969 0.856627
209263.576 23960 27970 0.856632
209266.458 23961 27971 0.856637
209269.888 23962 27972 0.856642
209270.837 23962 27973 0.856612
209273.486 23963 27974 0.856617
209277.347 23964 27975 0.856622
209278.618 23965 27976 0.856627
209281.071 23966 27977 0.856632
209284.980 23966 27978 0.856602
209285.601 23967 27979 0.856607
209288.164 23968 27980 0.856612
209293.201 23969 27981 0.856617
209295.628 23970 27982 0.856622
209303.185 23971 27983 0.856627
209309.947 23972 27984 0.856632
209316.819 23973 27985 0.856637
209321.364 23974 27986 0.856643
209323.226 23975 27987 0.856648
209323.877 23975 27988 0.856617
209329.086 23976 27989 0.856622
209330.789 23977 27990 0.856627
209337.175 23978 27991 0.856632
209337.943 23979 27992 0.856638
209338.615 23980 27993 0.856643
209344.580 23981 27994 0.856648
209344.746 23982 27995 0.856653
209346.137 23982 27996 0.856622
209351.595 23983 27997 0.856627
209352.107 23984 27998 0.856633
209358.647 23985 27999 0.856638
209359.826 23985 28000 0.856607
209366.251 23986 28001 0.856612
209373.786 23987 28002 0.856617
209377.301 23988 28003 0.856623
209380.824 23989 28004 0.856628
209384.457 23989 28005 0.856597
209388.598 23990 28006 0.856602
209398.401 23991 28007 0.856607
209399.084 23992 28008 0.856612
209406.401 23993 28009 0.856618
209406.860 23993 28010 0.856587
209411.935 23994 28011 0.856592
209414.247 23994 28012 0.856561
209419.627 23995 28013 0.856567
209427.169 23996 28014 0.856572
209434.084 23997 28015 0.856577
209438.584 23998 28016 0.856582
209441.517 23999 28017 0.856587
209446.497 24000 28018 0.856592
209449.145 24001 28019 0.856597
209454.092 24001 28020 0.856567
209457.713 24002 28021 0.856572
209459.181 24003 28022 0.856577
209464.940 24004 28023 0.856582
209466.761 24005 28024 0.856587
209467.845 24005 28025 0.856557
209473.192 24006 28026 0.856562
209474.399 24007 28027 0.856567
209480.919 24008 28028 0.856572
209481.921 24009 28029 0.856577
209488.241 24010 28030 0.856582
209488.911 24011 28031 0.856587
209496.113 24012 28032 0.856592
209496.334 24012 28033 0.856562
209503.548 24012 28034 0.856531
209507.974 24013 28035 0.856536
209515.266 24014 28036 0.856542
209520.955 24015 28037 0.856547
209522.221 24016 28038 0.856552
209528.014 24017 28039 0.856557
209535.606 24018 28040 0.856562
209543.124 24019 28041 0.856567
209548.919 24020 28042 0.856572
209550.127 24021 28043 0.856577
209556.374 24022 28044 0.856583
209557.560 24023 28045 0.856588
209558.268 24024 28046 0.856593
209564.004 24025 28047 0.856598
209564.477 24026 28048 0.856603
209565.878 24027 28049 0.856608
209569.602 24028 28050 0.856613
209571.047 24029 28051 0.856618
209571.661 24029 28052 0.856588
209573.743 24030 28053 0.856593
209577.074 24031 28054 0.856598
209578.549 24032 28055 0.856603
209580.678 24033 28056 0.856608
209584.310 24034 28057 0.856613
209585.489 24035 28058 0.856618
209588.253 24036 28059 0.856624
209592.008 24037 28060 0.856629
209593.156 24038 28061 0.856634
209595.906 24039 28062 0.856639
209599.640 24040 28063 0.856644
209600.339 24041 28064 0.856649
209603.593 24042 28065 0.856654
209606.783 24043 28066 0.856659
209607.613 24044 28067 0.856664
209610.712 24045 28068 0.856670
209614.223 24046 28069 0.856675
209614.373 24047 28070 0.856680
209618.360 24048 28071 0.856685
209621.053 24048 28072 0.856654
209621.185 24049 28073 0.856659
209625.412 24050 28074 0.856665
209625.820 24051 28075 0.856670
209628.316 24052 28076 0.856675
209632.629 24052 28077 0.856644
209633.349 24053 28078 0.856649
209635.994 24054 28079 0.856654
209640.404 24055 28080 0.856660
209647.075 24055 28081 0.856629
209648.034 24056 28082 0.856634
209655.915 24057 28083 0.856639
209662.999 24058 28084 0.856644
209672.544 24058 28085 0.856614
209674.898 24059 28086 0.856619
209682.479 24060 28087 0.856624
209687.615 24061 28088 0.856629
209689.423 24062 28089 0.856634
209695.187 24063 28090 0.856639
209699.794 24063 28091 0.856609
209702.204 24064 28092 0.856614
209702.250 24065 28093 0.856619
209709.897 24066 28094 0.856624
209709.977 24067 28095 0.856629
209717.281 24068 28096 0.856634
209717.554 24069 28097 0.856639
209724.750 24070 28098 0.856645
209724.992 24071 28099 0.856650
209725.253 24072 28100 0.856655
209731.815 24072 28101 0.856624
209732.386 24073 28102 0.856629
209732.692 24073 28103 0.856599
209739.556 24074 28104 0.856604
209752.904 24074 28105 0.856574
209768.819 24075 28106 0.856579
209775.874 24076 28107 0.856584
209782.888 24077 28108 0.856589
209785.214 24078 28109 0.856594
209785.980 24079 28110 0.856599
209789.936 24080 28111 0.856604
209792.756 24081 28112 0.856609
209793.076 24082 28113 0.856614
209796.935 24083 28114 0.856619
209800.198 24084 28115 0.856625
209802.963 24085 28116 0.856630
209803.926 24086 28117 0.856635
209807.834 24087 28118 0.856640
209808.326 24088 28119 0.856645
209810.604 24089 28120 0.856650
209811.485 24090 28121 0.856655
209815.713 24091 28122 0.856660
209815.994 24092 28123 0.856665
209818.443 24093 28124 0.856670
209818.555 24093 28125 0.856640
209823.190 24094 28126 0.856645
209823.752 24095 28127 0.856650
209826.188 24096 28128 0.856655
209830.331 24097 28129 0.856660
209831.496 24098 28130 0.856665
209833.226 24099 28131 0.856671
209837.800 24100 28132 0.856676
209838.918 24101 28133 0.856681
209840.563 24102 28134 0.856686
209845.248 24103 28135 0.856691
209846.461 24104 28136 0.856696
209847.489 24105 28137 0.856701
209852.773 24105 28138 0.856671
209854.134 24106 28139 0.856676
209855.343 24106 28140 0.856645
209862.332 24107 28141 0.856650
209870.840 24108 28142 0.856656
209871.819 24109 28143 0.856661
209877.976 24110 28144 0.856666
209879.487 24111 28145 0.856671
209885.995 24112 28146 0.856676
209887.113 24113 28147 0.856681
209893.592 24113 28148 0.856651
209895.401 24114 28149 0.856656
209902.823 24115 28150 0.856661
209906.237 24116 28151 0.856666
209910.334 24117 28152 0.856671
209911.217 24118 28153 0.856676
209913.945 24118 28154 0.856646
209917.309 24119 28155 0.856651
209918.970 24119 28156 0.856620
209924.458 24119 28157 0.856590
209946.935 24120 28158 0.856595
209954.429 24121 28159 0.856600
209961.394 24122 28160 0.856605
209967.081 24123 28161 0.856610
209968.848 24124 28162 0.856615
209971.901 24125 28163 0.856620
209974.157 24126 28164 0.856625
209976.986 24127 28165 0.856631
209977.664 24128 28166 0.856636
209979.474 24129 28167 0.856641
209981.734 24130 28168 0.856646
209984.031 24131 28169 0.856651
209984.600 24132 28170 0.856656
209989.063 24133 28171 0.856661
209989.433 24134 28172 0.856666
209991.557 24135 28173 0.856671
209997.046 24136 28174 0.856676
209997.175 24137 28175 0.856681
209998.599 24137 28176 0.856651
210000.486 24138 28177 0.856656
210004.630 24139 28178 0.856661
210005.065 24140 28179 0.856666
210007.505 24141 28180 0.856671
210012.330 24142 28181 0.856676
210012.751 24143 28182 0.856682
210015.268 24144 28183 0.856687
210019.642 24145 28184 0.856692
210020.139 24145 28185 0.856661
210022.968 24146 28186 0.856666
210026.597 24147 28187 0.856672
210030.497 24148 28188 0.856677
210033.565 24149 28189 0.856682
210037.505 24150 28190 0.856687
210040.879 24150 28191 0.856656
210045.033 24151 28192 0.856661
210052.498 24152 28193 0.856667
210052.507 24153 28194 0.856672
210059.316 24154 28195 0.856677
210060.202 24155 28196 0.856682
210066.400 24156 28197 0.856687
210067.118 24157 28198 0.856692
210073.431 24158 28199 0.856697
210073.868 24159 28200 0.856702
210075.148 24160 28201 0.856707
210081.246 24161 28202 0.856712
210081.507 24162 28203 0.856717
210082.600 24163 28204 0.856722
210088.263 24163 28205 0.856692
210088.658 24164 28206 0.856697
210090.171 24165 28207 0.856702
210094.692 24165 28208 0.856672
210095.563 24166 28209 0.856677
210097.588 24167 28210 0.856682
210102.715 24168 28211 0.856687
210105.009 24169 28212 0.856692
210110.152 24170 28213 0.856697
210112.911 24171 28214 0.856702
210117.252 24172 28215 0.856707
210121.615 24173 28216 0.856713
210124.868 24174 28217 0.856718
210129.153 24174 28218 0.856687
210132.404 24175 28219 0.856692
210139.510 24176 28220 0.856697
210141.044 24177 28221 0.856702
210147.340 24178 28222 0.856708
210148.073 24179 28223 0.856713
210148.237 24180 28224 0.856718
210154.951 24180 28225 0.856687
210155.548 24180 28226 0.856657
210155.863 24180 28227 0.856627
210183.277 24181 28228 0.856632
210190.888 24182 28229 0.856637
210197.879 24183 28230 0.856642
210204.837 24184 28231 0.856647
210207.925 24185 28232 0.856652
210209.407 24185 28233 0.856622
210210.013 24186 28234 0.856627
210215.758 24187 28235 0.856632
210217.181 24188 28236 0.856637
210221.281 24189 28237 0.856642
210223.617 24190 28238 0.856647
210224.852 24191 28239 0.856652
210229.148 24192 28240 0.856657
210231.768 24193 28241 0.856662
210232.612 24193 28242 0.856632
210236.401 24194 28243 0.856637
210239.386 24195 28244 0.856642
210244.308 24196 28245 0.856647
210247.004 24197 28246 0.856652
210252.248 24197 28247 0.856622
210254.534 24198 28248 0.856627
210261.825 24199 28249 0.856632
210262.557 24200 28250 0.856637
210269.343 24200 28251 0.856607
210270.044 24201 28252 0.856612
210277.328 24202 28253 0.856617
210284.441 24203 28254 0.856622
210286.324 24204 28255 0.856627
210291.984 24205 28256 0.856632
210293.360 24206 28257 0.856637
210299.719 24207 28258 0.856642
210301.082 24207 28259 0.856612
210306.409 24208 28260 0.856617
210307.545 24209 28261 0.856622
210314.337 24210 28262 0.856627
210315.272 24211 28263 0.856632
210322.229 24212 28264 0.856637
210322.524 24213 28265 0.856642
210323.371 24214 28266 0.856648
210329.192 24215 28267 0.856653
210329.895 24216 28268 0.856658
210332.863 24217 28269 0.856663
210336.605 24218 28270 0.856668
210337.860 24219 28271 0.856673
210339.833 24220 28272 0.856678
210343.509 24221 28273 0.856683
210345.437 24222 28274 0.856688
210347.485 24223 28275 0.856693
210350.582 24224 28276 0.856698
210352.967 24225 28277 0.856703
210354.327 24226 28278 0.856708
210355.047 24227 28279 0.856713
210358.263 24228 28280 0.856719
210360.545 24229 28281 0.856724
210361.926 24230 28282 0.856729
210362.784 24230 28283 0.856698
210365.745 24231 28284 0.856703
210367.695 24232 28285 0.856709
210369.561 24233 28286 0.856714
210373.265 24234 28287 0.856719
210375.270 24235 28288 0.856724
210377.333 24236 28289 0.856729
210380.679 24237 28290 0.856734
210382.826 24238 28291 0.856739
210384.959 24239 28292 0.856744
210387.681 24239 28293 0.856714
210389.711 24240 28294 0.856719
210391.940 24240 28295 0.856688
210397.416 24241 28296 0.856694
210404.521 24242 28297 0.856699
210412.141 24243 28298 0.856704
210416.513 24244 28299 0.856709
210419.579 24245 28300 0.856714
210423.683 24246 28301 0.856719
210426.877 24247 28302 0.856724
210434.670 24248 28303 0.856729
210435.732 24249 28304 0.856734
210441.488 24250 28305 0.856739
210442.244 24251 28306 0.856744
210443.415 24252 28307 0.856749
210445.287 24253 28308 0.856754
210449.074 24253 28309 0.856724
210449.904 24254 28310 0.856729
210450.794 24255 28311 0.856734
210452.586 24256 28312 0.856739
210457.595 24257 28313 0.856744
210458.602 24258 28314 0.856749
210464.066 24259 28315 0.856754
210465.319 24259 28316 0.856724
210466.110 24260 28317 0.856729
210471.578 24261 28318 0.856734
210473.053 24261 28319 0.856704
210480.067 24261 28320 0.856674
210505.110 24262 28321 0.856679
210512.373 24263 28322 0.856684
210518.819 24264 28323 0.856689
210519.287 24264 28324 0.856659
210526.144 24265 28325 0.856664
210526.512 24266 28326 0.856669
210533.092 24267 28327 0.856674
210534.333 24268 28328 0.856679
210535.667 24268 28329 0.856649
210540.460 24269 28330 0.856654
210541.505 24270 28331 0.856659
210548.147 24271 28332 0.856664
210548.899 24272 28333 0.856669
210556.623 24273 28334 0.856674
210563.657 24274 28335 0.856679
210567.741 24275 28336 0.856684
210571.211 24276 28337 0.856689
210574.239 24277 28338 0.856694
210575.435 24277 28339 0.856664
210578.824 24278 28340 0.856669
210582.102 24279 28341 0.856674
210586.012 24279 28342 0.856644
210589.887 24280 28343 0.856649
210589.998 24281 28344 0.856654
210597.572 24282 28345 0.856659
210597.668 24283 28346 0.856664
210605.072 24284 28347 0.856669
210605.327 24285 28348 0.856674
210612.101 24285 28349 0.856644
210612.391 24286 28350 0.856649
210619.465 24287 28351 0.856654
210627.201 24288 28352 0.856659
210627.504 24289 28353 0.856664
210634.790 24290 28354 0.856669
210635.266 24291 28355 0.856674
210639.962 24292 28356 0.856679
210642.325 24293 28357 0.856684
210642.917 24294 28358 0.856689
210647.572 24295 28359 0.856695
210650.507 24295 28360 0.856664
210650.883 24296 28361 0.856669
210655.374 24296 28362 0.856639
210658.157 24297 28363 0.856644
210664.265 24298 28364 0.856649
210665.573 24299 28365 0.856654
210672.234 24300 28366 0.856659
210673.145 24301 28367 0.856664
210679.972 24301 28368 0.856634
210680.755 24302 28369 0.856639
210688.466 24302 28370 0.856609
210705.756 24303 28371 0.856614
210710.664 24304 28372 0.856619
210713.604 24305 28373 0.856624
210717.705 24306 28374 0.856629
210724.746 24307 28375 0.856634
210725.229 24308 28376 0.856639
210731.884 24309 28377 0.856644
210731.891 24310 28378 0.856650
210733.069 24311 28379 0.856655
210739.519 24312 28380 0.856660
210739.688 24313 28381 0.856665
210740.799 24314 28382 0.856670
210742.595 24315 28383 0.856675
210746.931 24316 28384 0.856680
210747.078 24317 28385 0.856685
210748.499 24317 28386 0.856655
210749.676 24317 28387 0.856625
210754.297 24318 28388 0.856630
210761.505 24319 28389 0.856635
210769.300 24320 28390 0.856640
210776.276 24321 28391 0.856645
210783.851 24322 28392 0.856650
210791.468 24323 28393 0.856655
210795.055 24323 28394 0.856625
210799.024 24323 28395 0.856594
210802.230 24324 28396 0.856600
210804.156 24325 28397 0.856605
210809.695 24326 28398 0.856610
210811.185 24327 28399 0.856615
210817.361 24328 28400 0.856620
210818.957 24329 28401 0.856625
210824.843 24330 28402 0.856630
210826.567 24331 28403 0.856635
210832.496 24332 28404 0.856640
210834.328 24333 28405 0.856645
210839.788 24334 28406 0.856650
210847.425 24335 28407 0.856655
210847.951 24336 28408 0.856660
210852.888 24337 28409 0.856665
210854.413 24338 28410 0.856670
210855.362 24339 28411 0.856675
210855.629 24340 28412 0.856680
210859.966 24341 28413 0.856685
210861.524 24342 28414 0.856690
210862.390 24343 28415 0.856695
210863.536 24344 28416 0.856700
210869.203 24345 28417 0.856705
210869.589 24346 28418 0.856711
210870.814 24347 28419 0.856716
210871.595 24347 28420 0.856685
210877.060 24347 28421 0.856655
210877.430 24347 28422 0.856625
210877.798 24348 28423 0.856630
210885.159 24349 28424 0.856635
210892.507 24350 28425 0.856640
210905.520 24351 28426 0.856645
210912.537 24352 28427 0.856650
210919.916 24352 28428 0.856620
210925.665 24353 28429 0.856625
210930.506 24354 28430 0.856630
210930.625 24355 28431 0.856635
210933.024 24356 28432 0.856640
210938.111 24357 28433 0.856645
210938.484 24358 28434 0.856650
210940.005 24359 28435 0.856656
210945.165 24360 28436 0.856661
210946.651 24361 28437 0.856666
210947.166 24362 28438 0.856671
210952.706 24363 28439 0.856676
210954.095 24364 28440 0.856681
210954.272 24365 28441 0.856686
210959.856 24365 28442 0.856656
210961.444 24366 28443 0.856661
210961.880 24367 28444 0.856666
210968.996 24368 28445 0.856671
210969.401 24369 28446 0.856676
210973.666 24369 28447 0.856646
210976.697 24370 28448 0.856651
210976.934 24370 28449 0.856621
210983.933 24371 28450 0.856626
210991.315 24372 28451 0.856631
210998.326 24373 28452 0.856636
211005.813 24373 28453 0.856606
211012.854 24374 28454 0.856611
211019.755 24375 28455 0.856616
211026.735 24375 28456 0.856586
211028.774 24376 28457 0.856591
211031.849 24376 28458 0.856561
211036.201 24377 28459 0.856566
211043.161 24378 28460 0.856571
211058.012 24379 28461 0.856576
211065.789 24380 28462 0.856581
211073.459 24381 28463 0.856586
211081.123 24382 28464 0.856591
211084.011 24383 28465 0.856596
211087.272 24384 28466 0.856601
211088.722 24385 28467 0.856606
211090.984 24386 28468 0.856611
211091.666 24387 28469 0.856616
211094.881 24388 28470 0.856621
211096.613 24389 28471 0.856626
211098.589 24390 28472 0.856631
211099.555 24391 28473 0.856636
211102.841 24392 28474 0.856641
211104.378 24393 28475 0.856646
211105.727 24394 28476 0.856651
211107.318 24395 28477 0.856656
211110.403 24396 28478 0.856661
211112.003 24397 28479 0.856666
211113.313 24398 28480 0.856671
211115.288 24399 28481 0.856676
211117.446 24400 28482 0.856681
211119.899 24401 28483 0.856686
211120.877 24402 28484 0.856691
211122.650 24403 28485 0.856697
211127.837 24404 28486 0.856702
211128.044 24405 28487 0.856707
211129.983 24405 28488 0.856676
211135.684 24406 28489 0.856682
211135.874 24406 28490 0.856651
211143.073 24406 28491 0.856621
211147.569 24407 28492 0.856626
211155.165 24408 28493 0.856631
211162.902 24409 28494 0.856636
211170.434 24410 28495 0.856642
211177.741 24411 28496 0.856647
211184.782 24412 28497 0.856652
211185.150 24413 28498 0.856657
211190.384 24414 28499 0.856662
211192.537 24415 28500 0.856667
211192.681 24416 28501 0.856672
211196.740 24417 28502 0.856677
211198.114 24418 28503 0.856682
211200.055 24419 28504 0.856687
211200.462 24420 28505 0.856692
211203.744 24421 28506 0.856697
211205.691 24422 28507 0.856702
211207.672 24423 28508 0.856707
211208.085 24423 28509 0.856677
211210.843 24424 28510 0.856682
211213.239 24425 28511 0.856687
211214.585 24426 28512 0.856692
211218.888 24427 28513 0.856697
211220.500 24428 28514 0.856702
211221.698 24429 28515 0.856707
211226.002 24430 28516 0.856712
211228.109 24431 28517 0.856717
211229.106 24432 28518 0.856722
211233.881 24433 28519 0.856727
211235.134 24434 28520 0.856732
211236.373 24435 28521 0.856737
211240.933 24436 28522 0.856742
211242.778 24437 28523 0.856747
211243.571 24438 28524 0.856752
211248.628 24439 28525 0.856757
211249.763 24440 28526 0.856762
211257.384 24441 28527 0.856767
211261.542 24442 28528 0.856772
211264.944 24443 28529 0.856777
211268.057 24444 28530 0.856782
211269.855 24445 28531 0.856787
211272.568 24445 28532 0.856757
211275.252 24446 28533 0.856762
211277.633 24447 28534 0.856767
211282.868 24448 28535 0.856772
211284.743 24449 28536 0.856777
211289.954 24450 28537 0.856782
211291.810 24451 28538 0.856787
211291.812 24451 28539 0.856757
211297.730 24452 28540 0.856762
211300.775 24452 28541 0.856732
211304.840 24453 28542 0.856737
211312.595 24454 28543 0.856742
211320.356 24455 28544 0.856747
211326.302 24456 28545 0.856752
211327.918 24457 28546 0.856758
211333.711 24458 28547 0.856763
211335.485 24458 28548 0.856733
211341.026 24459 28549 0.856738
211346.449 24460 28550 0.856743
211348.354 24461 28551 0.856748
211354.042 24462 28552 0.856753
211354.638 24463 28553 0.856758
211356.028 24464 28554 0.856763
211361.560 24465 28555 0.856768
211362.666 24465 28556 0.856738
211363.171 24466 28557 0.856743
211369.083 24467 28558 0.856748
211370.958 24468 28559 0.856753
211376.738 24468 28560 0.856723
211378.537 24469 28561 0.856728
211388.168 24470 28562 0.856733
211396.197 24471 28563 0.856738
211403.608 24472 28564 0.856743
211406.726 24473 28565 0.856748
211411.252 24474 28566 0.856753
211414.488 24474 28567 0.856723
211416.323 24475 28568 0.856728
211419.225 24476 28569 0.856733
211423.943 24477 28570 0.856738
211430.630 24477 28571 0.856708
211431.535 24478 28572 0.856713
211438.841 24478 28573 0.856683
211468.870 24479 28574 0.856688
211476.235 24480 28575 0.856693
211483.243 24480 28576 0.856663
211484.473 24481 28577 0.856668
211491.821 24482 28578 0.856673
211492.145 24483 28579 0.856678
211499.299 24484 28580 0.856683
211500.048 24484 28581 0.856653
211506.829 24485 28582 0.856658
211514.712 24486 28583 0.856663
211522.325 24487 28584 0.856668
211530.090 24488 28585 0.856673
211535.594 24489 28586 0.856678
211538.011 24490 28587 0.856683
211543.354 24491 28588 0.856688
211545.704 24491 28589 0.856658
211550.648 24492 28590 0.856663
211553.876 24493 28591 0.856668
211557.778 24494 28592 0.856673
211561.067 24495 28593 0.856678
211564.746 24496 28594 0.856683
211568.704 24497 28595 0.856688
211572.258 24498 28596 0.856693
211576.021 24499 28597 0.856698
211579.995 24500 28598 0.856703
211583.432 24501 28599 0.856708
211586.889 24502 28600 0.856713
211594.156 24502 28601 0.856683
211594.987 24502 28602 0.856653
211598.229 24503 28603 0.856658
211605.892 24503 28604 0.856628
211648.251 24504 28605 0.856633
211648.716 24504 28606 0.856604
211655.523 24504 28607 0.856574
211660.506 24505 28608 0.856579
211667.601 24506 28609 0.856584
211675.168 24506 28610 0.856554
211702.903 24507 28611 0.856559
211708.641 24508 28612 0.856564
211710.420 24509 28613 0.856569
211716.221 24510 28614 0.856574
211717.965 24511 28615 0.856579
211723.441 24512 28616 0.856584
211725.642 24513 28617 0.856589
211728.182 24514 28618 0.856594
211730.762 24515 28619 0.856599
211732.667 24516 28620 0.856604
211735.833 24517 28621 0.856609
211739.688 24518 28622 0.856614
211743.322 24519 28623 0.856619
211746.668 24520 28624 0.856624
211750.336 24521 28625 0.856629
211754.235 24522 28626 0.856634
211758.173 24523 28627 0.856639
211761.681 24524 28628 0.856644
211765.985 24525 28629 0.856649
211768.627 24526 28630 0.856654
211775.727 24526 28631 0.856624
211783.927 24527 28632 0.856629
211791.010 24527 28633 0.856599
211834.753 24528 28634 0.856604
211842.490 24529 28635 0.856609
211844.583 24530 28636 0.856614
211850.054 24531 28637 0.856619
211852.736 24531 28638 0.856589
211857.909 24532 28639 0.856594
211865.519 24533 28640 0.856599
211873.379 24534 28641 0.856604
211881.115 24535 28642 0.856609
211888.762 24536 28643 0.856614
211896.551 24536 28644 0.856584
211904.625 24537 28645 0.856589
211911.714 24538 28646 0.856594
211918.714 24539 28647 0.856599
211925.955 24540 28648 0.856604
211941.445 24541 28649 0.856609
211948.566 24542 28650 0.856614
211948.834 24543 28651 0.856619
211955.993 24544 28652 0.856624
211956.266 24545 28653 0.856629
211962.951 24546 28654 0.856634
211963.990 24546 28655 0.856604
211970.531 24547 28656 0.856609
211977.586 24548 28657 0.856614
211984.778 24549 28658 0.856619
211992.185 24550 28659 0.856624
211999.980 24551 28660 0.856629
212007.650 24551 28661 0.856600
212060.995 24552 28662 0.856605
212068.128 24552 28663 0.856575
212125.520 24553 28664 0.856580
212132.316 24554 28665 0.856585
212139.561 24555 28666 0.856590
212146.803 24556 28667 0.856595
212154.077 24557 28668 0.856600
212161.547 24558 28669 0.856605
212168.564 24558 28670 0.856575
212222.271 24559 28671 0.856580
212229.599 24560 28672 0.856585
212236.448 24561 28673 0.856590
212277.064 24562 28674 0.856595
212284.478 24563 28675 0.856600
212291.683 24564 28676 0.856605
212298.875 24565 28677 0.856610
212305.611 24566 28678 0.856615
212313.132 24567 28679 0.856620
212320.412 24568 28680 0.856625
212327.926 24569 28681 0.856630
212335.253 24569 28682 0.856600
212388.589 24570 28683 0.856605
212395.392 24571 28684 0.856610
212402.435 24572 28685 0.856615
212409.355 24572 28686 0.856585
212463.356 24573 28687 0.856590
212470.605 24574 28688 0.856595
212478.025 24574 28689 0.856565
212530.791 24575 28690 0.856570
212538.030 24576 28691 0.856575
212545.040 24577 28692 0.856580
212552.438 24578 28693 0.856585
212560.851 24578 28694 0.856555
212614.021 24579 28695 0.856560
212621.433 24580 28696 0.856565
212628.574 24581 28697 0.856570
212635.858 24582 28698 0.856575
212648.453 24583 28699 0.856580
212655.716 24584 28700 0.856585
212662.930 24585 28701 0.856590
212669.701 24586 28702 0.856595
212676.962 24587 28703 0.856600
212684.049 24588 28704 0.856605
212691.252 24589 28705 0.856610
212698.542 24590 28706 0.856615
212705.849 24591 28707 0.856620
212713.036 24592 28708 0.856625
212720.146 24593 28709 0.856630
212727.382 24594 28710 0.856635
212734.657 24595 28711 0.856640
212766.878 24596 28712 0.856645
212774.268 24597 28713 0.856650
212781.233 24598 28714 0.856655
212788.728 24599 28715 0.856660
212796.235 24600 28716 0.856665
212803.513 24601 28717 0.856670
212810.590 24601 28718 0.856640
212863.072 24602 28719 0.856645
212870.281 24603 28720 0.856650
212876.991 24604 28721 0.856655
212883.663 24605 28722 0.856660
212890.953 24606 28723 0.856665
212898.342 24606 28724 0.856636
212951.416 24607 28725 0.856641
212958.824 24608 28726 0.856646
212965.598 24609 28727 0.856651
212973.049 24610 28728 0.856656
212979.958 24611 28729 0.856661
212988.404 24612 28730 0.856666
212995.156 24613 28731 0.856670
213002.056 24614 28732 0.856675
213009.294 24615 28733 0.856680
213017.026 24616 28734 0.856685
213023.769 24616 28735 0.856656
213076.349 24616 28736 0.856626
213129.800 24617 28737 0.856631
213137.249 24618 28738 0.856636
213144.544 24619 28739 0.856641
213151.816 24620 28740 0.856646
213159.477 24620 28741 0.856616
213212.752 24621 28742 0.856621
213219.984 24622 28743 0.856626
213227.224 24622 28744 0.856596
213280.528 24623 28745 0.856601
213287.244 24624 28746 0.856606
213294.071 24625 28747 0.856611
213301.393 24625 28748 0.856581
